stay_date,room_type,revenue,room_nights,available_room_nights,month,month_number,season,day_type
2023-01-01,Standard,123.290000,2,10,2023-01,1,Winter,Weekday
2023-01-01,Deluxe,182.880000,2,5,2023-01,1,Winter,Weekday
2023-01-01,Family,0.000000,0,3,2023-01,1,Winter,Weekday
2023-01-02,Standard,186.800000,3,10,2023-01,1,Winter,Weekday
2023-01-02,Deluxe,179.950000,2,5,2023-01,1,Winter,Weekday
2023-01-02,Family,0.000000,0,3,2023-01,1,Winter,Weekday
2023-01-03,Standard,186.800000,3,10,2023-01,1,Winter,Weekday
2023-01-03,Deluxe,86.460000,1,5,2023-01,1,Winter,Weekday
2023-01-03,Family,116.970000,1,3,2023-01,1,Winter,Weekday
2023-01-04,Standard,186.800000,3,10,2023-01,1,Winter,Weekday
2023-01-04,Deluxe,86.950000,1,5,2023-01,1,Winter,Weekday
2023-01-04,Family,0.000000,0,3,2023-01,1,Winter,Weekday
2023-01-05,Standard,183.150000,3,10,2023-01,1,Winter,Weekday
2023-01-05,Deluxe,181.630000,2,5,2023-01,1,Winter,Weekday
2023-01-05,Family,0.000000,0,3,2023-01,1,Winter,Weekday
2023-01-06,Standard,254.950000,4,10,2023-01,1,Winter,Weekend
2023-01-06,Deluxe,201.000000,2,5,2023-01,1,Winter,Weekend
2023-01-06,Family,263.480000,2,3,2023-01,1,Winter,Weekend
2023-01-07,Standard,261.240000,4,10,2023-01,1,Winter,Weekend
2023-01-07,Deluxe,303.630000,3,5,2023-01,1,Winter,Weekend
2023-01-07,Family,134.800000,1,3,2023-01,1,Winter,Weekend
2023-01-08,Standard,200.620000,3,10,2023-01,1,Winter,Weekday
2023-01-08,Deluxe,89.220000,1,5,2023-01,1,Winter,Weekday
2023-01-08,Family,134.800000,1,3,2023-01,1,Winter,Weekday
2023-01-09,Standard,141.600000,2,10,2023-01,1,Winter,Weekday
2023-01-09,Deluxe,180.670000,2,5,2023-01,1,Winter,Weekday
2023-01-09,Family,0.000000,0,3,2023-01,1,Winter,Weekday
2023-01-10,Standard,71.080000,1,10,2023-01,1,Winter,Weekday
2023-01-10,Deluxe,95.710000,1,5,2023-01,1,Winter,Weekday
2023-01-10,Family,0.000000,0,3,2023-01,1,Winter,Weekday
2023-01-11,Standard,0.000000,0,10,2023-01,1,Winter,Weekday
2023-01-11,Deluxe,0.000000,0,5,2023-01,1,Winter,Weekday
2023-01-11,Family,0.000000,0,3,2023-01,1,Winter,Weekday
2023-01-12,Standard,126.920000,2,10,2023-01,1,Winter,Weekday
2023-01-12,Deluxe,94.310000,1,5,2023-01,1,Winter,Weekday
2023-01-12,Family,0.000000,0,3,2023-01,1,Winter,Weekday
2023-01-13,Standard,198.560000,3,10,2023-01,1,Winter,Weekend
2023-01-13,Deluxe,0.000000,0,5,2023-01,1,Winter,Weekend
2023-01-13,Family,0.000000,0,3,2023-01,1,Winter,Weekend
2023-01-14,Standard,346.060000,5,10,2023-01,1,Winter,Weekend
2023-01-14,Deluxe,0.000000,0,5,2023-01,1,Winter,Weekend
2023-01-14,Family,129.110000,1,3,2023-01,1,Winter,Weekend
2023-01-15,Standard,271.280000,4,10,2023-01,1,Winter,Weekday
2023-01-15,Deluxe,93.510000,1,5,2023-01,1,Winter,Weekday
2023-01-15,Family,129.110000,1,3,2023-01,1,Winter,Weekday
2023-01-16,Standard,137.550000,2,10,2023-01,1,Winter,Weekday
2023-01-16,Deluxe,93.510000,1,5,2023-01,1,Winter,Weekday
2023-01-16,Family,246.770000,2,3,2023-01,1,Winter,Weekday
2023-01-17,Standard,203.220000,3,10,2023-01,1,Winter,Weekday
2023-01-17,Deluxe,96.660000,1,5,2023-01,1,Winter,Weekday
2023-01-17,Family,231.430000,2,3,2023-01,1,Winter,Weekday
2023-01-18,Standard,262.170000,4,10,2023-01,1,Winter,Weekday
2023-01-18,Deluxe,96.660000,1,5,2023-01,1,Winter,Weekday
2023-01-18,Family,113.770000,1,3,2023-01,1,Winter,Weekday
2023-01-19,Standard,196.390000,3,10,2023-01,1,Winter,Weekday
2023-01-19,Deluxe,91.050000,1,5,2023-01,1,Winter,Weekday
2023-01-19,Family,113.770000,1,3,2023-01,1,Winter,Weekday
2023-01-20,Standard,262.000000,4,10,2023-01,1,Winter,Weekend
2023-01-20,Deluxe,187.100000,2,5,2023-01,1,Winter,Weekend
2023-01-20,Family,0.000000,0,3,2023-01,1,Winter,Weekend
2023-01-21,Standard,349.210000,5,10,2023-01,1,Winter,Weekend
2023-01-21,Deluxe,96.050000,1,5,2023-01,1,Winter,Weekend
2023-01-21,Family,0.000000,0,3,2023-01,1,Winter,Weekend
2023-01-22,Standard,275.320000,4,10,2023-01,1,Winter,Weekday
2023-01-22,Deluxe,96.050000,1,5,2023-01,1,Winter,Weekday
2023-01-22,Family,0.000000,0,3,2023-01,1,Winter,Weekday
2023-01-23,Standard,67.120000,1,10,2023-01,1,Winter,Weekday
2023-01-23,Deluxe,182.540000,2,5,2023-01,1,Winter,Weekday
2023-01-23,Family,0.000000,0,3,2023-01,1,Winter,Weekday
2023-01-24,Standard,129.290000,2,10,2023-01,1,Winter,Weekday
2023-01-24,Deluxe,182.540000,2,5,2023-01,1,Winter,Weekday
2023-01-24,Family,225.180000,2,3,2023-01,1,Winter,Weekday
2023-01-25,Standard,65.380000,1,10,2023-01,1,Winter,Weekday
2023-01-25,Deluxe,172.760000,2,5,2023-01,1,Winter,Weekday
2023-01-25,Family,113.260000,1,3,2023-01,1,Winter,Weekday
2023-01-26,Standard,194.460000,3,10,2023-01,1,Winter,Weekday
2023-01-26,Deluxe,0.000000,0,5,2023-01,1,Winter,Weekday
2023-01-26,Family,113.260000,1,3,2023-01,1,Winter,Weekday
2023-01-27,Standard,267.100000,4,10,2023-01,1,Winter,Weekend
2023-01-27,Deluxe,0.000000,0,5,2023-01,1,Winter,Weekend
2023-01-27,Family,0.000000,0,3,2023-01,1,Winter,Weekend
2023-01-28,Standard,201.720000,3,10,2023-01,1,Winter,Weekend
2023-01-28,Deluxe,411.220000,4,5,2023-01,1,Winter,Weekend
2023-01-28,Family,0.000000,0,3,2023-01,1,Winter,Weekend
2023-01-29,Standard,71.250000,1,10,2023-01,1,Winter,Weekday
2023-01-29,Deluxe,312.620000,3,5,2023-01,1,Winter,Weekday
2023-01-29,Family,0.000000,0,3,2023-01,1,Winter,Weekday
2023-01-30,Standard,0.000000,0,10,2023-01,1,Winter,Weekday
2023-01-30,Deluxe,104.130000,1,5,2023-01,1,Winter,Weekday
2023-01-30,Family,0.000000,0,3,2023-01,1,Winter,Weekday
2023-01-31,Standard,58.740000,1,10,2023-01,1,Winter,Weekday
2023-01-31,Deluxe,0.000000,0,5,2023-01,1,Winter,Weekday
2023-01-31,Family,0.000000,0,3,2023-01,1,Winter,Weekday
2023-02-01,Standard,187.400000,3,10,2023-02,2,Winter,Weekday
2023-02-01,Deluxe,0.000000,0,5,2023-02,2,Winter,Weekday
2023-02-01,Family,118.420000,1,3,2023-02,2,Winter,Weekday
2023-02-02,Standard,187.400000,3,10,2023-02,2,Winter,Weekday
2023-02-02,Deluxe,86.040000,1,5,2023-02,2,Winter,Weekday
2023-02-02,Family,118.420000,1,3,2023-02,2,Winter,Weekday
2023-02-03,Standard,397.550000,6,10,2023-02,2,Winter,Weekend
2023-02-03,Deluxe,206.090000,2,5,2023-02,2,Winter,Weekend
2023-02-03,Family,247.610000,2,3,2023-02,2,Winter,Weekend
2023-02-04,Standard,352.520000,5,10,2023-02,2,Winter,Weekend
2023-02-04,Deluxe,306.550000,3,5,2023-02,2,Winter,Weekend
2023-02-04,Family,247.610000,2,3,2023-02,2,Winter,Weekend
2023-02-05,Standard,210.250000,3,10,2023-02,2,Winter,Weekday
2023-02-05,Deluxe,306.550000,3,5,2023-02,2,Winter,Weekday
2023-02-05,Family,239.330000,2,3,2023-02,2,Winter,Weekday
2023-02-06,Standard,322.400000,5,10,2023-02,2,Winter,Weekday
2023-02-06,Deluxe,200.130000,2,5,2023-02,2,Winter,Weekday
2023-02-06,Family,120.910000,1,3,2023-02,2,Winter,Weekday
2023-02-07,Standard,252.460000,4,10,2023-02,2,Winter,Weekday
2023-02-07,Deluxe,200.130000,2,5,2023-02,2,Winter,Weekday
2023-02-07,Family,236.520000,2,3,2023-02,2,Winter,Weekday
2023-02-08,Standard,244.280000,4,10,2023-02,2,Winter,Weekday
2023-02-08,Deluxe,99.670000,1,5,2023-02,2,Winter,Weekday
2023-02-08,Family,0.000000,0,3,2023-02,2,Winter,Weekday
2023-02-09,Standard,243.320000,4,10,2023-02,2,Winter,Weekday
2023-02-09,Deluxe,99.670000,1,5,2023-02,2,Winter,Weekday
2023-02-09,Family,0.000000,0,3,2023-02,2,Winter,Weekday
2023-02-10,Standard,184.060000,3,10,2023-02,2,Winter,Weekend
2023-02-10,Deluxe,305.930000,3,5,2023-02,2,Winter,Weekend
2023-02-10,Family,139.240000,1,3,2023-02,2,Winter,Weekend
2023-02-11,Standard,64.640000,1,10,2023-02,2,Winter,Weekend
2023-02-11,Deluxe,201.980000,2,5,2023-02,2,Winter,Weekend
2023-02-11,Family,424.490000,3,3,2023-02,2,Winter,Weekend
2023-02-12,Standard,241.830000,4,10,2023-02,2,Winter,Weekday
2023-02-12,Deluxe,378.660000,4,5,2023-02,2,Winter,Weekday
2023-02-12,Family,424.490000,3,3,2023-02,2,Winter,Weekday
2023-02-13,Standard,307.160000,5,10,2023-02,2,Winter,Weekday
2023-02-13,Deluxe,201.980000,2,5,2023-02,2,Winter,Weekday
2023-02-13,Family,282.020000,2,3,2023-02,2,Winter,Weekday
2023-02-14,Standard,178.260000,3,10,2023-02,2,Winter,Weekday
2023-02-14,Deluxe,194.290000,2,5,2023-02,2,Winter,Weekday
2023-02-14,Family,262.680000,2,3,2023-02,2,Winter,Weekday
2023-02-15,Standard,179.980000,3,10,2023-02,2,Winter,Weekday
2023-02-15,Deluxe,91.060000,1,5,2023-02,2,Winter,Weekday
2023-02-15,Family,119.900000,1,3,2023-02,2,Winter,Weekday
2023-02-16,Standard,182.540000,3,10,2023-02,2,Winter,Weekday
2023-02-16,Deluxe,177.650000,2,5,2023-02,2,Winter,Weekday
2023-02-16,Family,0.000000,0,3,2023-02,2,Winter,Weekday
2023-02-17,Standard,321.820000,5,10,2023-02,2,Winter,Weekend
2023-02-17,Deluxe,86.590000,1,5,2023-02,2,Winter,Weekend
2023-02-17,Family,125.020000,1,3,2023-02,2,Winter,Weekend
2023-02-18,Standard,334.700000,5,10,2023-02,2,Winter,Weekend
2023-02-18,Deluxe,97.840000,1,5,2023-02,2,Winter,Weekend
2023-02-18,Family,0.000000,0,3,2023-02,2,Winter,Weekend
2023-02-19,Standard,134.310000,2,10,2023-02,2,Winter,Weekday
2023-02-19,Deluxe,86.800000,1,5,2023-02,2,Winter,Weekday
2023-02-19,Family,0.000000,0,3,2023-02,2,Winter,Weekday
2023-02-20,Standard,67.170000,1,10,2023-02,2,Winter,Weekday
2023-02-20,Deluxe,181.340000,2,5,2023-02,2,Winter,Weekday
2023-02-20,Family,0.000000,0,3,2023-02,2,Winter,Weekday
2023-02-21,Standard,65.530000,1,10,2023-02,2,Winter,Weekday
2023-02-21,Deluxe,181.340000,2,5,2023-02,2,Winter,Weekday
2023-02-21,Family,0.000000,0,3,2023-02,2,Winter,Weekday
2023-02-22,Standard,129.920000,2,10,2023-02,2,Winter,Weekday
2023-02-22,Deluxe,0.000000,0,5,2023-02,2,Winter,Weekday
2023-02-22,Family,125.890000,1,3,2023-02,2,Winter,Weekday
2023-02-23,Standard,195.050000,3,10,2023-02,2,Winter,Weekday
2023-02-23,Deluxe,82.750000,1,5,2023-02,2,Winter,Weekday
2023-02-23,Family,125.890000,1,3,2023-02,2,Winter,Weekday
2023-02-24,Standard,202.080000,3,10,2023-02,2,Winter,Weekend
2023-02-24,Deluxe,290.390000,3,5,2023-02,2,Winter,Weekend
2023-02-24,Family,125.890000,1,3,2023-02,2,Winter,Weekend
2023-02-25,Standard,268.310000,4,10,2023-02,2,Winter,Weekend
2023-02-25,Deluxe,493.850000,5,5,2023-02,2,Winter,Weekend
2023-02-25,Family,133.370000,1,3,2023-02,2,Winter,Weekend
2023-02-26,Standard,203.180000,3,10,2023-02,2,Winter,Weekday
2023-02-26,Deluxe,388.730000,4,5,2023-02,2,Winter,Weekday
2023-02-26,Family,133.370000,1,3,2023-02,2,Winter,Weekday
2023-02-27,Standard,203.180000,3,10,2023-02,2,Winter,Weekday
2023-02-27,Deluxe,181.090000,2,5,2023-02,2,Winter,Weekday
2023-02-27,Family,0.000000,0,3,2023-02,2,Winter,Weekday
2023-02-28,Standard,203.180000,3,10,2023-02,2,Winter,Weekday
2023-02-28,Deluxe,98.340000,1,5,2023-02,2,Winter,Weekday
2023-02-28,Family,0.000000,0,3,2023-02,2,Winter,Weekday
2023-03-01,Standard,143.750000,2,10,2023-03,3,Spring,Weekday
2023-03-01,Deluxe,0.000000,0,5,2023-03,3,Spring,Weekday
2023-03-01,Family,149.810000,1,3,2023-03,3,Spring,Weekday
2023-03-02,Standard,146.080000,2,10,2023-03,3,Spring,Weekday
2023-03-02,Deluxe,104.390000,1,5,2023-03,3,Spring,Weekday
2023-03-02,Family,149.810000,1,3,2023-03,3,Spring,Weekday
2023-03-03,Standard,390.950000,5,10,2023-03,3,Spring,Weekend
2023-03-03,Deluxe,104.390000,1,5,2023-03,3,Spring,Weekend
2023-03-03,Family,149.810000,1,3,2023-03,3,Spring,Weekend
2023-03-04,Standard,583.380000,7,10,2023-03,3,Spring,Weekend
2023-03-04,Deluxe,227.290000,2,5,2023-03,3,Spring,Weekend
2023-03-04,Family,154.420000,1,3,2023-03,3,Spring,Weekend
2023-03-05,Standard,341.470000,4,10,2023-03,3,Spring,Weekday
2023-03-05,Deluxe,227.290000,2,5,2023-03,3,Spring,Weekday
2023-03-05,Family,0.000000,0,3,2023-03,3,Spring,Weekday
2023-03-06,Standard,161.720000,2,10,2023-03,3,Spring,Weekday
2023-03-06,Deluxe,236.160000,2,5,2023-03,3,Spring,Weekday
2023-03-06,Family,0.000000,0,3,2023-03,3,Spring,Weekday
2023-03-07,Standard,224.610000,3,10,2023-03,3,Spring,Weekday
2023-03-07,Deluxe,113.260000,1,5,2023-03,3,Spring,Weekday
2023-03-07,Family,0.000000,0,3,2023-03,3,Spring,Weekday
2023-03-08,Standard,224.600000,3,10,2023-03,3,Spring,Weekday
2023-03-08,Deluxe,113.260000,1,5,2023-03,3,Spring,Weekday
2023-03-08,Family,0.000000,0,3,2023-03,3,Spring,Weekday
2023-03-09,Standard,382.700000,5,10,2023-03,3,Spring,Weekday
2023-03-09,Deluxe,213.800000,2,5,2023-03,3,Spring,Weekday
2023-03-09,Family,0.000000,0,3,2023-03,3,Spring,Weekday
2023-03-10,Standard,482.560000,6,10,2023-03,3,Spring,Weekend
2023-03-10,Deluxe,109.240000,1,5,2023-03,3,Spring,Weekend
2023-03-10,Family,0.000000,0,3,2023-03,3,Spring,Weekend
2023-03-11,Standard,246.770000,3,10,2023-03,3,Spring,Weekend
2023-03-11,Deluxe,339.470000,3,5,2023-03,3,Spring,Weekend
2023-03-11,Family,0.000000,0,3,2023-03,3,Spring,Weekend
2023-03-12,Standard,164.330000,2,10,2023-03,3,Spring,Weekday
2023-03-12,Deluxe,230.230000,2,5,2023-03,3,Spring,Weekday
2023-03-12,Family,303.050000,2,3,2023-03,3,Spring,Weekday
2023-03-13,Standard,299.570000,4,10,2023-03,3,Spring,Weekday
2023-03-13,Deluxe,112.440000,1,5,2023-03,3,Spring,Weekday
2023-03-13,Family,149.590000,1,3,2023-03,3,Spring,Weekday
2023-03-14,Standard,292.890000,4,10,2023-03,3,Spring,Weekday
2023-03-14,Deluxe,223.710000,2,5,2023-03,3,Spring,Weekday
2023-03-14,Family,0.000000,0,3,2023-03,3,Spring,Weekday
2023-03-15,Standard,292.890000,4,10,2023-03,3,Spring,Weekday
2023-03-15,Deluxe,331.610000,3,5,2023-03,3,Spring,Weekday
2023-03-15,Family,0.000000,0,3,2023-03,3,Spring,Weekday
2023-03-16,Standard,220.280000,3,10,2023-03,3,Spring,Weekday
2023-03-16,Deluxe,331.610000,3,5,2023-03,3,Spring,Weekday
2023-03-16,Family,0.000000,0,3,2023-03,3,Spring,Weekday
2023-03-17,Standard,80.910000,1,10,2023-03,3,Spring,Weekend
2023-03-17,Deluxe,241.560000,2,5,2023-03,3,Spring,Weekend
2023-03-17,Family,321.480000,2,3,2023-03,3,Spring,Weekend
2023-03-18,Standard,169.070000,2,10,2023-03,3,Spring,Weekend
2023-03-18,Deluxe,0.000000,0,5,2023-03,3,Spring,Weekend
2023-03-18,Family,321.480000,2,3,2023-03,3,Spring,Weekend
2023-03-19,Standard,311.610000,4,10,2023-03,3,Spring,Weekday
2023-03-19,Deluxe,0.000000,0,5,2023-03,3,Spring,Weekday
2023-03-19,Family,321.480000,2,3,2023-03,3,Spring,Weekday
2023-03-20,Standard,382.150000,5,10,2023-03,3,Spring,Weekday
2023-03-20,Deluxe,323.070000,3,5,2023-03,3,Spring,Weekday
2023-03-20,Family,163.420000,1,3,2023-03,3,Spring,Weekday
2023-03-21,Standard,298.420000,4,10,2023-03,3,Spring,Weekday
2023-03-21,Deluxe,323.070000,3,5,2023-03,3,Spring,Weekday
2023-03-21,Family,0.000000,0,3,2023-03,3,Spring,Weekday
2023-03-22,Standard,227.880000,3,10,2023-03,3,Spring,Weekday
2023-03-22,Deluxe,213.710000,2,5,2023-03,3,Spring,Weekday
2023-03-22,Family,146.430000,1,3,2023-03,3,Spring,Weekday
2023-03-23,Standard,226.250000,3,10,2023-03,3,Spring,Weekday
2023-03-23,Deluxe,213.710000,2,5,2023-03,3,Spring,Weekday
2023-03-23,Family,146.430000,1,3,2023-03,3,Spring,Weekday
2023-03-24,Standard,392.060000,5,10,2023-03,3,Spring,Weekend
2023-03-24,Deluxe,0.000000,0,5,2023-03,3,Spring,Weekend
2023-03-24,Family,300.900000,2,3,2023-03,3,Spring,Weekend
2023-03-25,Standard,159.870000,2,10,2023-03,3,Spring,Weekend
2023-03-25,Deluxe,244.410000,2,5,2023-03,3,Spring,Weekend
2023-03-25,Family,154.470000,1,3,2023-03,3,Spring,Weekend
2023-03-26,Standard,298.490000,4,10,2023-03,3,Spring,Weekday
2023-03-26,Deluxe,232.770000,2,5,2023-03,3,Spring,Weekday
2023-03-26,Family,0.000000,0,3,2023-03,3,Spring,Weekday
2023-03-27,Standard,372.860000,5,10,2023-03,3,Spring,Weekday
2023-03-27,Deluxe,336.650000,3,5,2023-03,3,Spring,Weekday
2023-03-27,Family,145.510000,1,3,2023-03,3,Spring,Weekday
2023-03-28,Standard,599.990000,8,10,2023-03,3,Spring,Weekday
2023-03-28,Deluxe,213.240000,2,5,2023-03,3,Spring,Weekday
2023-03-28,Family,291.610000,2,3,2023-03,3,Spring,Weekday
2023-03-29,Standard,523.640000,7,10,2023-03,3,Spring,Weekday
2023-03-29,Deluxe,109.360000,1,5,2023-03,3,Spring,Weekday
2023-03-29,Family,285.130000,2,3,2023-03,3,Spring,Weekday
2023-03-30,Standard,370.840000,5,10,2023-03,3,Spring,Weekday
2023-03-30,Deluxe,214.880000,2,5,2023-03,3,Spring,Weekday
2023-03-30,Family,285.130000,2,3,2023-03,3,Spring,Weekday
2023-03-31,Standard,378.770000,5,10,2023-03,3,Spring,Weekend
2023-03-31,Deluxe,105.520000,1,5,2023-03,3,Spring,Weekend
2023-03-31,Family,146.100000,1,3,2023-03,3,Spring,Weekend
2023-04-01,Standard,316.460000,4,10,2023-04,4,Spring,Weekend
2023-04-01,Deluxe,251.990000,2,5,2023-04,4,Spring,Weekend
2023-04-01,Family,169.590000,1,3,2023-04,4,Spring,Weekend
2023-04-02,Standard,241.580000,3,10,2023-04,4,Spring,Weekday
2023-04-02,Deluxe,251.990000,2,5,2023-04,4,Spring,Weekday
2023-04-02,Family,322.480000,2,3,2023-04,4,Spring,Weekday
2023-04-03,Standard,387.330000,5,10,2023-04,4,Spring,Weekday
2023-04-03,Deluxe,104.150000,1,5,2023-04,4,Spring,Weekday
2023-04-03,Family,457.810000,3,3,2023-04,4,Spring,Weekday
2023-04-04,Standard,386.110000,5,10,2023-04,4,Spring,Weekday
2023-04-04,Deluxe,218.410000,2,5,2023-04,4,Spring,Weekday
2023-04-04,Family,300.930000,2,3,2023-04,4,Spring,Weekday
2023-04-05,Standard,373.050000,5,10,2023-04,4,Spring,Weekday
2023-04-05,Deluxe,109.890000,1,5,2023-04,4,Spring,Weekday
2023-04-05,Family,153.200000,1,3,2023-04,4,Spring,Weekday
2023-04-06,Standard,301.600000,4,10,2023-04,4,Spring,Weekday
2023-04-06,Deluxe,109.890000,1,5,2023-04,4,Spring,Weekday
2023-04-06,Family,153.200000,1,3,2023-04,4,Spring,Weekday
2023-04-07,Standard,470.870000,6,10,2023-04,4,Spring,Weekend
2023-04-07,Deluxe,246.860000,2,5,2023-04,4,Spring,Weekend
2023-04-07,Family,162.460000,1,3,2023-04,4,Spring,Weekend
2023-04-08,Standard,338.710000,4,10,2023-04,4,Spring,Weekend
2023-04-08,Deluxe,368.940000,3,5,2023-04,4,Spring,Weekend
2023-04-08,Family,323.680000,2,3,2023-04,4,Spring,Weekend
2023-04-09,Standard,232.910000,3,10,2023-04,4,Spring,Weekday
2023-04-09,Deluxe,479.770000,4,5,2023-04,4,Spring,Weekday
2023-04-09,Family,297.640000,2,3,2023-04,4,Spring,Weekday
2023-04-10,Standard,306.440000,4,10,2023-04,4,Spring,Weekday
2023-04-10,Deluxe,583.100000,5,5,2023-04,4,Spring,Weekday
2023-04-10,Family,161.220000,1,3,2023-04,4,Spring,Weekday
2023-04-11,Standard,76.430000,1,10,2023-04,4,Spring,Weekday
2023-04-11,Deluxe,111.580000,1,5,2023-04,4,Spring,Weekday
2023-04-11,Family,161.220000,1,3,2023-04,4,Spring,Weekday
2023-04-12,Standard,0.000000,0,10,2023-04,4,Spring,Weekday
2023-04-12,Deluxe,227.640000,2,5,2023-04,4,Spring,Weekday
2023-04-12,Family,135.190000,1,3,2023-04,4,Spring,Weekday
2023-04-13,Standard,78.500000,1,10,2023-04,4,Spring,Weekday
2023-04-13,Deluxe,227.640000,2,5,2023-04,4,Spring,Weekday
2023-04-13,Family,135.190000,1,3,2023-04,4,Spring,Weekday
2023-04-14,Standard,417.110000,5,10,2023-04,4,Spring,Weekend
2023-04-14,Deluxe,240.960000,2,5,2023-04,4,Spring,Weekend
2023-04-14,Family,293.250000,2,3,2023-04,4,Spring,Weekend
2023-04-15,Standard,417.110000,5,10,2023-04,4,Spring,Weekend
2023-04-15,Deluxe,601.190000,5,5,2023-04,4,Spring,Weekend
2023-04-15,Family,290.940000,2,3,2023-04,4,Spring,Weekend
2023-04-16,Standard,488.890000,6,10,2023-04,4,Spring,Weekday
2023-04-16,Deluxe,321.420000,3,5,2023-04,4,Spring,Weekday
2023-04-16,Family,155.750000,1,3,2023-04,4,Spring,Weekday
2023-04-17,Standard,320.570000,4,10,2023-04,4,Spring,Weekday
2023-04-17,Deluxe,0.000000,0,5,2023-04,4,Spring,Weekday
2023-04-17,Family,0.000000,0,3,2023-04,4,Spring,Weekday
2023-04-18,Standard,323.310000,4,10,2023-04,4,Spring,Weekday
2023-04-18,Deluxe,109.530000,1,5,2023-04,4,Spring,Weekday
2023-04-18,Family,0.000000,0,3,2023-04,4,Spring,Weekday
2023-04-19,Standard,398.420000,5,10,2023-04,4,Spring,Weekday
2023-04-19,Deluxe,110.330000,1,5,2023-04,4,Spring,Weekday
2023-04-19,Family,146.080000,1,3,2023-04,4,Spring,Weekday
2023-04-20,Standard,295.750000,4,10,2023-04,4,Spring,Weekday
2023-04-20,Deluxe,110.330000,1,5,2023-04,4,Spring,Weekday
2023-04-20,Family,146.080000,1,3,2023-04,4,Spring,Weekday
2023-04-21,Standard,395.560000,5,10,2023-04,4,Spring,Weekend
2023-04-21,Deluxe,350.040000,3,5,2023-04,4,Spring,Weekend
2023-04-21,Family,146.080000,1,3,2023-04,4,Spring,Weekend
2023-04-22,Standard,404.680000,5,10,2023-04,4,Spring,Weekend
2023-04-22,Deluxe,608.520000,5,5,2023-04,4,Spring,Weekend
2023-04-22,Family,473.810000,3,3,2023-04,4,Spring,Weekend
2023-04-23,Standard,611.090000,8,10,2023-04,4,Spring,Weekday
2023-04-23,Deluxe,489.700000,4,5,2023-04,4,Spring,Weekday
2023-04-23,Family,461.490000,3,3,2023-04,4,Spring,Weekday
2023-04-24,Standard,519.120000,7,10,2023-04,4,Spring,Weekday
2023-04-24,Deluxe,474.110000,4,5,2023-04,4,Spring,Weekday
2023-04-24,Family,307.020000,2,3,2023-04,4,Spring,Weekday
2023-04-25,Standard,378.450000,5,10,2023-04,4,Spring,Weekday
2023-04-25,Deluxe,121.660000,1,5,2023-04,4,Spring,Weekday
2023-04-25,Family,451.020000,3,3,2023-04,4,Spring,Weekday
2023-04-26,Standard,226.500000,3,10,2023-04,4,Spring,Weekday
2023-04-26,Deluxe,121.660000,1,5,2023-04,4,Spring,Weekday
2023-04-26,Family,296.140000,2,3,2023-04,4,Spring,Weekday
2023-04-27,Standard,372.710000,5,10,2023-04,4,Spring,Weekday
2023-04-27,Deluxe,121.660000,1,5,2023-04,4,Spring,Weekday
2023-04-27,Family,152.140000,1,3,2023-04,4,Spring,Weekday
2023-04-28,Standard,484.800000,6,10,2023-04,4,Spring,Weekend
2023-04-28,Deluxe,238.720000,2,5,2023-04,4,Spring,Weekend
2023-04-28,Family,331.780000,2,3,2023-04,4,Spring,Weekend
2023-04-29,Standard,332.480000,4,10,2023-04,4,Spring,Weekend
2023-04-29,Deluxe,357.560000,3,5,2023-04,4,Spring,Weekend
2023-04-29,Family,480.700000,3,3,2023-04,4,Spring,Weekend
2023-04-30,Standard,386.280000,5,10,2023-04,4,Spring,Weekday
2023-04-30,Deluxe,473.620000,4,5,2023-04,4,Spring,Weekday
2023-04-30,Family,320.320000,2,3,2023-04,4,Spring,Weekday
2023-05-01,Standard,536.660000,7,10,2023-05,5,Spring,Weekday
2023-05-01,Deluxe,231.540000,2,5,2023-05,5,Spring,Weekday
2023-05-01,Family,166.280000,1,3,2023-05,5,Spring,Weekday
2023-05-02,Standard,467.690000,6,10,2023-05,5,Spring,Weekday
2023-05-02,Deluxe,122.820000,1,5,2023-05,5,Spring,Weekday
2023-05-02,Family,317.200000,2,3,2023-05,5,Spring,Weekday
2023-05-03,Standard,461.420000,6,10,2023-05,5,Spring,Weekday
2023-05-03,Deluxe,107.630000,1,5,2023-05,5,Spring,Weekday
2023-05-03,Family,149.530000,1,3,2023-05,5,Spring,Weekday
2023-05-04,Standard,543.630000,7,10,2023-05,5,Spring,Weekday
2023-05-04,Deluxe,107.630000,1,5,2023-05,5,Spring,Weekday
2023-05-04,Family,152.170000,1,3,2023-05,5,Spring,Weekday
2023-05-05,Standard,560.290000,7,10,2023-05,5,Spring,Weekend
2023-05-05,Deluxe,229.740000,2,5,2023-05,5,Spring,Weekend
2023-05-05,Family,152.170000,1,3,2023-05,5,Spring,Weekend
2023-05-06,Standard,504.730000,6,10,2023-05,5,Spring,Weekend
2023-05-06,Deluxe,350.800000,3,5,2023-05,5,Spring,Weekend
2023-05-06,Family,157.540000,1,3,2023-05,5,Spring,Weekend
2023-05-07,Standard,574.140000,7,10,2023-05,5,Spring,Weekday
2023-05-07,Deluxe,231.480000,2,5,2023-05,5,Spring,Weekday
2023-05-07,Family,157.540000,1,3,2023-05,5,Spring,Weekday
2023-05-08,Standard,543.050000,7,10,2023-05,5,Spring,Weekday
2023-05-08,Deluxe,322.020000,3,5,2023-05,5,Spring,Weekday
2023-05-08,Family,157.540000,1,3,2023-05,5,Spring,Weekday
2023-05-09,Standard,375.960000,5,10,2023-05,5,Spring,Weekday
2023-05-09,Deluxe,434.130000,4,5,2023-05,5,Spring,Weekday
2023-05-09,Family,152.730000,1,3,2023-05,5,Spring,Weekday
2023-05-10,Standard,288.550000,4,10,2023-05,5,Spring,Weekday
2023-05-10,Deluxe,328.410000,3,5,2023-05,5,Spring,Weekday
2023-05-10,Family,0.000000,0,3,2023-05,5,Spring,Weekday
2023-05-11,Standard,498.480000,7,10,2023-05,5,Spring,Weekday
2023-05-11,Deluxe,219.110000,2,5,2023-05,5,Spring,Weekday
2023-05-11,Family,152.380000,1,3,2023-05,5,Spring,Weekday
2023-05-12,Standard,510.480000,7,10,2023-05,5,Spring,Weekend
2023-05-12,Deluxe,124.460000,1,5,2023-05,5,Spring,Weekend
2023-05-12,Family,328.050000,2,3,2023-05,5,Spring,Weekend
2023-05-13,Standard,310.070000,4,10,2023-05,5,Spring,Weekend
2023-05-13,Deluxe,249.970000,2,5,2023-05,5,Spring,Weekend
2023-05-13,Family,165.560000,1,3,2023-05,5,Spring,Weekend
2023-05-14,Standard,385.380000,5,10,2023-05,5,Spring,Weekday
2023-05-14,Deluxe,350.810000,3,5,2023-05,5,Spring,Weekday
2023-05-14,Family,318.240000,2,3,2023-05,5,Spring,Weekday
2023-05-15,Standard,394.800000,5,10,2023-05,5,Spring,Weekday
2023-05-15,Deluxe,452.230000,4,5,2023-05,5,Spring,Weekday
2023-05-15,Family,152.680000,1,3,2023-05,5,Spring,Weekday
2023-05-16,Standard,384.020000,5,10,2023-05,5,Spring,Weekday
2023-05-16,Deluxe,452.230000,4,5,2023-05,5,Spring,Weekday
2023-05-16,Family,142.090000,1,3,2023-05,5,Spring,Weekday
2023-05-17,Standard,453.220000,6,10,2023-05,5,Spring,Weekday
2023-05-17,Deluxe,338.260000,3,5,2023-05,5,Spring,Weekday
2023-05-17,Family,142.090000,1,3,2023-05,5,Spring,Weekday
2023-05-18,Standard,292.550000,4,10,2023-05,5,Spring,Weekday
2023-05-18,Deluxe,339.190000,3,5,2023-05,5,Spring,Weekday
2023-05-18,Family,295.520000,2,3,2023-05,5,Spring,Weekday
2023-05-19,Standard,558.190000,7,10,2023-05,5,Spring,Weekend
2023-05-19,Deluxe,353.840000,3,5,2023-05,5,Spring,Weekend
2023-05-19,Family,449.890000,3,3,2023-05,5,Spring,Weekend
2023-05-20,Standard,747.360000,9,10,2023-05,5,Spring,Weekend
2023-05-20,Deluxe,464.950000,4,5,2023-05,5,Spring,Weekend
2023-05-20,Family,306.090000,2,3,2023-05,5,Spring,Weekend
2023-05-21,Standard,659.710000,8,10,2023-05,5,Spring,Weekday
2023-05-21,Deluxe,118.350000,1,5,2023-05,5,Spring,Weekday
2023-05-21,Family,444.180000,3,3,2023-05,5,Spring,Weekday
2023-05-22,Standard,323.050000,4,10,2023-05,5,Spring,Weekday
2023-05-22,Deluxe,118.350000,1,5,2023-05,5,Spring,Weekday
2023-05-22,Family,292.460000,2,3,2023-05,5,Spring,Weekday
2023-05-23,Standard,438.600000,6,10,2023-05,5,Spring,Weekday
2023-05-23,Deluxe,339.720000,3,5,2023-05,5,Spring,Weekday
2023-05-23,Family,291.880000,2,3,2023-05,5,Spring,Weekday
2023-05-24,Standard,589.250000,8,10,2023-05,5,Spring,Weekday
2023-05-24,Deluxe,448.570000,4,5,2023-05,5,Spring,Weekday
2023-05-24,Family,137.510000,1,3,2023-05,5,Spring,Weekday
2023-05-25,Standard,445.050000,6,10,2023-05,5,Spring,Weekday
2023-05-25,Deluxe,336.490000,3,5,2023-05,5,Spring,Weekday
2023-05-25,Family,0.000000,0,3,2023-05,5,Spring,Weekday
2023-05-26,Standard,479.760000,6,10,2023-05,5,Spring,Weekend
2023-05-26,Deluxe,617.080000,5,5,2023-05,5,Spring,Weekend
2023-05-26,Family,309.480000,2,3,2023-05,5,Spring,Weekend
2023-05-27,Standard,720.570000,9,10,2023-05,5,Spring,Weekend
2023-05-27,Deluxe,494.260000,4,5,2023-05,5,Spring,Weekend
2023-05-27,Family,310.910000,2,3,2023-05,5,Spring,Weekend
2023-05-28,Standard,565.520000,7,10,2023-05,5,Spring,Weekday
2023-05-28,Deluxe,363.680000,3,5,2023-05,5,Spring,Weekday
2023-05-28,Family,310.910000,2,3,2023-05,5,Spring,Weekday
2023-05-29,Standard,158.260000,2,10,2023-05,5,Spring,Weekday
2023-05-29,Deluxe,222.430000,2,5,2023-05,5,Spring,Weekday
2023-05-29,Family,430.890000,3,3,2023-05,5,Spring,Weekday
2023-05-30,Standard,459.060000,6,10,2023-05,5,Spring,Weekday
2023-05-30,Deluxe,222.430000,2,5,2023-05,5,Spring,Weekday
2023-05-30,Family,274.830000,2,3,2023-05,5,Spring,Weekday
2023-05-31,Standard,533.930000,7,10,2023-05,5,Spring,Weekday
2023-05-31,Deluxe,335.910000,3,5,2023-05,5,Spring,Weekday
2023-05-31,Family,274.830000,2,3,2023-05,5,Spring,Weekday
2023-06-01,Standard,347.770000,4,10,2023-06,6,Summer,Weekday
2023-06-01,Deluxe,497.480000,4,5,2023-06,6,Summer,Weekday
2023-06-01,Family,187.820000,1,3,2023-06,6,Summer,Weekday
2023-06-02,Standard,606.210000,6,10,2023-06,6,Summer,Weekend
2023-06-02,Deluxe,678.430000,5,5,2023-06,6,Summer,Weekend
2023-06-02,Family,598.510000,3,3,2023-06,6,Summer,Weekend
2023-06-03,Standard,629.220000,6,10,2023-06,6,Summer,Weekend
2023-06-03,Deluxe,574.410000,4,5,2023-06,6,Summer,Weekend
2023-06-03,Family,624.490000,3,3,2023-06,6,Summer,Weekend
2023-06-04,Standard,817.730000,8,10,2023-06,6,Summer,Weekday
2023-06-04,Deluxe,545.110000,4,5,2023-06,6,Summer,Weekday
2023-06-04,Family,624.490000,3,3,2023-06,6,Summer,Weekday
2023-06-05,Standard,802.540000,8,10,2023-06,6,Summer,Weekday
2023-06-05,Deluxe,571.340000,4,5,2023-06,6,Summer,Weekday
2023-06-05,Family,396.200000,2,3,2023-06,6,Summer,Weekday
2023-06-06,Standard,601.180000,6,10,2023-06,6,Summer,Weekday
2023-06-06,Deluxe,571.340000,4,5,2023-06,6,Summer,Weekday
2023-06-06,Family,0.000000,0,3,2023-06,6,Summer,Weekday
2023-06-07,Standard,685.010000,7,10,2023-06,6,Summer,Weekday
2023-06-07,Deluxe,723.280000,5,5,2023-06,6,Summer,Weekday
2023-06-07,Family,365.940000,2,3,2023-06,6,Summer,Weekday
2023-06-08,Standard,694.740000,7,10,2023-06,6,Summer,Weekday
2023-06-08,Deluxe,290.850000,2,5,2023-06,6,Summer,Weekday
2023-06-08,Family,365.940000,2,3,2023-06,6,Summer,Weekday
2023-06-09,Standard,612.700000,6,10,2023-06,6,Summer,Weekend
2023-06-09,Deluxe,444.560000,3,5,2023-06,6,Summer,Weekend
2023-06-09,Family,417.440000,2,3,2023-06,6,Summer,Weekend
2023-06-10,Standard,945.340000,9,10,2023-06,6,Summer,Weekend
2023-06-10,Deluxe,324.530000,2,5,2023-06,6,Summer,Weekend
2023-06-10,Family,640.510000,3,3,2023-06,6,Summer,Weekend
2023-06-11,Standard,1037.030000,10,10,2023-06,6,Summer,Weekday
2023-06-11,Deluxe,476.840000,3,5,2023-06,6,Summer,Weekday
2023-06-11,Family,640.510000,3,3,2023-06,6,Summer,Weekday
2023-06-12,Standard,928.240000,9,10,2023-06,6,Summer,Weekday
2023-06-12,Deluxe,765.890000,5,5,2023-06,6,Summer,Weekday
2023-06-12,Family,640.510000,3,3,2023-06,6,Summer,Weekday
2023-06-13,Standard,497.680000,5,10,2023-06,6,Summer,Weekday
2023-06-13,Deluxe,739.620000,5,5,2023-06,6,Summer,Weekday
2023-06-13,Family,435.500000,2,3,2023-06,6,Summer,Weekday
2023-06-14,Standard,702.670000,7,10,2023-06,6,Summer,Weekday
2023-06-14,Deluxe,739.620000,5,5,2023-06,6,Summer,Weekday
2023-06-14,Family,552.610000,3,3,2023-06,6,Summer,Weekday
2023-06-15,Standard,800.430000,8,10,2023-06,6,Summer,Weekday
2023-06-15,Deluxe,585.910000,4,5,2023-06,6,Summer,Weekday
2023-06-15,Family,552.610000,3,3,2023-06,6,Summer,Weekday
2023-06-16,Standard,938.690000,9,10,2023-06,6,Summer,Weekend
2023-06-16,Deluxe,446.640000,3,5,2023-06,6,Summer,Weekend
2023-06-16,Family,583.240000,3,3,2023-06,6,Summer,Weekend
2023-06-17,Standard,949.150000,9,10,2023-06,6,Summer,Weekend
2023-06-17,Deluxe,629.160000,4,5,2023-06,6,Summer,Weekend
2023-06-17,Family,610.690000,3,3,2023-06,6,Summer,Weekend
2023-06-18,Standard,740.680000,7,10,2023-06,6,Summer,Weekday
2023-06-18,Deluxe,761.760000,5,5,2023-06,6,Summer,Weekday
2023-06-18,Family,613.920000,3,3,2023-06,6,Summer,Weekday
2023-06-19,Standard,824.050000,8,10,2023-06,6,Summer,Weekday
2023-06-19,Deluxe,447.430000,3,5,2023-06,6,Summer,Weekday
2023-06-19,Family,397.620000,2,3,2023-06,6,Summer,Weekday
2023-06-20,Standard,905.250000,9,10,2023-06,6,Summer,Weekday
2023-06-20,Deluxe,425.050000,3,5,2023-06,6,Summer,Weekday
2023-06-20,Family,593.950000,3,3,2023-06,6,Summer,Weekday
2023-06-21,Standard,809.020000,8,10,2023-06,6,Summer,Weekday
2023-06-21,Deluxe,576.700000,4,5,2023-06,6,Summer,Weekday
2023-06-21,Family,585.500000,3,3,2023-06,6,Summer,Weekday
2023-06-22,Standard,803.860000,8,10,2023-06,6,Summer,Weekday
2023-06-22,Deluxe,437.460000,3,5,2023-06,6,Summer,Weekday
2023-06-22,Family,585.500000,3,3,2023-06,6,Summer,Weekday
2023-06-23,Standard,954.190000,9,10,2023-06,6,Summer,Weekend
2023-06-23,Deluxe,313.550000,2,5,2023-06,6,Summer,Weekend
2023-06-23,Family,602.400000,3,3,2023-06,6,Summer,Weekend
2023-06-24,Standard,865.430000,8,10,2023-06,6,Summer,Weekend
2023-06-24,Deluxe,784.600000,5,5,2023-06,6,Summer,Weekend
2023-06-24,Family,602.400000,3,3,2023-06,6,Summer,Weekend
2023-06-25,Standard,945.620000,9,10,2023-06,6,Summer,Weekday
2023-06-25,Deluxe,613.440000,4,5,2023-06,6,Summer,Weekday
2023-06-25,Family,389.930000,2,3,2023-06,6,Summer,Weekday
2023-06-26,Standard,821.030000,8,10,2023-06,6,Summer,Weekday
2023-06-26,Deluxe,289.230000,2,5,2023-06,6,Summer,Weekday
2023-06-26,Family,182.890000,1,3,2023-06,6,Summer,Weekday
2023-06-27,Standard,794.990000,8,10,2023-06,6,Summer,Weekday
2023-06-27,Deluxe,726.520000,5,5,2023-06,6,Summer,Weekday
2023-06-27,Family,171.340000,1,3,2023-06,6,Summer,Weekday
2023-06-28,Standard,780.300000,8,10,2023-06,6,Summer,Weekday
2023-06-28,Deluxe,594.830000,4,5,2023-06,6,Summer,Weekday
2023-06-28,Family,171.340000,1,3,2023-06,6,Summer,Weekday
2023-06-29,Standard,872.760000,9,10,2023-06,6,Summer,Weekday
2023-06-29,Deluxe,737.510000,5,5,2023-06,6,Summer,Weekday
2023-06-29,Family,178.850000,1,3,2023-06,6,Summer,Weekday
2023-06-30,Standard,792.200000,8,10,2023-06,6,Summer,Weekend
2023-06-30,Deluxe,441.250000,3,5,2023-06,6,Summer,Weekend
2023-06-30,Family,609.300000,3,3,2023-06,6,Summer,Weekend
2023-07-01,Standard,1011.870000,10,10,2023-07,7,Summer,Weekend
2023-07-01,Deluxe,605.340000,4,5,2023-07,7,Summer,Weekend
2023-07-01,Family,609.300000,3,3,2023-07,7,Summer,Weekend
2023-07-02,Standard,819.900000,8,10,2023-07,7,Summer,Weekday
2023-07-02,Deluxe,746.260000,5,5,2023-07,7,Summer,Weekday
2023-07-02,Family,609.300000,3,3,2023-07,7,Summer,Weekday
2023-07-03,Standard,928.510000,9,10,2023-07,7,Summer,Weekday
2023-07-03,Deluxe,733.710000,5,5,2023-07,7,Summer,Weekday
2023-07-03,Family,379.750000,2,3,2023-07,7,Summer,Weekday
2023-07-04,Standard,727.500000,7,10,2023-07,7,Summer,Weekday
2023-07-04,Deluxe,565.180000,4,5,2023-07,7,Summer,Weekday
2023-07-04,Family,397.600000,2,3,2023-07,7,Summer,Weekday
2023-07-05,Standard,931.070000,9,10,2023-07,7,Summer,Weekday
2023-07-05,Deluxe,565.180000,4,5,2023-07,7,Summer,Weekday
2023-07-05,Family,584.370000,3,3,2023-07,7,Summer,Weekday
2023-07-06,Standard,901.490000,9,10,2023-07,7,Summer,Weekday
2023-07-06,Deluxe,430.320000,3,5,2023-07,7,Summer,Weekday
2023-07-06,Family,584.780000,3,3,2023-07,7,Summer,Weekday
2023-07-07,Standard,921.720000,9,10,2023-07,7,Summer,Weekend
2023-07-07,Deluxe,618.640000,4,5,2023-07,7,Summer,Weekend
2023-07-07,Family,613.550000,3,3,2023-07,7,Summer,Weekend
2023-07-08,Standard,954.940000,9,10,2023-07,7,Summer,Weekend
2023-07-08,Deluxe,774.650000,5,5,2023-07,7,Summer,Weekend
2023-07-08,Family,641.460000,3,3,2023-07,7,Summer,Weekend
2023-07-09,Standard,841.530000,8,10,2023-07,7,Summer,Weekday
2023-07-09,Deluxe,774.650000,5,5,2023-07,7,Summer,Weekday
2023-07-09,Family,641.460000,3,3,2023-07,7,Summer,Weekday
2023-07-10,Standard,920.540000,9,10,2023-07,7,Summer,Weekday
2023-07-10,Deluxe,750.140000,5,5,2023-07,7,Summer,Weekday
2023-07-10,Family,641.460000,3,3,2023-07,7,Summer,Weekday
2023-07-11,Standard,920.540000,9,10,2023-07,7,Summer,Weekday
2023-07-11,Deluxe,736.770000,5,5,2023-07,7,Summer,Weekday
2023-07-11,Family,427.030000,2,3,2023-07,7,Summer,Weekday
2023-07-12,Standard,909.030000,9,10,2023-07,7,Summer,Weekday
2023-07-12,Deluxe,736.770000,5,5,2023-07,7,Summer,Weekday
2023-07-12,Family,589.800000,3,3,2023-07,7,Summer,Weekday
2023-07-13,Standard,907.960000,9,10,2023-07,7,Summer,Weekday
2023-07-13,Deluxe,738.030000,5,5,2023-07,7,Summer,Weekday
2023-07-13,Family,589.340000,3,3,2023-07,7,Summer,Weekday
2023-07-14,Standard,1041.990000,10,10,2023-07,7,Summer,Weekend
2023-07-14,Deluxe,591.560000,4,5,2023-07,7,Summer,Weekend
2023-07-14,Family,607.130000,3,3,2023-07,7,Summer,Weekend
2023-07-15,Standard,844.960000,8,10,2023-07,7,Summer,Weekend
2023-07-15,Deluxe,622.980000,4,5,2023-07,7,Summer,Weekend
2023-07-15,Family,624.760000,3,3,2023-07,7,Summer,Weekend
2023-07-16,Standard,723.040000,7,10,2023-07,7,Summer,Weekday
2023-07-16,Deluxe,610.980000,4,5,2023-07,7,Summer,Weekday
2023-07-16,Family,593.950000,3,3,2023-07,7,Summer,Weekday
2023-07-17,Standard,805.190000,8,10,2023-07,7,Summer,Weekday
2023-07-17,Deluxe,459.700000,3,5,2023-07,7,Summer,Weekday
2023-07-17,Family,593.950000,3,3,2023-07,7,Summer,Weekday
2023-07-18,Standard,695.560000,7,10,2023-07,7,Summer,Weekday
2023-07-18,Deluxe,418.300000,3,5,2023-07,7,Summer,Weekday
2023-07-18,Family,557.250000,3,3,2023-07,7,Summer,Weekday
2023-07-19,Standard,677.750000,7,10,2023-07,7,Summer,Weekday
2023-07-19,Deluxe,723.730000,5,5,2023-07,7,Summer,Weekday
2023-07-19,Family,558.540000,3,3,2023-07,7,Summer,Weekday
2023-07-20,Standard,887.360000,9,10,2023-07,7,Summer,Weekday
2023-07-20,Deluxe,591.630000,4,5,2023-07,7,Summer,Weekday
2023-07-20,Family,580.500000,3,3,2023-07,7,Summer,Weekday
2023-07-21,Standard,1019.620000,10,10,2023-07,7,Summer,Weekend
2023-07-21,Deluxe,751.930000,5,5,2023-07,7,Summer,Weekend
2023-07-21,Family,580.500000,3,3,2023-07,7,Summer,Weekend
2023-07-22,Standard,955.590000,9,10,2023-07,7,Summer,Weekend
2023-07-22,Deluxe,616.420000,4,5,2023-07,7,Summer,Weekend
2023-07-22,Family,580.500000,3,3,2023-07,7,Summer,Weekend
2023-07-23,Standard,924.050000,9,10,2023-07,7,Summer,Weekday
2023-07-23,Deluxe,769.350000,5,5,2023-07,7,Summer,Weekday
2023-07-23,Family,566.520000,3,3,2023-07,7,Summer,Weekday
2023-07-24,Standard,896.010000,9,10,2023-07,7,Summer,Weekday
2023-07-24,Deluxe,615.780000,4,5,2023-07,7,Summer,Weekday
2023-07-24,Family,542.860000,3,3,2023-07,7,Summer,Weekday
2023-07-25,Standard,985.850000,10,10,2023-07,7,Summer,Weekday
2023-07-25,Deluxe,598.570000,4,5,2023-07,7,Summer,Weekday
2023-07-25,Family,542.860000,3,3,2023-07,7,Summer,Weekday
2023-07-26,Standard,985.850000,10,10,2023-07,7,Summer,Weekday
2023-07-26,Deluxe,721.450000,5,5,2023-07,7,Summer,Weekday
2023-07-26,Family,542.860000,3,3,2023-07,7,Summer,Weekday
2023-07-27,Standard,889.620000,9,10,2023-07,7,Summer,Weekday
2023-07-27,Deluxe,721.450000,5,5,2023-07,7,Summer,Weekday
2023-07-27,Family,571.480000,3,3,2023-07,7,Summer,Weekday
2023-07-28,Standard,909.150000,9,10,2023-07,7,Summer,Weekend
2023-07-28,Deluxe,581.260000,4,5,2023-07,7,Summer,Weekend
2023-07-28,Family,600.440000,3,3,2023-07,7,Summer,Weekend
2023-07-29,Standard,830.990000,8,10,2023-07,7,Summer,Weekend
2023-07-29,Deluxe,321.530000,2,5,2023-07,7,Summer,Weekend
2023-07-29,Family,600.440000,3,3,2023-07,7,Summer,Weekend
2023-07-30,Standard,718.130000,7,10,2023-07,7,Summer,Weekday
2023-07-30,Deluxe,748.530000,5,5,2023-07,7,Summer,Weekday
2023-07-30,Family,600.440000,3,3,2023-07,7,Summer,Weekday
2023-07-31,Standard,794.520000,8,10,2023-07,7,Summer,Weekday
2023-07-31,Deluxe,748.530000,5,5,2023-07,7,Summer,Weekday
2023-07-31,Family,594.370000,3,3,2023-07,7,Summer,Weekday
2023-08-01,Standard,888.310000,9,10,2023-08,8,Summer,Weekday
2023-08-01,Deluxe,748.530000,5,5,2023-08,8,Summer,Weekday
2023-08-01,Family,581.910000,3,3,2023-08,8,Summer,Weekday
2023-08-02,Standard,879.540000,9,10,2023-08,8,Summer,Weekday
2023-08-02,Deluxe,443.310000,3,5,2023-08,8,Summer,Weekday
2023-08-02,Family,581.910000,3,3,2023-08,8,Summer,Weekday
2023-08-03,Standard,871.270000,9,10,2023-08,8,Summer,Weekday
2023-08-03,Deluxe,419.280000,3,5,2023-08,8,Summer,Weekday
2023-08-03,Family,587.410000,3,3,2023-08,8,Summer,Weekday
2023-08-04,Standard,920.840000,9,10,2023-08,8,Summer,Weekend
2023-08-04,Deluxe,778.910000,5,5,2023-08,8,Summer,Weekend
2023-08-04,Family,411.160000,2,3,2023-08,8,Summer,Weekend
2023-08-05,Standard,860.940000,8,10,2023-08,8,Summer,Weekend
2023-08-05,Deluxe,794.070000,5,5,2023-08,8,Summer,Weekend
2023-08-05,Family,411.160000,2,3,2023-08,8,Summer,Weekend
2023-08-06,Standard,750.930000,7,10,2023-08,8,Summer,Weekday
2023-08-06,Deluxe,794.070000,5,5,2023-08,8,Summer,Weekday
2023-08-06,Family,598.410000,3,3,2023-08,8,Summer,Weekday
2023-08-07,Standard,837.160000,8,10,2023-08,8,Summer,Weekday
2023-08-07,Deluxe,773.680000,5,5,2023-08,8,Summer,Weekday
2023-08-07,Family,598.410000,3,3,2023-08,8,Summer,Weekday
2023-08-08,Standard,836.690000,8,10,2023-08,8,Summer,Weekday
2023-08-08,Deluxe,604.130000,4,5,2023-08,8,Summer,Weekday
2023-08-08,Family,598.410000,3,3,2023-08,8,Summer,Weekday
2023-08-09,Standard,924.840000,9,10,2023-08,8,Summer,Weekday
2023-08-09,Deluxe,592.700000,4,5,2023-08,8,Summer,Weekday
2023-08-09,Family,410.930000,2,3,2023-08,8,Summer,Weekday
2023-08-10,Standard,1004.920000,10,10,2023-08,8,Summer,Weekday
2023-08-10,Deluxe,718.740000,5,5,2023-08,8,Summer,Weekday
2023-08-10,Family,407.870000,2,3,2023-08,8,Summer,Weekday
2023-08-11,Standard,931.370000,9,10,2023-08,8,Summer,Weekend
2023-08-11,Deluxe,729.210000,5,5,2023-08,8,Summer,Weekend
2023-08-11,Family,611.780000,3,3,2023-08,8,Summer,Weekend
2023-08-12,Standard,1044.390000,10,10,2023-08,8,Summer,Weekend
2023-08-12,Deluxe,730.020000,5,5,2023-08,8,Summer,Weekend
2023-08-12,Family,614.450000,3,3,2023-08,8,Summer,Weekend
2023-08-13,Standard,829.580000,8,10,2023-08,8,Summer,Weekday
2023-08-13,Deluxe,730.020000,5,5,2023-08,8,Summer,Weekday
2023-08-13,Family,614.450000,3,3,2023-08,8,Summer,Weekday
2023-08-14,Standard,917.570000,9,10,2023-08,8,Summer,Weekday
2023-08-14,Deluxe,714.510000,5,5,2023-08,8,Summer,Weekday
2023-08-14,Family,614.450000,3,3,2023-08,8,Summer,Weekday
2023-08-15,Standard,707.520000,7,10,2023-08,8,Summer,Weekday
2023-08-15,Deluxe,722.250000,5,5,2023-08,8,Summer,Weekday
2023-08-15,Family,612.530000,3,3,2023-08,8,Summer,Weekday
2023-08-16,Standard,878.480000,9,10,2023-08,8,Summer,Weekday
2023-08-16,Deluxe,714.680000,5,5,2023-08,8,Summer,Weekday
2023-08-16,Family,627.330000,3,3,2023-08,8,Summer,Weekday
2023-08-17,Standard,784.820000,8,10,2023-08,8,Summer,Weekday
2023-08-17,Deluxe,731.210000,5,5,2023-08,8,Summer,Weekday
2023-08-17,Family,627.330000,3,3,2023-08,8,Summer,Weekday
2023-08-18,Standard,1014.540000,10,10,2023-08,8,Summer,Weekend
2023-08-18,Deluxe,755.730000,5,5,2023-08,8,Summer,Weekend
2023-08-18,Family,621.600000,3,3,2023-08,8,Summer,Weekend
2023-08-19,Standard,1081.760000,10,10,2023-08,8,Summer,Weekend
2023-08-19,Deluxe,630.310000,4,5,2023-08,8,Summer,Weekend
2023-08-19,Family,635.790000,3,3,2023-08,8,Summer,Weekend
2023-08-20,Standard,1081.760000,10,10,2023-08,8,Summer,Weekday
2023-08-20,Deluxe,636.100000,4,5,2023-08,8,Summer,Weekday
2023-08-20,Family,635.790000,3,3,2023-08,8,Summer,Weekday
2023-08-21,Standard,853.020000,8,10,2023-08,8,Summer,Weekday
2023-08-21,Deluxe,638.090000,4,5,2023-08,8,Summer,Weekday
2023-08-21,Family,612.160000,3,3,2023-08,8,Summer,Weekday
2023-08-22,Standard,698.590000,7,10,2023-08,8,Summer,Weekday
2023-08-22,Deluxe,461.850000,3,5,2023-08,8,Summer,Weekday
2023-08-22,Family,582.730000,3,3,2023-08,8,Summer,Weekday
2023-08-23,Standard,597.450000,6,10,2023-08,8,Summer,Weekday
2023-08-23,Deluxe,738.930000,5,5,2023-08,8,Summer,Weekday
2023-08-23,Family,366.930000,2,3,2023-08,8,Summer,Weekday
2023-08-24,Standard,806.120000,8,10,2023-08,8,Summer,Weekday
2023-08-24,Deluxe,738.930000,5,5,2023-08,8,Summer,Weekday
2023-08-24,Family,366.930000,2,3,2023-08,8,Summer,Weekday
2023-08-25,Standard,830.800000,8,10,2023-08,8,Summer,Weekend
2023-08-25,Deluxe,738.930000,5,5,2023-08,8,Summer,Weekend
2023-08-25,Family,394.910000,2,3,2023-08,8,Summer,Weekend
2023-08-26,Standard,940.980000,9,10,2023-08,8,Summer,Weekend
2023-08-26,Deluxe,470.860000,3,5,2023-08,8,Summer,Weekend
2023-08-26,Family,394.910000,2,3,2023-08,8,Summer,Weekend
2023-08-27,Standard,904.950000,9,10,2023-08,8,Summer,Weekday
2023-08-27,Deluxe,727.300000,5,5,2023-08,8,Summer,Weekday
2023-08-27,Family,406.220000,2,3,2023-08,8,Summer,Weekday
2023-08-28,Standard,701.480000,7,10,2023-08,8,Summer,Weekday
2023-08-28,Deluxe,578.180000,4,5,2023-08,8,Summer,Weekday
2023-08-28,Family,364.820000,2,3,2023-08,8,Summer,Weekday
2023-08-29,Standard,889.790000,9,10,2023-08,8,Summer,Weekday
2023-08-29,Deluxe,287.060000,2,5,2023-08,8,Summer,Weekday
2023-08-29,Family,541.920000,3,3,2023-08,8,Summer,Weekday
2023-08-30,Standard,789.570000,8,10,2023-08,8,Summer,Weekday
2023-08-30,Deluxe,585.910000,4,5,2023-08,8,Summer,Weekday
2023-08-30,Family,541.920000,3,3,2023-08,8,Summer,Weekday
2023-08-31,Standard,684.230000,7,10,2023-08,8,Summer,Weekday
2023-08-31,Deluxe,733.910000,5,5,2023-08,8,Summer,Weekday
2023-08-31,Family,365.270000,2,3,2023-08,8,Summer,Weekday
2023-09-01,Standard,933.360000,10,10,2023-09,9,Autumn,Weekend
2023-09-01,Deluxe,446.850000,3,5,2023-09,9,Autumn,Weekend
2023-09-01,Family,523.800000,3,3,2023-09,9,Autumn,Weekend
2023-09-02,Standard,633.990000,7,10,2023-09,9,Autumn,Weekend
2023-09-02,Deluxe,577.850000,4,5,2023-09,9,Autumn,Weekend
2023-09-02,Family,523.800000,3,3,2023-09,9,Autumn,Weekend
2023-09-03,Standard,614.360000,7,10,2023-09,9,Autumn,Weekday
2023-09-03,Deluxe,389.060000,3,5,2023-09,9,Autumn,Weekday
2023-09-03,Family,519.570000,3,3,2023-09,9,Autumn,Weekday
2023-09-04,Standard,665.280000,8,10,2023-09,9,Autumn,Weekday
2023-09-04,Deluxe,376.450000,3,5,2023-09,9,Autumn,Weekday
2023-09-04,Family,519.570000,3,3,2023-09,9,Autumn,Weekday
2023-09-05,Standard,571.210000,7,10,2023-09,9,Autumn,Weekday
2023-09-05,Deluxe,230.850000,2,5,2023-09,9,Autumn,Weekday
2023-09-05,Family,332.200000,2,3,2023-09,9,Autumn,Weekday
2023-09-06,Standard,463.760000,6,10,2023-09,9,Autumn,Weekday
2023-09-06,Deluxe,230.930000,2,5,2023-09,9,Autumn,Weekday
2023-09-06,Family,334.700000,2,3,2023-09,9,Autumn,Weekday
2023-09-07,Standard,223.840000,3,10,2023-09,9,Autumn,Weekday
2023-09-07,Deluxe,232.560000,2,5,2023-09,9,Autumn,Weekday
2023-09-07,Family,146.530000,1,3,2023-09,9,Autumn,Weekday
2023-09-08,Standard,666.910000,8,10,2023-09,9,Autumn,Weekend
2023-09-08,Deluxe,484.900000,4,5,2023-09,9,Autumn,Weekend
2023-09-08,Family,469.900000,3,3,2023-09,9,Autumn,Weekend
2023-09-09,Standard,692.670000,8,10,2023-09,9,Autumn,Weekend
2023-09-09,Deluxe,378.440000,3,5,2023-09,9,Autumn,Weekend
2023-09-09,Family,469.900000,3,3,2023-09,9,Autumn,Weekend
2023-09-10,Standard,519.830000,6,10,2023-09,9,Autumn,Weekday
2023-09-10,Deluxe,360.070000,3,5,2023-09,9,Autumn,Weekday
2023-09-10,Family,462.550000,3,3,2023-09,9,Autumn,Weekday
2023-09-11,Standard,509.240000,6,10,2023-09,9,Autumn,Weekday
2023-09-11,Deluxe,236.950000,2,5,2023-09,9,Autumn,Weekday
2023-09-11,Family,466.410000,3,3,2023-09,9,Autumn,Weekday
2023-09-12,Standard,502.040000,6,10,2023-09,9,Autumn,Weekday
2023-09-12,Deluxe,219.580000,2,5,2023-09,9,Autumn,Weekday
2023-09-12,Family,460.640000,3,3,2023-09,9,Autumn,Weekday
2023-09-13,Standard,339.700000,4,10,2023-09,9,Autumn,Weekday
2023-09-13,Deluxe,219.580000,2,5,2023-09,9,Autumn,Weekday
2023-09-13,Family,460.640000,3,3,2023-09,9,Autumn,Weekday
2023-09-14,Standard,327.470000,4,10,2023-09,9,Autumn,Weekday
2023-09-14,Deluxe,117.420000,1,5,2023-09,9,Autumn,Weekday
2023-09-14,Family,304.890000,2,3,2023-09,9,Autumn,Weekday
2023-09-15,Standard,511.090000,6,10,2023-09,9,Autumn,Weekend
2023-09-15,Deluxe,399.760000,3,5,2023-09,9,Autumn,Weekend
2023-09-15,Family,469.550000,3,3,2023-09,9,Autumn,Weekend
2023-09-16,Standard,521.810000,6,10,2023-09,9,Autumn,Weekend
2023-09-16,Deluxe,523.400000,4,5,2023-09,9,Autumn,Weekend
2023-09-16,Family,507.200000,3,3,2023-09,9,Autumn,Weekend
2023-09-17,Standard,521.810000,6,10,2023-09,9,Autumn,Weekday
2023-09-17,Deluxe,507.980000,4,5,2023-09,9,Autumn,Weekday
2023-09-17,Family,174.560000,1,3,2023-09,9,Autumn,Weekday
2023-09-18,Standard,680.920000,8,10,2023-09,9,Autumn,Weekday
2023-09-18,Deluxe,377.980000,3,5,2023-09,9,Autumn,Weekday
2023-09-18,Family,174.560000,1,3,2023-09,9,Autumn,Weekday
2023-09-19,Standard,489.940000,6,10,2023-09,9,Autumn,Weekday
2023-09-19,Deluxe,243.120000,2,5,2023-09,9,Autumn,Weekday
2023-09-19,Family,333.460000,2,3,2023-09,9,Autumn,Weekday
2023-09-20,Standard,304.760000,4,10,2023-09,9,Autumn,Weekday
2023-09-20,Deluxe,227.180000,2,5,2023-09,9,Autumn,Weekday
2023-09-20,Family,316.650000,2,3,2023-09,9,Autumn,Weekday
2023-09-21,Standard,389.130000,5,10,2023-09,9,Autumn,Weekday
2023-09-21,Deluxe,227.180000,2,5,2023-09,9,Autumn,Weekday
2023-09-21,Family,316.650000,2,3,2023-09,9,Autumn,Weekday
2023-09-22,Standard,657.840000,8,10,2023-09,9,Autumn,Weekend
2023-09-22,Deluxe,377.510000,3,5,2023-09,9,Autumn,Weekend
2023-09-22,Family,481.950000,3,3,2023-09,9,Autumn,Weekend
2023-09-23,Standard,594.490000,7,10,2023-09,9,Autumn,Weekend
2023-09-23,Deluxe,635.340000,5,5,2023-09,9,Autumn,Weekend
2023-09-23,Family,479.290000,3,3,2023-09,9,Autumn,Weekend
2023-09-24,Standard,719.750000,9,10,2023-09,9,Autumn,Weekday
2023-09-24,Deluxe,501.650000,4,5,2023-09,9,Autumn,Weekday
2023-09-24,Family,153.470000,1,3,2023-09,9,Autumn,Weekday
2023-09-25,Standard,625.180000,8,10,2023-09,9,Autumn,Weekday
2023-09-25,Deluxe,364.640000,3,5,2023-09,9,Autumn,Weekday
2023-09-25,Family,303.160000,2,3,2023-09,9,Autumn,Weekday
2023-09-26,Standard,533.240000,7,10,2023-09,9,Autumn,Weekday
2023-09-26,Deluxe,220.830000,2,5,2023-09,9,Autumn,Weekday
2023-09-26,Family,304.640000,2,3,2023-09,9,Autumn,Weekday
2023-09-27,Standard,459.460000,6,10,2023-09,9,Autumn,Weekday
2023-09-27,Deluxe,109.270000,1,5,2023-09,9,Autumn,Weekday
2023-09-27,Family,306.850000,2,3,2023-09,9,Autumn,Weekday
2023-09-28,Standard,387.180000,5,10,2023-09,9,Autumn,Weekday
2023-09-28,Deluxe,443.670000,4,5,2023-09,9,Autumn,Weekday
2023-09-28,Family,306.850000,2,3,2023-09,9,Autumn,Weekday
2023-09-29,Standard,466.000000,6,10,2023-09,9,Autumn,Weekend
2023-09-29,Deluxe,334.400000,3,5,2023-09,9,Autumn,Weekend
2023-09-29,Family,0.000000,0,3,2023-09,9,Autumn,Weekend
2023-09-30,Standard,493.500000,6,10,2023-09,9,Autumn,Weekend
2023-09-30,Deluxe,222.240000,2,5,2023-09,9,Autumn,Weekend
2023-09-30,Family,329.620000,2,3,2023-09,9,Autumn,Weekend
2023-10-01,Standard,254.360000,3,10,2023-10,10,Autumn,Weekday
2023-10-01,Deluxe,108.400000,1,5,2023-10,10,Autumn,Weekday
2023-10-01,Family,163.490000,1,3,2023-10,10,Autumn,Weekday
2023-10-02,Standard,407.420000,5,10,2023-10,10,Autumn,Weekday
2023-10-02,Deluxe,113.470000,1,5,2023-10,10,Autumn,Weekday
2023-10-02,Family,0.000000,0,3,2023-10,10,Autumn,Weekday
2023-10-03,Standard,319.850000,4,10,2023-10,10,Autumn,Weekday
2023-10-03,Deluxe,233.380000,2,5,2023-10,10,Autumn,Weekday
2023-10-03,Family,0.000000,0,3,2023-10,10,Autumn,Weekday
2023-10-04,Standard,472.450000,6,10,2023-10,10,Autumn,Weekday
2023-10-04,Deluxe,113.470000,1,5,2023-10,10,Autumn,Weekday
2023-10-04,Family,150.570000,1,3,2023-10,10,Autumn,Weekday
2023-10-05,Standard,307.140000,4,10,2023-10,10,Autumn,Weekday
2023-10-05,Deluxe,231.600000,2,5,2023-10,10,Autumn,Weekday
2023-10-05,Family,150.570000,1,3,2023-10,10,Autumn,Weekday
2023-10-06,Standard,76.490000,1,10,2023-10,10,Autumn,Weekend
2023-10-06,Deluxe,358.260000,3,5,2023-10,10,Autumn,Weekend
2023-10-06,Family,150.570000,1,3,2023-10,10,Autumn,Weekend
2023-10-07,Standard,500.980000,6,10,2023-10,10,Autumn,Weekend
2023-10-07,Deluxe,383.180000,3,5,2023-10,10,Autumn,Weekend
2023-10-07,Family,150.570000,1,3,2023-10,10,Autumn,Weekend
2023-10-08,Standard,424.490000,5,10,2023-10,10,Autumn,Weekday
2023-10-08,Deluxe,362.850000,3,5,2023-10,10,Autumn,Weekday
2023-10-08,Family,152.210000,1,3,2023-10,10,Autumn,Weekday
2023-10-09,Standard,499.330000,6,10,2023-10,10,Autumn,Weekday
2023-10-09,Deluxe,353.140000,3,5,2023-10,10,Autumn,Weekday
2023-10-09,Family,152.210000,1,3,2023-10,10,Autumn,Weekday
2023-10-10,Standard,487.130000,6,10,2023-10,10,Autumn,Weekday
2023-10-10,Deluxe,223.060000,2,5,2023-10,10,Autumn,Weekday
2023-10-10,Family,316.880000,2,3,2023-10,10,Autumn,Weekday
2023-10-11,Standard,321.160000,4,10,2023-10,10,Autumn,Weekday
2023-10-11,Deluxe,338.730000,3,5,2023-10,10,Autumn,Weekday
2023-10-11,Family,158.980000,1,3,2023-10,10,Autumn,Weekday
2023-10-12,Standard,325.380000,4,10,2023-10,10,Autumn,Weekday
2023-10-12,Deluxe,340.910000,3,5,2023-10,10,Autumn,Weekday
2023-10-12,Family,0.000000,0,3,2023-10,10,Autumn,Weekday
2023-10-13,Standard,416.000000,5,10,2023-10,10,Autumn,Weekend
2023-10-13,Deluxe,590.750000,5,5,2023-10,10,Autumn,Weekend
2023-10-13,Family,162.590000,1,3,2023-10,10,Autumn,Weekend
2023-10-14,Standard,343.910000,4,10,2023-10,10,Autumn,Weekend
2023-10-14,Deluxe,590.750000,5,5,2023-10,10,Autumn,Weekend
2023-10-14,Family,339.880000,2,3,2023-10,10,Autumn,Weekend
2023-10-15,Standard,416.680000,5,10,2023-10,10,Autumn,Weekday
2023-10-15,Deluxe,354.930000,3,5,2023-10,10,Autumn,Weekday
2023-10-15,Family,325.520000,2,3,2023-10,10,Autumn,Weekday
2023-10-16,Standard,490.810000,6,10,2023-10,10,Autumn,Weekday
2023-10-16,Deluxe,580.820000,5,5,2023-10,10,Autumn,Weekday
2023-10-16,Family,152.770000,1,3,2023-10,10,Autumn,Weekday
2023-10-17,Standard,476.900000,6,10,2023-10,10,Autumn,Weekday
2023-10-17,Deluxe,580.820000,5,5,2023-10,10,Autumn,Weekday
2023-10-17,Family,303.930000,2,3,2023-10,10,Autumn,Weekday
2023-10-18,Standard,314.620000,4,10,2023-10,10,Autumn,Weekday
2023-10-18,Deluxe,344.030000,3,5,2023-10,10,Autumn,Weekday
2023-10-18,Family,303.930000,2,3,2023-10,10,Autumn,Weekday
2023-10-19,Standard,304.990000,4,10,2023-10,10,Autumn,Weekday
2023-10-19,Deluxe,231.140000,2,5,2023-10,10,Autumn,Weekday
2023-10-19,Family,295.380000,2,3,2023-10,10,Autumn,Weekday
2023-10-20,Standard,241.880000,3,10,2023-10,10,Autumn,Weekend
2023-10-20,Deluxe,390.230000,3,5,2023-10,10,Autumn,Weekend
2023-10-20,Family,163.750000,1,3,2023-10,10,Autumn,Weekend
2023-10-21,Standard,324.890000,4,10,2023-10,10,Autumn,Weekend
2023-10-21,Deluxe,390.230000,3,5,2023-10,10,Autumn,Weekend
2023-10-21,Family,172.230000,1,3,2023-10,10,Autumn,Weekend
2023-10-22,Standard,242.700000,3,10,2023-10,10,Autumn,Weekday
2023-10-22,Deluxe,0.000000,0,5,2023-10,10,Autumn,Weekday
2023-10-22,Family,329.520000,2,3,2023-10,10,Autumn,Weekday
2023-10-23,Standard,404.320000,5,10,2023-10,10,Autumn,Weekday
2023-10-23,Deluxe,0.000000,0,5,2023-10,10,Autumn,Weekday
2023-10-23,Family,157.290000,1,3,2023-10,10,Autumn,Weekday
2023-10-24,Standard,553.450000,7,10,2023-10,10,Autumn,Weekday
2023-10-24,Deluxe,116.470000,1,5,2023-10,10,Autumn,Weekday
2023-10-24,Family,157.290000,1,3,2023-10,10,Autumn,Weekday
2023-10-25,Standard,713.030000,9,10,2023-10,10,Autumn,Weekday
2023-10-25,Deluxe,346.530000,3,5,2023-10,10,Autumn,Weekday
2023-10-25,Family,143.860000,1,3,2023-10,10,Autumn,Weekday
2023-10-26,Standard,394.350000,5,10,2023-10,10,Autumn,Weekday
2023-10-26,Deluxe,570.370000,5,5,2023-10,10,Autumn,Weekday
2023-10-26,Family,305.680000,2,3,2023-10,10,Autumn,Weekday
2023-10-27,Standard,597.070000,7,10,2023-10,10,Autumn,Weekend
2023-10-27,Deluxe,588.950000,5,5,2023-10,10,Autumn,Weekend
2023-10-27,Family,305.680000,2,3,2023-10,10,Autumn,Weekend
2023-10-28,Standard,688.750000,8,10,2023-10,10,Autumn,Weekend
2023-10-28,Deluxe,607.850000,5,5,2023-10,10,Autumn,Weekend
2023-10-28,Family,343.750000,2,3,2023-10,10,Autumn,Weekend
2023-10-29,Standard,688.750000,8,10,2023-10,10,Autumn,Weekday
2023-10-29,Deluxe,490.950000,4,5,2023-10,10,Autumn,Weekday
2023-10-29,Family,325.760000,2,3,2023-10,10,Autumn,Weekday
2023-10-30,Standard,573.900000,7,10,2023-10,10,Autumn,Weekday
2023-10-30,Deluxe,363.830000,3,5,2023-10,10,Autumn,Weekday
2023-10-30,Family,476.790000,3,3,2023-10,10,Autumn,Weekday
2023-10-31,Standard,396.600000,5,10,2023-10,10,Autumn,Weekday
2023-10-31,Deluxe,113.900000,1,5,2023-10,10,Autumn,Weekday
2023-10-31,Family,324.730000,2,3,2023-10,10,Autumn,Weekday
2023-11-01,Standard,226.640000,3,10,2023-11,11,Autumn,Weekday
2023-11-01,Deluxe,233.390000,2,5,2023-11,11,Autumn,Weekday
2023-11-01,Family,173.700000,1,3,2023-11,11,Autumn,Weekday
2023-11-02,Standard,314.330000,4,10,2023-11,11,Autumn,Weekday
2023-11-02,Deluxe,0.000000,0,5,2023-11,11,Autumn,Weekday
2023-11-02,Family,329.330000,2,3,2023-11,11,Autumn,Weekday
2023-11-03,Standard,236.210000,3,10,2023-11,11,Autumn,Weekend
2023-11-03,Deluxe,264.860000,2,5,2023-11,11,Autumn,Weekend
2023-11-03,Family,329.330000,2,3,2023-11,11,Autumn,Weekend
2023-11-04,Standard,496.120000,6,10,2023-11,11,Autumn,Weekend
2023-11-04,Deluxe,264.860000,2,5,2023-11,11,Autumn,Weekend
2023-11-04,Family,0.000000,0,3,2023-11,11,Autumn,Weekend
2023-11-05,Standard,259.910000,3,10,2023-11,11,Autumn,Weekday
2023-11-05,Deluxe,134.710000,1,5,2023-11,11,Autumn,Weekday
2023-11-05,Family,0.000000,0,3,2023-11,11,Autumn,Weekday
2023-11-06,Standard,75.530000,1,10,2023-11,11,Autumn,Weekday
2023-11-06,Deluxe,245.570000,2,5,2023-11,11,Autumn,Weekday
2023-11-06,Family,0.000000,0,3,2023-11,11,Autumn,Weekday
2023-11-07,Standard,157.590000,2,10,2023-11,11,Autumn,Weekday
2023-11-07,Deluxe,245.570000,2,5,2023-11,11,Autumn,Weekday
2023-11-07,Family,152.120000,1,3,2023-11,11,Autumn,Weekday
2023-11-08,Standard,157.590000,2,10,2023-11,11,Autumn,Weekday
2023-11-08,Deluxe,110.860000,1,5,2023-11,11,Autumn,Weekday
2023-11-08,Family,152.120000,1,3,2023-11,11,Autumn,Weekday
2023-11-09,Standard,151.850000,2,10,2023-11,11,Autumn,Weekday
2023-11-09,Deluxe,0.000000,0,5,2023-11,11,Autumn,Weekday
2023-11-09,Family,0.000000,0,3,2023-11,11,Autumn,Weekday
2023-11-10,Standard,151.850000,2,10,2023-11,11,Autumn,Weekend
2023-11-10,Deluxe,0.000000,0,5,2023-11,11,Autumn,Weekend
2023-11-10,Family,0.000000,0,3,2023-11,11,Autumn,Weekend
2023-11-11,Standard,424.200000,5,10,2023-11,11,Autumn,Weekend
2023-11-11,Deluxe,387.900000,3,5,2023-11,11,Autumn,Weekend
2023-11-11,Family,169.620000,1,3,2023-11,11,Autumn,Weekend
2023-11-12,Standard,419.810000,5,10,2023-11,11,Autumn,Weekday
2023-11-12,Deluxe,382.140000,3,5,2023-11,11,Autumn,Weekday
2023-11-12,Family,169.620000,1,3,2023-11,11,Autumn,Weekday
2023-11-13,Standard,88.660000,1,10,2023-11,11,Autumn,Weekday
2023-11-13,Deluxe,491.180000,4,5,2023-11,11,Autumn,Weekday
2023-11-13,Family,169.620000,1,3,2023-11,11,Autumn,Weekday
2023-11-14,Standard,88.660000,1,10,2023-11,11,Autumn,Weekday
2023-11-14,Deluxe,236.950000,2,5,2023-11,11,Autumn,Weekday
2023-11-14,Family,169.620000,1,3,2023-11,11,Autumn,Weekday
2023-11-15,Standard,82.300000,1,10,2023-11,11,Autumn,Weekday
2023-11-15,Deluxe,236.950000,2,5,2023-11,11,Autumn,Weekday
2023-11-15,Family,0.000000,0,3,2023-11,11,Autumn,Weekday
2023-11-16,Standard,152.280000,2,10,2023-11,11,Autumn,Weekday
2023-11-16,Deluxe,127.910000,1,5,2023-11,11,Autumn,Weekday
2023-11-16,Family,0.000000,0,3,2023-11,11,Autumn,Weekday
2023-11-17,Standard,164.160000,2,10,2023-11,11,Autumn,Weekend
2023-11-17,Deluxe,243.100000,2,5,2023-11,11,Autumn,Weekend
2023-11-17,Family,0.000000,0,3,2023-11,11,Autumn,Weekend
2023-11-18,Standard,337.290000,4,10,2023-11,11,Autumn,Weekend
2023-11-18,Deluxe,120.640000,1,5,2023-11,11,Autumn,Weekend
2023-11-18,Family,169.180000,1,3,2023-11,11,Autumn,Weekend
2023-11-19,Standard,260.040000,3,10,2023-11,11,Autumn,Weekday
2023-11-19,Deluxe,230.580000,2,5,2023-11,11,Autumn,Weekday
2023-11-19,Family,153.690000,1,3,2023-11,11,Autumn,Weekday
2023-11-20,Standard,414.250000,5,10,2023-11,11,Autumn,Weekday
2023-11-20,Deluxe,230.580000,2,5,2023-11,11,Autumn,Weekday
2023-11-20,Family,145.470000,1,3,2023-11,11,Autumn,Weekday
2023-11-21,Standard,321.870000,4,10,2023-11,11,Autumn,Weekday
2023-11-21,Deluxe,115.910000,1,5,2023-11,11,Autumn,Weekday
2023-11-21,Family,301.770000,2,3,2023-11,11,Autumn,Weekday
2023-11-22,Standard,161.600000,2,10,2023-11,11,Autumn,Weekday
2023-11-22,Deluxe,0.000000,0,5,2023-11,11,Autumn,Weekday
2023-11-22,Family,156.300000,1,3,2023-11,11,Autumn,Weekday
2023-11-23,Standard,161.600000,2,10,2023-11,11,Autumn,Weekday
2023-11-23,Deluxe,0.000000,0,5,2023-11,11,Autumn,Weekday
2023-11-23,Family,147.090000,1,3,2023-11,11,Autumn,Weekday
2023-11-24,Standard,341.110000,4,10,2023-11,11,Autumn,Weekend
2023-11-24,Deluxe,244.640000,2,5,2023-11,11,Autumn,Weekend
2023-11-24,Family,147.090000,1,3,2023-11,11,Autumn,Weekend
2023-11-25,Standard,426.080000,5,10,2023-11,11,Autumn,Weekend
2023-11-25,Deluxe,507.550000,4,5,2023-11,11,Autumn,Weekend
2023-11-25,Family,177.050000,1,3,2023-11,11,Autumn,Weekend
2023-11-26,Standard,342.790000,4,10,2023-11,11,Autumn,Weekday
2023-11-26,Deluxe,617.460000,5,5,2023-11,11,Autumn,Weekday
2023-11-26,Family,177.050000,1,3,2023-11,11,Autumn,Weekday
2023-11-27,Standard,82.530000,1,10,2023-11,11,Autumn,Weekday
2023-11-27,Deluxe,370.160000,3,5,2023-11,11,Autumn,Weekday
2023-11-27,Family,156.660000,1,3,2023-11,11,Autumn,Weekday
2023-11-28,Standard,0.000000,0,10,2023-11,11,Autumn,Weekday
2023-11-28,Deluxe,223.930000,2,5,2023-11,11,Autumn,Weekday
2023-11-28,Family,300.970000,2,3,2023-11,11,Autumn,Weekday
2023-11-29,Standard,0.000000,0,10,2023-11,11,Autumn,Weekday
2023-11-29,Deluxe,120.260000,1,5,2023-11,11,Autumn,Weekday
2023-11-29,Family,300.970000,2,3,2023-11,11,Autumn,Weekday
2023-11-30,Standard,76.370000,1,10,2023-11,11,Autumn,Weekday
2023-11-30,Deluxe,230.000000,2,5,2023-11,11,Autumn,Weekday
2023-11-30,Family,142.870000,1,3,2023-11,11,Autumn,Weekday
2023-12-01,Standard,212.560000,3,10,2023-12,12,Winter,Weekend
2023-12-01,Deluxe,230.000000,2,5,2023-12,12,Winter,Weekend
2023-12-01,Family,142.870000,1,3,2023-12,12,Winter,Weekend
2023-12-02,Standard,285.400000,4,10,2023-12,12,Winter,Weekend
2023-12-02,Deluxe,120.260000,1,5,2023-12,12,Winter,Weekend
2023-12-02,Family,142.870000,1,3,2023-12,12,Winter,Weekend
2023-12-03,Standard,276.320000,4,10,2023-12,12,Winter,Weekday
2023-12-03,Deluxe,265.500000,3,5,2023-12,12,Winter,Weekday
2023-12-03,Family,0.000000,0,3,2023-12,12,Winter,Weekday
2023-12-04,Standard,205.300000,3,10,2023-12,12,Winter,Weekday
2023-12-04,Deluxe,264.970000,3,5,2023-12,12,Winter,Weekday
2023-12-04,Family,0.000000,0,3,2023-12,12,Winter,Weekday
2023-12-05,Standard,127.770000,2,10,2023-12,12,Winter,Weekday
2023-12-05,Deluxe,267.570000,3,5,2023-12,12,Winter,Weekday
2023-12-05,Family,0.000000,0,3,2023-12,12,Winter,Weekday
2023-12-06,Standard,188.920000,3,10,2023-12,12,Winter,Weekday
2023-12-06,Deluxe,357.670000,4,5,2023-12,12,Winter,Weekday
2023-12-06,Family,0.000000,0,3,2023-12,12,Winter,Weekday
2023-12-07,Standard,248.990000,4,10,2023-12,12,Winter,Weekday
2023-12-07,Deluxe,185.030000,2,5,2023-12,12,Winter,Weekday
2023-12-07,Family,0.000000,0,3,2023-12,12,Winter,Weekday
2023-12-08,Standard,248.990000,4,10,2023-12,12,Winter,Weekend
2023-12-08,Deluxe,90.100000,1,5,2023-12,12,Winter,Weekend
2023-12-08,Family,0.000000,0,3,2023-12,12,Winter,Weekend
2023-12-09,Standard,192.360000,3,10,2023-12,12,Winter,Weekend
2023-12-09,Deluxe,190.850000,2,5,2023-12,12,Winter,Weekend
2023-12-09,Family,130.660000,1,3,2023-12,12,Winter,Weekend
2023-12-10,Standard,131.200000,2,10,2023-12,12,Winter,Weekday
2023-12-10,Deluxe,190.850000,2,5,2023-12,12,Winter,Weekday
2023-12-10,Family,130.660000,1,3,2023-12,12,Winter,Weekday
2023-12-11,Standard,131.200000,2,10,2023-12,12,Winter,Weekday
2023-12-11,Deluxe,100.750000,1,5,2023-12,12,Winter,Weekday
2023-12-11,Family,0.000000,0,3,2023-12,12,Winter,Weekday
2023-12-12,Standard,61.620000,1,10,2023-12,12,Winter,Weekday
2023-12-12,Deluxe,190.700000,2,5,2023-12,12,Winter,Weekday
2023-12-12,Family,118.640000,1,3,2023-12,12,Winter,Weekday
2023-12-13,Standard,61.620000,1,10,2023-12,12,Winter,Weekday
2023-12-13,Deluxe,190.700000,2,5,2023-12,12,Winter,Weekday
2023-12-13,Family,0.000000,0,3,2023-12,12,Winter,Weekday
2023-12-14,Standard,183.470000,3,10,2023-12,12,Winter,Weekday
2023-12-14,Deluxe,178.860000,2,5,2023-12,12,Winter,Weekday
2023-12-14,Family,0.000000,0,3,2023-12,12,Winter,Weekday
2023-12-15,Standard,384.190000,6,10,2023-12,12,Winter,Weekend
2023-12-15,Deluxe,278.230000,3,5,2023-12,12,Winter,Weekend
2023-12-15,Family,135.940000,1,3,2023-12,12,Winter,Weekend
2023-12-16,Standard,528.830000,8,10,2023-12,12,Winter,Weekend
2023-12-16,Deluxe,196.550000,2,5,2023-12,12,Winter,Weekend
2023-12-16,Family,135.940000,1,3,2023-12,12,Winter,Weekend
2023-12-17,Standard,593.010000,9,10,2023-12,12,Winter,Weekday
2023-12-17,Deluxe,196.550000,2,5,2023-12,12,Winter,Weekday
2023-12-17,Family,253.820000,2,3,2023-12,12,Winter,Weekday
2023-12-18,Standard,459.820000,7,10,2023-12,12,Winter,Weekday
2023-12-18,Deluxe,97.180000,1,5,2023-12,12,Winter,Weekday
2023-12-18,Family,261.810000,2,3,2023-12,12,Winter,Weekday
2023-12-19,Standard,318.400000,5,10,2023-12,12,Winter,Weekday
2023-12-19,Deluxe,188.090000,2,5,2023-12,12,Winter,Weekday
2023-12-19,Family,125.870000,1,3,2023-12,12,Winter,Weekday
2023-12-20,Standard,249.700000,4,10,2023-12,12,Winter,Weekday
2023-12-20,Deluxe,188.090000,2,5,2023-12,12,Winter,Weekday
2023-12-20,Family,125.870000,1,3,2023-12,12,Winter,Weekday
2023-12-21,Standard,124.240000,2,10,2023-12,12,Winter,Weekday
2023-12-21,Deluxe,96.430000,1,5,2023-12,12,Winter,Weekday
2023-12-21,Family,125.870000,1,3,2023-12,12,Winter,Weekday
2023-12-22,Standard,203.190000,3,10,2023-12,12,Winter,Weekend
2023-12-22,Deluxe,413.720000,4,5,2023-12,12,Winter,Weekend
2023-12-22,Family,125.870000,1,3,2023-12,12,Winter,Weekend
2023-12-23,Standard,61.750000,1,10,2023-12,12,Winter,Weekend
2023-12-23,Deluxe,512.200000,5,5,2023-12,12,Winter,Weekend
2023-12-23,Family,0.000000,0,3,2023-12,12,Winter,Weekend
2023-12-24,Standard,184.690000,3,10,2023-12,12,Winter,Weekday
2023-12-24,Deluxe,308.500000,3,5,2023-12,12,Winter,Weekday
2023-12-24,Family,0.000000,0,3,2023-12,12,Winter,Weekday
2023-12-25,Standard,191.850000,3,10,2023-12,12,Winter,Weekday
2023-12-25,Deluxe,0.000000,0,5,2023-12,12,Winter,Weekday
2023-12-25,Family,115.920000,1,3,2023-12,12,Winter,Weekday
2023-12-26,Standard,254.950000,4,10,2023-12,12,Winter,Weekday
2023-12-26,Deluxe,0.000000,0,5,2023-12,12,Winter,Weekday
2023-12-26,Family,113.900000,1,3,2023-12,12,Winter,Weekday
2023-12-27,Standard,259.670000,4,10,2023-12,12,Winter,Weekday
2023-12-27,Deluxe,172.190000,2,5,2023-12,12,Winter,Weekday
2023-12-27,Family,113.900000,1,3,2023-12,12,Winter,Weekday
2023-12-28,Standard,195.290000,3,10,2023-12,12,Winter,Weekday
2023-12-28,Deluxe,81.210000,1,5,2023-12,12,Winter,Weekday
2023-12-28,Family,113.900000,1,3,2023-12,12,Winter,Weekday
2023-12-29,Standard,271.310000,4,10,2023-12,12,Winter,Weekend
2023-12-29,Deluxe,181.620000,2,5,2023-12,12,Winter,Weekend
2023-12-29,Family,0.000000,0,3,2023-12,12,Winter,Weekend
2023-12-30,Standard,211.380000,3,10,2023-12,12,Winter,Weekend
2023-12-30,Deluxe,382.790000,4,5,2023-12,12,Winter,Weekend
2023-12-30,Family,138.700000,1,3,2023-12,12,Winter,Weekend
2023-12-31,Standard,271.940000,4,10,2023-12,12,Winter,Weekday
2023-12-31,Deluxe,301.580000,3,5,2023-12,12,Winter,Weekday
2023-12-31,Family,138.700000,1,3,2023-12,12,Winter,Weekday
2024-01-01,Standard,202.550000,3,10,2024-01,1,Winter,Weekday
2024-01-01,Deluxe,201.170000,2,5,2024-01,1,Winter,Weekday
2024-01-01,Family,138.700000,1,3,2024-01,1,Winter,Weekday
2024-01-02,Standard,269.000000,4,10,2024-01,1,Winter,Weekday
2024-01-02,Deluxe,201.170000,2,5,2024-01,1,Winter,Weekday
2024-01-02,Family,125.780000,1,3,2024-01,1,Winter,Weekday
2024-01-03,Standard,263.560000,4,10,2024-01,1,Winter,Weekday
2024-01-03,Deluxe,289.700000,3,5,2024-01,1,Winter,Weekday
2024-01-03,Family,125.780000,1,3,2024-01,1,Winter,Weekday
2024-01-04,Standard,128.130000,2,10,2024-01,1,Winter,Weekday
2024-01-04,Deluxe,88.530000,1,5,2024-01,1,Winter,Weekday
2024-01-04,Family,117.090000,1,3,2024-01,1,Winter,Weekday
2024-01-05,Standard,336.790000,5,10,2024-01,1,Winter,Weekend
2024-01-05,Deluxe,108.880000,1,5,2024-01,1,Winter,Weekend
2024-01-05,Family,0.000000,0,3,2024-01,1,Winter,Weekend
2024-01-06,Standard,347.170000,5,10,2024-01,1,Winter,Weekend
2024-01-06,Deluxe,108.880000,1,5,2024-01,1,Winter,Weekend
2024-01-06,Family,138.380000,1,3,2024-01,1,Winter,Weekend
2024-01-07,Standard,271.410000,4,10,2024-01,1,Winter,Weekday
2024-01-07,Deluxe,0.000000,0,5,2024-01,1,Winter,Weekday
2024-01-07,Family,138.380000,1,3,2024-01,1,Winter,Weekday
2024-01-08,Standard,337.160000,5,10,2024-01,1,Winter,Weekday
2024-01-08,Deluxe,0.000000,0,5,2024-01,1,Winter,Weekday
2024-01-08,Family,0.000000,0,3,2024-01,1,Winter,Weekday
2024-01-09,Standard,330.060000,5,10,2024-01,1,Winter,Weekday
2024-01-09,Deluxe,0.000000,0,5,2024-01,1,Winter,Weekday
2024-01-09,Family,0.000000,0,3,2024-01,1,Winter,Weekday
2024-01-10,Standard,256.490000,4,10,2024-01,1,Winter,Weekday
2024-01-10,Deluxe,97.680000,1,5,2024-01,1,Winter,Weekday
2024-01-10,Family,0.000000,0,3,2024-01,1,Winter,Weekday
2024-01-11,Standard,323.350000,5,10,2024-01,1,Winter,Weekday
2024-01-11,Deluxe,192.520000,2,5,2024-01,1,Winter,Weekday
2024-01-11,Family,0.000000,0,3,2024-01,1,Winter,Weekday
2024-01-12,Standard,332.470000,5,10,2024-01,1,Winter,Weekend
2024-01-12,Deluxe,94.840000,1,5,2024-01,1,Winter,Weekend
2024-01-12,Family,0.000000,0,3,2024-01,1,Winter,Weekend
2024-01-13,Standard,401.700000,6,10,2024-01,1,Winter,Weekend
2024-01-13,Deluxe,108.940000,1,5,2024-01,1,Winter,Weekend
2024-01-13,Family,131.280000,1,3,2024-01,1,Winter,Weekend
2024-01-14,Standard,265.720000,4,10,2024-01,1,Winter,Weekday
2024-01-14,Deluxe,287.450000,3,5,2024-01,1,Winter,Weekday
2024-01-14,Family,131.280000,1,3,2024-01,1,Winter,Weekday
2024-01-15,Standard,189.080000,3,10,2024-01,1,Winter,Weekday
2024-01-15,Deluxe,287.450000,3,5,2024-01,1,Winter,Weekday
2024-01-15,Family,0.000000,0,3,2024-01,1,Winter,Weekday
2024-01-16,Standard,127.220000,2,10,2024-01,1,Winter,Weekday
2024-01-16,Deluxe,108.940000,1,5,2024-01,1,Winter,Weekday
2024-01-16,Family,0.000000,0,3,2024-01,1,Winter,Weekday
2024-01-17,Standard,126.140000,2,10,2024-01,1,Winter,Weekday
2024-01-17,Deluxe,194.390000,2,5,2024-01,1,Winter,Weekday
2024-01-17,Family,0.000000,0,3,2024-01,1,Winter,Weekday
2024-01-18,Standard,127.140000,2,10,2024-01,1,Winter,Weekday
2024-01-18,Deluxe,194.390000,2,5,2024-01,1,Winter,Weekday
2024-01-18,Family,0.000000,0,3,2024-01,1,Winter,Weekday
2024-01-19,Standard,144.100000,2,10,2024-01,1,Winter,Weekend
2024-01-19,Deluxe,313.470000,3,5,2024-01,1,Winter,Weekend
2024-01-19,Family,0.000000,0,3,2024-01,1,Winter,Weekend
2024-01-20,Standard,219.080000,3,10,2024-01,1,Winter,Weekend
2024-01-20,Deluxe,313.470000,3,5,2024-01,1,Winter,Weekend
2024-01-20,Family,0.000000,0,3,2024-01,1,Winter,Weekend
2024-01-21,Standard,74.980000,1,10,2024-01,1,Winter,Weekday
2024-01-21,Deluxe,106.320000,1,5,2024-01,1,Winter,Weekday
2024-01-21,Family,0.000000,0,3,2024-01,1,Winter,Weekday
2024-01-22,Standard,74.980000,1,10,2024-01,1,Winter,Weekday
2024-01-22,Deluxe,298.320000,3,5,2024-01,1,Winter,Weekday
2024-01-22,Family,0.000000,0,3,2024-01,1,Winter,Weekday
2024-01-23,Standard,74.980000,1,10,2024-01,1,Winter,Weekday
2024-01-23,Deluxe,285.700000,3,5,2024-01,1,Winter,Weekday
2024-01-23,Family,119.200000,1,3,2024-01,1,Winter,Weekday
2024-01-24,Standard,63.460000,1,10,2024-01,1,Winter,Weekday
2024-01-24,Deluxe,192.860000,2,5,2024-01,1,Winter,Weekday
2024-01-24,Family,119.200000,1,3,2024-01,1,Winter,Weekday
2024-01-25,Standard,63.460000,1,10,2024-01,1,Winter,Weekday
2024-01-25,Deluxe,189.400000,2,5,2024-01,1,Winter,Weekday
2024-01-25,Family,128.390000,1,3,2024-01,1,Winter,Weekday
2024-01-26,Standard,212.550000,3,10,2024-01,1,Winter,Weekend
2024-01-26,Deluxe,189.400000,2,5,2024-01,1,Winter,Weekend
2024-01-26,Family,128.390000,1,3,2024-01,1,Winter,Weekend
2024-01-27,Standard,297.500000,4,10,2024-01,1,Winter,Weekend
2024-01-27,Deluxe,296.420000,3,5,2024-01,1,Winter,Weekend
2024-01-27,Family,128.390000,1,3,2024-01,1,Winter,Weekend
2024-01-28,Standard,425.200000,6,10,2024-01,1,Winter,Weekday
2024-01-28,Deluxe,100.890000,1,5,2024-01,1,Winter,Weekday
2024-01-28,Family,0.000000,0,3,2024-01,1,Winter,Weekday
2024-01-29,Standard,271.450000,4,10,2024-01,1,Winter,Weekday
2024-01-29,Deluxe,100.890000,1,5,2024-01,1,Winter,Weekday
2024-01-29,Family,0.000000,0,3,2024-01,1,Winter,Weekday
2024-01-30,Standard,257.640000,4,10,2024-01,1,Winter,Weekday
2024-01-30,Deluxe,287.920000,3,5,2024-01,1,Winter,Weekday
2024-01-30,Family,0.000000,0,3,2024-01,1,Winter,Weekday
2024-01-31,Standard,193.540000,3,10,2024-01,1,Winter,Weekday
2024-01-31,Deluxe,191.000000,2,5,2024-01,1,Winter,Weekday
2024-01-31,Family,0.000000,0,3,2024-01,1,Winter,Weekday
2024-02-01,Standard,130.920000,2,10,2024-02,2,Winter,Weekday
2024-02-01,Deluxe,187.420000,2,5,2024-02,2,Winter,Weekday
2024-02-01,Family,129.120000,1,3,2024-02,2,Winter,Weekday
2024-02-02,Standard,211.960000,3,10,2024-02,2,Winter,Weekend
2024-02-02,Deluxe,94.160000,1,5,2024-02,2,Winter,Weekend
2024-02-02,Family,265.040000,2,3,2024-02,2,Winter,Weekend
2024-02-03,Standard,282.210000,4,10,2024-02,2,Winter,Weekend
2024-02-03,Deluxe,0.000000,0,5,2024-02,2,Winter,Weekend
2024-02-03,Family,129.120000,1,3,2024-02,2,Winter,Weekend
2024-02-04,Standard,277.260000,4,10,2024-02,2,Winter,Weekday
2024-02-04,Deluxe,91.350000,1,5,2024-02,2,Winter,Weekday
2024-02-04,Family,386.180000,3,3,2024-02,2,Winter,Weekday
2024-02-05,Standard,264.960000,4,10,2024-02,2,Winter,Weekday
2024-02-05,Deluxe,281.660000,3,5,2024-02,2,Winter,Weekday
2024-02-05,Family,386.180000,3,3,2024-02,2,Winter,Weekday
2024-02-06,Standard,194.710000,3,10,2024-02,2,Winter,Weekday
2024-02-06,Deluxe,370.650000,4,5,2024-02,2,Winter,Weekday
2024-02-06,Family,0.000000,0,3,2024-02,2,Winter,Weekday
2024-02-07,Standard,63.980000,1,10,2024-02,2,Winter,Weekday
2024-02-07,Deluxe,279.300000,3,5,2024-02,2,Winter,Weekday
2024-02-07,Family,0.000000,0,3,2024-02,2,Winter,Weekday
2024-02-08,Standard,128.320000,2,10,2024-02,2,Winter,Weekday
2024-02-08,Deluxe,378.570000,4,5,2024-02,2,Winter,Weekday
2024-02-08,Family,0.000000,0,3,2024-02,2,Winter,Weekday
2024-02-09,Standard,141.820000,2,10,2024-02,2,Winter,Weekend
2024-02-09,Deluxe,282.260000,3,5,2024-02,2,Winter,Weekend
2024-02-09,Family,0.000000,0,3,2024-02,2,Winter,Weekend
2024-02-10,Standard,350.730000,5,10,2024-02,2,Winter,Weekend
2024-02-10,Deluxe,287.670000,3,5,2024-02,2,Winter,Weekend
2024-02-10,Family,0.000000,0,3,2024-02,2,Winter,Weekend
2024-02-11,Standard,270.370000,4,10,2024-02,2,Winter,Weekday
2024-02-11,Deluxe,283.080000,3,5,2024-02,2,Winter,Weekday
2024-02-11,Family,240.720000,2,3,2024-02,2,Winter,Weekday
2024-02-12,Standard,132.160000,2,10,2024-02,2,Winter,Weekday
2024-02-12,Deluxe,174.110000,2,5,2024-02,2,Winter,Weekday
2024-02-12,Family,119.730000,1,3,2024-02,2,Winter,Weekday
2024-02-13,Standard,190.010000,3,10,2024-02,2,Winter,Weekday
2024-02-13,Deluxe,99.100000,1,5,2024-02,2,Winter,Weekday
2024-02-13,Family,119.730000,1,3,2024-02,2,Winter,Weekday
2024-02-14,Standard,189.920000,3,10,2024-02,2,Winter,Weekday
2024-02-14,Deluxe,95.910000,1,5,2024-02,2,Winter,Weekday
2024-02-14,Family,0.000000,0,3,2024-02,2,Winter,Weekday
2024-02-15,Standard,122.990000,2,10,2024-02,2,Winter,Weekday
2024-02-15,Deluxe,95.910000,1,5,2024-02,2,Winter,Weekday
2024-02-15,Family,119.120000,1,3,2024-02,2,Winter,Weekday
2024-02-16,Standard,196.380000,3,10,2024-02,2,Winter,Weekend
2024-02-16,Deluxe,95.910000,1,5,2024-02,2,Winter,Weekend
2024-02-16,Family,256.780000,2,3,2024-02,2,Winter,Weekend
2024-02-17,Standard,267.450000,4,10,2024-02,2,Winter,Weekend
2024-02-17,Deluxe,101.540000,1,5,2024-02,2,Winter,Weekend
2024-02-17,Family,397.400000,3,3,2024-02,2,Winter,Weekend
2024-02-18,Standard,321.540000,5,10,2024-02,2,Winter,Weekday
2024-02-18,Deluxe,101.540000,1,5,2024-02,2,Winter,Weekday
2024-02-18,Family,140.620000,1,3,2024-02,2,Winter,Weekday
2024-02-19,Standard,326.500000,5,10,2024-02,2,Winter,Weekday
2024-02-19,Deluxe,188.360000,2,5,2024-02,2,Winter,Weekday
2024-02-19,Family,140.620000,1,3,2024-02,2,Winter,Weekday
2024-02-20,Standard,256.400000,4,10,2024-02,2,Winter,Weekday
2024-02-20,Deluxe,188.360000,2,5,2024-02,2,Winter,Weekday
2024-02-20,Family,0.000000,0,3,2024-02,2,Winter,Weekday
2024-02-21,Standard,196.060000,3,10,2024-02,2,Winter,Weekday
2024-02-21,Deluxe,86.820000,1,5,2024-02,2,Winter,Weekday
2024-02-21,Family,0.000000,0,3,2024-02,2,Winter,Weekday
2024-02-22,Standard,62.020000,1,10,2024-02,2,Winter,Weekday
2024-02-22,Deluxe,0.000000,0,5,2024-02,2,Winter,Weekday
2024-02-22,Family,0.000000,0,3,2024-02,2,Winter,Weekday
2024-02-23,Standard,131.290000,2,10,2024-02,2,Winter,Weekend
2024-02-23,Deluxe,316.470000,3,5,2024-02,2,Winter,Weekend
2024-02-23,Family,0.000000,0,3,2024-02,2,Winter,Weekend
2024-02-24,Standard,283.860000,4,10,2024-02,2,Winter,Weekend
2024-02-24,Deluxe,316.470000,3,5,2024-02,2,Winter,Weekend
2024-02-24,Family,0.000000,0,3,2024-02,2,Winter,Weekend
2024-02-25,Standard,208.610000,3,10,2024-02,2,Winter,Weekday
2024-02-25,Deluxe,408.900000,4,5,2024-02,2,Winter,Weekday
2024-02-25,Family,0.000000,0,3,2024-02,2,Winter,Weekday
2024-02-26,Standard,66.230000,1,10,2024-02,2,Winter,Weekday
2024-02-26,Deluxe,408.900000,4,5,2024-02,2,Winter,Weekday
2024-02-26,Family,0.000000,0,3,2024-02,2,Winter,Weekday
2024-02-27,Standard,129.020000,2,10,2024-02,2,Winter,Weekday
2024-02-27,Deluxe,208.250000,2,5,2024-02,2,Winter,Weekday
2024-02-27,Family,0.000000,0,3,2024-02,2,Winter,Weekday
2024-02-28,Standard,133.090000,2,10,2024-02,2,Winter,Weekday
2024-02-28,Deluxe,98.830000,1,5,2024-02,2,Winter,Weekday
2024-02-28,Family,0.000000,0,3,2024-02,2,Winter,Weekday
2024-02-29,Standard,66.600000,1,10,2024-02,2,Winter,Weekday
2024-02-29,Deluxe,0.000000,0,5,2024-02,2,Winter,Weekday
2024-02-29,Family,0.000000,0,3,2024-02,2,Winter,Weekday
2024-03-01,Standard,254.340000,3,10,2024-03,3,Spring,Weekend
2024-03-01,Deluxe,0.000000,0,5,2024-03,3,Spring,Weekend
2024-03-01,Family,0.000000,0,3,2024-03,3,Spring,Weekend
2024-03-02,Standard,170.370000,2,10,2024-03,3,Spring,Weekend
2024-03-02,Deluxe,121.470000,1,5,2024-03,3,Spring,Weekend
2024-03-02,Family,0.000000,0,3,2024-03,3,Spring,Weekend
2024-03-03,Standard,324.260000,4,10,2024-03,3,Spring,Weekday
2024-03-03,Deluxe,121.470000,1,5,2024-03,3,Spring,Weekday
2024-03-03,Family,0.000000,0,3,2024-03,3,Spring,Weekday
2024-03-04,Standard,233.110000,3,10,2024-03,3,Spring,Weekday
2024-03-04,Deluxe,232.120000,2,5,2024-03,3,Spring,Weekday
2024-03-04,Family,150.100000,1,3,2024-03,3,Spring,Weekday
2024-03-05,Standard,231.270000,3,10,2024-03,3,Spring,Weekday
2024-03-05,Deluxe,214.100000,2,5,2024-03,3,Spring,Weekday
2024-03-05,Family,291.840000,2,3,2024-03,3,Spring,Weekday
2024-03-06,Standard,229.930000,3,10,2024-03,3,Spring,Weekday
2024-03-06,Deluxe,110.650000,1,5,2024-03,3,Spring,Weekday
2024-03-06,Family,141.740000,1,3,2024-03,3,Spring,Weekday
2024-03-07,Standard,233.980000,3,10,2024-03,3,Spring,Weekday
2024-03-07,Deluxe,110.650000,1,5,2024-03,3,Spring,Weekday
2024-03-07,Family,156.730000,1,3,2024-03,3,Spring,Weekday
2024-03-08,Standard,165.480000,2,10,2024-03,3,Spring,Weekend
2024-03-08,Deluxe,254.700000,2,5,2024-03,3,Spring,Weekend
2024-03-08,Family,156.730000,1,3,2024-03,3,Spring,Weekend
2024-03-09,Standard,350.620000,4,10,2024-03,3,Spring,Weekend
2024-03-09,Deluxe,133.750000,1,5,2024-03,3,Spring,Weekend
2024-03-09,Family,316.800000,2,3,2024-03,3,Spring,Weekend
2024-03-10,Standard,242.380000,3,10,2024-03,3,Spring,Weekday
2024-03-10,Deluxe,119.230000,1,5,2024-03,3,Spring,Weekday
2024-03-10,Family,149.730000,1,3,2024-03,3,Spring,Weekday
2024-03-11,Standard,321.790000,4,10,2024-03,3,Spring,Weekday
2024-03-11,Deluxe,119.230000,1,5,2024-03,3,Spring,Weekday
2024-03-11,Family,307.110000,2,3,2024-03,3,Spring,Weekday
2024-03-12,Standard,313.710000,4,10,2024-03,3,Spring,Weekday
2024-03-12,Deluxe,232.650000,2,5,2024-03,3,Spring,Weekday
2024-03-12,Family,307.110000,2,3,2024-03,3,Spring,Weekday
2024-03-13,Standard,238.430000,3,10,2024-03,3,Spring,Weekday
2024-03-13,Deluxe,113.420000,1,5,2024-03,3,Spring,Weekday
2024-03-13,Family,303.620000,2,3,2024-03,3,Spring,Weekday
2024-03-14,Standard,307.860000,4,10,2024-03,3,Spring,Weekday
2024-03-14,Deluxe,0.000000,0,5,2024-03,3,Spring,Weekday
2024-03-14,Family,303.620000,2,3,2024-03,3,Spring,Weekday
2024-03-15,Standard,396.030000,5,10,2024-03,3,Spring,Weekend
2024-03-15,Deluxe,367.790000,3,5,2024-03,3,Spring,Weekend
2024-03-15,Family,317.090000,2,3,2024-03,3,Spring,Weekend
2024-03-16,Standard,411.850000,5,10,2024-03,3,Spring,Weekend
2024-03-16,Deluxe,378.700000,3,5,2024-03,3,Spring,Weekend
2024-03-16,Family,344.950000,2,3,2024-03,3,Spring,Weekend
2024-03-17,Standard,408.260000,5,10,2024-03,3,Spring,Weekday
2024-03-17,Deluxe,248.450000,2,5,2024-03,3,Spring,Weekday
2024-03-17,Family,170.850000,1,3,2024-03,3,Spring,Weekday
2024-03-18,Standard,316.450000,4,10,2024-03,3,Spring,Weekday
2024-03-18,Deluxe,0.000000,0,5,2024-03,3,Spring,Weekday
2024-03-18,Family,0.000000,0,3,2024-03,3,Spring,Weekday
2024-03-19,Standard,313.920000,4,10,2024-03,3,Spring,Weekday
2024-03-19,Deluxe,0.000000,0,5,2024-03,3,Spring,Weekday
2024-03-19,Family,0.000000,0,3,2024-03,3,Spring,Weekday
2024-03-20,Standard,225.250000,3,10,2024-03,3,Spring,Weekday
2024-03-20,Deluxe,110.350000,1,5,2024-03,3,Spring,Weekday
2024-03-20,Family,0.000000,0,3,2024-03,3,Spring,Weekday
2024-03-21,Standard,451.900000,6,10,2024-03,3,Spring,Weekday
2024-03-21,Deluxe,110.350000,1,5,2024-03,3,Spring,Weekday
2024-03-21,Family,0.000000,0,3,2024-03,3,Spring,Weekday
2024-03-22,Standard,390.320000,5,10,2024-03,3,Spring,Weekend
2024-03-22,Deluxe,248.770000,2,5,2024-03,3,Spring,Weekend
2024-03-22,Family,0.000000,0,3,2024-03,3,Spring,Weekend
2024-03-23,Standard,485.880000,6,10,2024-03,3,Spring,Weekend
2024-03-23,Deluxe,370.760000,3,5,2024-03,3,Spring,Weekend
2024-03-23,Family,0.000000,0,3,2024-03,3,Spring,Weekend
2024-03-24,Standard,321.970000,4,10,2024-03,3,Spring,Weekday
2024-03-24,Deluxe,247.410000,2,5,2024-03,3,Spring,Weekday
2024-03-24,Family,0.000000,0,3,2024-03,3,Spring,Weekday
2024-03-25,Standard,309.610000,4,10,2024-03,3,Spring,Weekday
2024-03-25,Deluxe,239.340000,2,5,2024-03,3,Spring,Weekday
2024-03-25,Family,289.570000,2,3,2024-03,3,Spring,Weekday
2024-03-26,Standard,153.740000,2,10,2024-03,3,Spring,Weekday
2024-03-26,Deluxe,121.990000,1,5,2024-03,3,Spring,Weekday
2024-03-26,Family,289.570000,2,3,2024-03,3,Spring,Weekday
2024-03-27,Standard,79.560000,1,10,2024-03,3,Spring,Weekday
2024-03-27,Deluxe,240.970000,2,5,2024-03,3,Spring,Weekday
2024-03-27,Family,0.000000,0,3,2024-03,3,Spring,Weekday
2024-03-28,Standard,154.240000,2,10,2024-03,3,Spring,Weekday
2024-03-28,Deluxe,0.000000,0,5,2024-03,3,Spring,Weekday
2024-03-28,Family,158.140000,1,3,2024-03,3,Spring,Weekday
2024-03-29,Standard,179.320000,2,10,2024-03,3,Spring,Weekend
2024-03-29,Deluxe,133.110000,1,5,2024-03,3,Spring,Weekend
2024-03-29,Family,479.270000,3,3,2024-03,3,Spring,Weekend
2024-03-30,Standard,354.720000,4,10,2024-03,3,Spring,Weekend
2024-03-30,Deluxe,133.110000,1,5,2024-03,3,Spring,Weekend
2024-03-30,Family,479.270000,3,3,2024-03,3,Spring,Weekend
2024-03-31,Standard,252.650000,3,10,2024-03,3,Spring,Weekday
2024-03-31,Deluxe,113.690000,1,5,2024-03,3,Spring,Weekday
2024-03-31,Family,321.130000,2,3,2024-03,3,Spring,Weekday
2024-04-01,Standard,316.180000,4,10,2024-04,4,Spring,Weekday
2024-04-01,Deluxe,342.270000,3,5,2024-04,4,Spring,Weekday
2024-04-01,Family,0.000000,0,3,2024-04,4,Spring,Weekday
2024-04-02,Standard,555.560000,7,10,2024-04,4,Spring,Weekday
2024-04-02,Deluxe,445.400000,4,5,2024-04,4,Spring,Weekday
2024-04-02,Family,0.000000,0,3,2024-04,4,Spring,Weekday
2024-04-03,Standard,478.310000,6,10,2024-04,4,Spring,Weekday
2024-04-03,Deluxe,115.620000,1,5,2024-04,4,Spring,Weekday
2024-04-03,Family,151.170000,1,3,2024-04,4,Spring,Weekday
2024-04-04,Standard,549.200000,7,10,2024-04,4,Spring,Weekday
2024-04-04,Deluxe,230.970000,2,5,2024-04,4,Spring,Weekday
2024-04-04,Family,309.000000,2,3,2024-04,4,Spring,Weekday
2024-04-05,Standard,486.110000,6,10,2024-04,4,Spring,Weekend
2024-04-05,Deluxe,238.910000,2,5,2024-04,4,Spring,Weekend
2024-04-05,Family,309.000000,2,3,2024-04,4,Spring,Weekend
2024-04-06,Standard,491.220000,6,10,2024-04,4,Spring,Weekend
2024-04-06,Deluxe,504.350000,4,5,2024-04,4,Spring,Weekend
2024-04-06,Family,157.830000,1,3,2024-04,4,Spring,Weekend
2024-04-07,Standard,404.040000,5,10,2024-04,4,Spring,Weekday
2024-04-07,Deluxe,504.350000,4,5,2024-04,4,Spring,Weekday
2024-04-07,Family,308.290000,2,3,2024-04,4,Spring,Weekday
2024-04-08,Standard,388.530000,5,10,2024-04,4,Spring,Weekday
2024-04-08,Deluxe,123.290000,1,5,2024-04,4,Spring,Weekday
2024-04-08,Family,308.290000,2,3,2024-04,4,Spring,Weekday
2024-04-09,Standard,316.220000,4,10,2024-04,4,Spring,Weekday
2024-04-09,Deluxe,107.870000,1,5,2024-04,4,Spring,Weekday
2024-04-09,Family,150.460000,1,3,2024-04,4,Spring,Weekday
2024-04-10,Standard,313.180000,4,10,2024-04,4,Spring,Weekday
2024-04-10,Deluxe,107.870000,1,5,2024-04,4,Spring,Weekday
2024-04-10,Family,0.000000,0,3,2024-04,4,Spring,Weekday
2024-04-11,Standard,155.300000,2,10,2024-04,4,Spring,Weekday
2024-04-11,Deluxe,109.730000,1,5,2024-04,4,Spring,Weekday
2024-04-11,Family,0.000000,0,3,2024-04,4,Spring,Weekday
2024-04-12,Standard,425.900000,5,10,2024-04,4,Spring,Weekend
2024-04-12,Deluxe,367.610000,3,5,2024-04,4,Spring,Weekend
2024-04-12,Family,0.000000,0,3,2024-04,4,Spring,Weekend
2024-04-13,Standard,514.710000,6,10,2024-04,4,Spring,Weekend
2024-04-13,Deluxe,257.880000,2,5,2024-04,4,Spring,Weekend
2024-04-13,Family,162.690000,1,3,2024-04,4,Spring,Weekend
2024-04-14,Standard,336.310000,4,10,2024-04,4,Spring,Weekday
2024-04-14,Deluxe,479.640000,4,5,2024-04,4,Spring,Weekday
2024-04-14,Family,142.140000,1,3,2024-04,4,Spring,Weekday
2024-04-15,Standard,150.590000,2,10,2024-04,4,Spring,Weekday
2024-04-15,Deluxe,235.000000,2,5,2024-04,4,Spring,Weekday
2024-04-15,Family,142.140000,1,3,2024-04,4,Spring,Weekday
2024-04-16,Standard,148.640000,2,10,2024-04,4,Spring,Weekday
2024-04-16,Deluxe,235.000000,2,5,2024-04,4,Spring,Weekday
2024-04-16,Family,152.610000,1,3,2024-04,4,Spring,Weekday
2024-04-17,Standard,75.100000,1,10,2024-04,4,Spring,Weekday
2024-04-17,Deluxe,234.900000,2,5,2024-04,4,Spring,Weekday
2024-04-17,Family,152.610000,1,3,2024-04,4,Spring,Weekday
2024-04-18,Standard,231.960000,3,10,2024-04,4,Spring,Weekday
2024-04-18,Deluxe,348.350000,3,5,2024-04,4,Spring,Weekday
2024-04-18,Family,300.540000,2,3,2024-04,4,Spring,Weekday
2024-04-19,Standard,399.380000,5,10,2024-04,4,Spring,Weekend
2024-04-19,Deluxe,232.510000,2,5,2024-04,4,Spring,Weekend
2024-04-19,Family,300.540000,2,3,2024-04,4,Spring,Weekend
2024-04-20,Standard,596.620000,7,10,2024-04,4,Spring,Weekend
2024-04-20,Deluxe,232.510000,2,5,2024-04,4,Spring,Weekend
2024-04-20,Family,494.710000,3,3,2024-04,4,Spring,Weekend
2024-04-21,Standard,421.000000,5,10,2024-04,4,Spring,Weekday
2024-04-21,Deluxe,342.670000,3,5,2024-04,4,Spring,Weekday
2024-04-21,Family,495.240000,3,3,2024-04,4,Spring,Weekday
2024-04-22,Standard,411.290000,5,10,2024-04,4,Spring,Weekday
2024-04-22,Deluxe,336.090000,3,5,2024-04,4,Spring,Weekday
2024-04-22,Family,148.460000,1,3,2024-04,4,Spring,Weekday
2024-04-23,Standard,304.690000,4,10,2024-04,4,Spring,Weekday
2024-04-23,Deluxe,563.150000,5,5,2024-04,4,Spring,Weekday
2024-04-23,Family,148.460000,1,3,2024-04,4,Spring,Weekday
2024-04-24,Standard,307.800000,4,10,2024-04,4,Spring,Weekday
2024-04-24,Deluxe,352.280000,3,5,2024-04,4,Spring,Weekday
2024-04-24,Family,307.260000,2,3,2024-04,4,Spring,Weekday
2024-04-25,Standard,224.610000,3,10,2024-04,4,Spring,Weekday
2024-04-25,Deluxe,223.330000,2,5,2024-04,4,Spring,Weekday
2024-04-25,Family,453.720000,3,3,2024-04,4,Spring,Weekday
2024-04-26,Standard,411.840000,5,10,2024-04,4,Spring,Weekend
2024-04-26,Deluxe,354.040000,3,5,2024-04,4,Spring,Weekend
2024-04-26,Family,301.040000,2,3,2024-04,4,Spring,Weekend
2024-04-27,Standard,423.690000,5,10,2024-04,4,Spring,Weekend
2024-04-27,Deluxe,354.520000,3,5,2024-04,4,Spring,Weekend
2024-04-27,Family,0.000000,0,3,2024-04,4,Spring,Weekend
2024-04-28,Standard,494.650000,6,10,2024-04,4,Spring,Weekday
2024-04-28,Deluxe,131.190000,1,5,2024-04,4,Spring,Weekday
2024-04-28,Family,140.730000,1,3,2024-04,4,Spring,Weekday
2024-04-29,Standard,479.480000,6,10,2024-04,4,Spring,Weekday
2024-04-29,Deluxe,248.010000,2,5,2024-04,4,Spring,Weekday
2024-04-29,Family,140.730000,1,3,2024-04,4,Spring,Weekday
2024-04-30,Standard,562.780000,7,10,2024-04,4,Spring,Weekday
2024-04-30,Deluxe,131.190000,1,5,2024-04,4,Spring,Weekday
2024-04-30,Family,140.730000,1,3,2024-04,4,Spring,Weekday
2024-05-01,Standard,323.600000,4,10,2024-05,5,Spring,Weekday
2024-05-01,Deluxe,113.900000,1,5,2024-05,5,Spring,Weekday
2024-05-01,Family,423.220000,3,3,2024-05,5,Spring,Weekday
2024-05-02,Standard,373.170000,5,10,2024-05,5,Spring,Weekday
2024-05-02,Deluxe,223.980000,2,5,2024-05,5,Spring,Weekday
2024-05-02,Family,140.940000,1,3,2024-05,5,Spring,Weekday
2024-05-03,Standard,164.680000,2,10,2024-05,5,Spring,Weekend
2024-05-03,Deluxe,232.760000,2,5,2024-05,5,Spring,Weekend
2024-05-03,Family,165.320000,1,3,2024-05,5,Spring,Weekend
2024-05-04,Standard,261.920000,3,10,2024-05,5,Spring,Weekend
2024-05-04,Deluxe,625.730000,5,5,2024-05,5,Spring,Weekend
2024-05-04,Family,165.320000,1,3,2024-05,5,Spring,Weekend
2024-05-05,Standard,336.640000,4,10,2024-05,5,Spring,Weekday
2024-05-05,Deluxe,625.730000,5,5,2024-05,5,Spring,Weekday
2024-05-05,Family,165.320000,1,3,2024-05,5,Spring,Weekday
2024-05-06,Standard,469.190000,6,10,2024-05,5,Spring,Weekday
2024-05-06,Deluxe,132.780000,1,5,2024-05,5,Spring,Weekday
2024-05-06,Family,165.320000,1,3,2024-05,5,Spring,Weekday
2024-05-07,Standard,298.590000,4,10,2024-05,5,Spring,Weekday
2024-05-07,Deluxe,352.040000,3,5,2024-05,5,Spring,Weekday
2024-05-07,Family,312.080000,2,3,2024-05,5,Spring,Weekday
2024-05-08,Standard,298.590000,4,10,2024-05,5,Spring,Weekday
2024-05-08,Deluxe,232.450000,2,5,2024-05,5,Spring,Weekday
2024-05-08,Family,311.150000,2,3,2024-05,5,Spring,Weekday
2024-05-09,Standard,465.150000,6,10,2024-05,5,Spring,Weekday
2024-05-09,Deluxe,232.450000,2,5,2024-05,5,Spring,Weekday
2024-05-09,Family,145.830000,1,3,2024-05,5,Spring,Weekday
2024-05-10,Standard,473.420000,6,10,2024-05,5,Spring,Weekend
2024-05-10,Deluxe,244.950000,2,5,2024-05,5,Spring,Weekend
2024-05-10,Family,472.050000,3,3,2024-05,5,Spring,Weekend
2024-05-11,Standard,584.260000,7,10,2024-05,5,Spring,Weekend
2024-05-11,Deluxe,375.450000,3,5,2024-05,5,Spring,Weekend
2024-05-11,Family,472.050000,3,3,2024-05,5,Spring,Weekend
2024-05-12,Standard,587.430000,7,10,2024-05,5,Spring,Weekday
2024-05-12,Deluxe,244.950000,2,5,2024-05,5,Spring,Weekday
2024-05-12,Family,326.220000,2,3,2024-05,5,Spring,Weekday
2024-05-13,Standard,655.510000,8,10,2024-05,5,Spring,Weekday
2024-05-13,Deluxe,0.000000,0,5,2024-05,5,Spring,Weekday
2024-05-13,Family,307.610000,2,3,2024-05,5,Spring,Weekday
2024-05-14,Standard,550.940000,7,10,2024-05,5,Spring,Weekday
2024-05-14,Deluxe,220.380000,2,5,2024-05,5,Spring,Weekday
2024-05-14,Family,149.170000,1,3,2024-05,5,Spring,Weekday
2024-05-15,Standard,456.850000,6,10,2024-05,5,Spring,Weekday
2024-05-15,Deluxe,223.910000,2,5,2024-05,5,Spring,Weekday
2024-05-15,Family,295.910000,2,3,2024-05,5,Spring,Weekday
2024-05-16,Standard,620.800000,8,10,2024-05,5,Spring,Weekday
2024-05-16,Deluxe,333.520000,3,5,2024-05,5,Spring,Weekday
2024-05-16,Family,443.710000,3,3,2024-05,5,Spring,Weekday
2024-05-17,Standard,553.080000,7,10,2024-05,5,Spring,Weekend
2024-05-17,Deluxe,470.160000,4,5,2024-05,5,Spring,Weekend
2024-05-17,Family,294.540000,2,3,2024-05,5,Spring,Weekend
2024-05-18,Standard,654.590000,8,10,2024-05,5,Spring,Weekend
2024-05-18,Deluxe,388.790000,3,5,2024-05,5,Spring,Weekend
2024-05-18,Family,151.260000,1,3,2024-05,5,Spring,Weekend
2024-05-19,Standard,495.600000,6,10,2024-05,5,Spring,Weekday
2024-05-19,Deluxe,485.800000,4,5,2024-05,5,Spring,Weekday
2024-05-19,Family,151.260000,1,3,2024-05,5,Spring,Weekday
2024-05-20,Standard,485.250000,6,10,2024-05,5,Spring,Weekday
2024-05-20,Deluxe,476.250000,4,5,2024-05,5,Spring,Weekday
2024-05-20,Family,293.290000,2,3,2024-05,5,Spring,Weekday
2024-05-21,Standard,397.020000,5,10,2024-05,5,Spring,Weekday
2024-05-21,Deluxe,248.640000,2,5,2024-05,5,Spring,Weekday
2024-05-21,Family,448.710000,3,3,2024-05,5,Spring,Weekday
2024-05-22,Standard,396.800000,5,10,2024-05,5,Spring,Weekday
2024-05-22,Deluxe,0.000000,0,5,2024-05,5,Spring,Weekday
2024-05-22,Family,448.710000,3,3,2024-05,5,Spring,Weekday
2024-05-23,Standard,391.270000,5,10,2024-05,5,Spring,Weekday
2024-05-23,Deluxe,218.460000,2,5,2024-05,5,Spring,Weekday
2024-05-23,Family,297.450000,2,3,2024-05,5,Spring,Weekday
2024-05-24,Standard,578.600000,7,10,2024-05,5,Spring,Weekend
2024-05-24,Deluxe,384.540000,3,5,2024-05,5,Spring,Weekend
2024-05-24,Family,330.540000,2,3,2024-05,5,Spring,Weekend
2024-05-25,Standard,594.470000,7,10,2024-05,5,Spring,Weekend
2024-05-25,Deluxe,499.980000,4,5,2024-05,5,Spring,Weekend
2024-05-25,Family,335.560000,2,3,2024-05,5,Spring,Weekend
2024-05-26,Standard,439.030000,5,10,2024-05,5,Spring,Weekday
2024-05-26,Deluxe,370.340000,3,5,2024-05,5,Spring,Weekday
2024-05-26,Family,477.920000,3,3,2024-05,5,Spring,Weekday
2024-05-27,Standard,334.690000,4,10,2024-05,5,Spring,Weekday
2024-05-27,Deluxe,355.520000,3,5,2024-05,5,Spring,Weekday
2024-05-27,Family,477.920000,3,3,2024-05,5,Spring,Weekday
2024-05-28,Standard,483.230000,6,10,2024-05,5,Spring,Weekday
2024-05-28,Deluxe,337.940000,3,5,2024-05,5,Spring,Weekday
2024-05-28,Family,335.560000,2,3,2024-05,5,Spring,Weekday
2024-05-29,Standard,411.290000,5,10,2024-05,5,Spring,Weekday
2024-05-29,Deluxe,337.940000,3,5,2024-05,5,Spring,Weekday
2024-05-29,Family,311.900000,2,3,2024-05,5,Spring,Weekday
2024-05-30,Standard,315.260000,4,10,2024-05,5,Spring,Weekday
2024-05-30,Deluxe,561.180000,5,5,2024-05,5,Spring,Weekday
2024-05-30,Family,147.230000,1,3,2024-05,5,Spring,Weekday
2024-05-31,Standard,403.280000,5,10,2024-05,5,Spring,Weekend
2024-05-31,Deluxe,602.740000,5,5,2024-05,5,Spring,Weekend
2024-05-31,Family,462.730000,3,3,2024-05,5,Spring,Weekend
2024-06-01,Standard,825.430000,8,10,2024-06,6,Summer,Weekend
2024-06-01,Deluxe,267.470000,2,5,2024-06,6,Summer,Weekend
2024-06-01,Family,544.330000,3,3,2024-06,6,Summer,Weekend
2024-06-02,Standard,681.990000,6,10,2024-06,6,Summer,Weekday
2024-06-02,Deluxe,723.930000,5,5,2024-06,6,Summer,Weekday
2024-06-02,Family,582.180000,3,3,2024-06,6,Summer,Weekday
2024-06-03,Standard,642.540000,6,10,2024-06,6,Summer,Weekday
2024-06-03,Deluxe,597.530000,4,5,2024-06,6,Summer,Weekday
2024-06-03,Family,626.480000,3,3,2024-06,6,Summer,Weekday
2024-06-04,Standard,940.450000,9,10,2024-06,6,Summer,Weekday
2024-06-04,Deluxe,600.140000,4,5,2024-06,6,Summer,Weekday
2024-06-04,Family,626.480000,3,3,2024-06,6,Summer,Weekday
2024-06-05,Standard,841.460000,8,10,2024-06,6,Summer,Weekday
2024-06-05,Deluxe,598.200000,4,5,2024-06,6,Summer,Weekday
2024-06-05,Family,620.730000,3,3,2024-06,6,Summer,Weekday
2024-06-06,Standard,648.000000,6,10,2024-06,6,Summer,Weekday
2024-06-06,Deluxe,723.570000,5,5,2024-06,6,Summer,Weekday
2024-06-06,Family,424.900000,2,3,2024-06,6,Summer,Weekday
2024-06-07,Standard,641.010000,6,10,2024-06,6,Summer,Weekend
2024-06-07,Deluxe,723.570000,5,5,2024-06,6,Summer,Weekend
2024-06-07,Family,652.950000,3,3,2024-06,6,Summer,Weekend
2024-06-08,Standard,863.470000,8,10,2024-06,6,Summer,Weekend
2024-06-08,Deluxe,737.040000,5,5,2024-06,6,Summer,Weekend
2024-06-08,Family,456.880000,2,3,2024-06,6,Summer,Weekend
2024-06-09,Standard,652.040000,6,10,2024-06,6,Summer,Weekday
2024-06-09,Deluxe,450.130000,3,5,2024-06,6,Summer,Weekday
2024-06-09,Family,228.050000,1,3,2024-06,6,Summer,Weekday
2024-06-10,Standard,521.350000,5,10,2024-06,6,Summer,Weekday
2024-06-10,Deluxe,290.260000,2,5,2024-06,6,Summer,Weekday
2024-06-10,Family,615.390000,3,3,2024-06,6,Summer,Weekday
2024-06-11,Standard,696.880000,7,10,2024-06,6,Summer,Weekday
2024-06-11,Deluxe,442.640000,3,5,2024-06,6,Summer,Weekday
2024-06-11,Family,615.390000,3,3,2024-06,6,Summer,Weekday
2024-06-12,Standard,691.160000,7,10,2024-06,6,Summer,Weekday
2024-06-12,Deluxe,741.300000,5,5,2024-06,6,Summer,Weekday
2024-06-12,Family,555.900000,3,3,2024-06,6,Summer,Weekday
2024-06-13,Standard,689.850000,7,10,2024-06,6,Summer,Weekday
2024-06-13,Deluxe,755.900000,5,5,2024-06,6,Summer,Weekday
2024-06-13,Family,555.900000,3,3,2024-06,6,Summer,Weekday
2024-06-14,Standard,831.850000,8,10,2024-06,6,Summer,Weekend
2024-06-14,Deluxe,782.980000,5,5,2024-06,6,Summer,Weekend
2024-06-14,Family,218.430000,1,3,2024-06,6,Summer,Weekend
2024-06-15,Standard,742.190000,7,10,2024-06,6,Summer,Weekend
2024-06-15,Deluxe,782.980000,5,5,2024-06,6,Summer,Weekend
2024-06-15,Family,661.860000,3,3,2024-06,6,Summer,Weekend
2024-06-16,Standard,825.140000,8,10,2024-06,6,Summer,Weekday
2024-06-16,Deluxe,606.990000,4,5,2024-06,6,Summer,Weekday
2024-06-16,Family,632.030000,3,3,2024-06,6,Summer,Weekday
2024-06-17,Standard,925.050000,9,10,2024-06,6,Summer,Weekday
2024-06-17,Deluxe,611.670000,4,5,2024-06,6,Summer,Weekday
2024-06-17,Family,632.030000,3,3,2024-06,6,Summer,Weekday
2024-06-18,Standard,831.790000,8,10,2024-06,6,Summer,Weekday
2024-06-18,Deluxe,449.680000,3,5,2024-06,6,Summer,Weekday
2024-06-18,Family,607.320000,3,3,2024-06,6,Summer,Weekday
2024-06-19,Standard,814.620000,8,10,2024-06,6,Summer,Weekday
2024-06-19,Deluxe,594.860000,4,5,2024-06,6,Summer,Weekday
2024-06-19,Family,388.660000,2,3,2024-06,6,Summer,Weekday
2024-06-20,Standard,701.110000,7,10,2024-06,6,Summer,Weekday
2024-06-20,Deluxe,594.860000,4,5,2024-06,6,Summer,Weekday
2024-06-20,Family,588.320000,3,3,2024-06,6,Summer,Weekday
2024-06-21,Standard,745.880000,7,10,2024-06,6,Summer,Weekend
2024-06-21,Deluxe,647.200000,4,5,2024-06,6,Summer,Weekend
2024-06-21,Family,628.300000,3,3,2024-06,6,Summer,Weekend
2024-06-22,Standard,742.720000,7,10,2024-06,6,Summer,Weekend
2024-06-22,Deluxe,651.040000,4,5,2024-06,6,Summer,Weekend
2024-06-22,Family,628.300000,3,3,2024-06,6,Summer,Weekend
2024-06-23,Standard,742.910000,7,10,2024-06,6,Summer,Weekday
2024-06-23,Deluxe,651.040000,4,5,2024-06,6,Summer,Weekday
2024-06-23,Family,604.850000,3,3,2024-06,6,Summer,Weekday
2024-06-24,Standard,719.660000,7,10,2024-06,6,Summer,Weekday
2024-06-24,Deluxe,495.260000,3,5,2024-06,6,Summer,Weekday
2024-06-24,Family,406.960000,2,3,2024-06,6,Summer,Weekday
2024-06-25,Standard,514.090000,5,10,2024-06,6,Summer,Weekday
2024-06-25,Deluxe,462.060000,3,5,2024-06,6,Summer,Weekday
2024-06-25,Family,592.780000,3,3,2024-06,6,Summer,Weekday
2024-06-26,Standard,812.370000,8,10,2024-06,6,Summer,Weekday
2024-06-26,Deluxe,595.650000,4,5,2024-06,6,Summer,Weekday
2024-06-26,Family,393.120000,2,3,2024-06,6,Summer,Weekday
2024-06-27,Standard,809.540000,8,10,2024-06,6,Summer,Weekday
2024-06-27,Deluxe,595.650000,4,5,2024-06,6,Summer,Weekday
2024-06-27,Family,403.570000,2,3,2024-06,6,Summer,Weekday
2024-06-28,Standard,977.900000,9,10,2024-06,6,Summer,Weekend
2024-06-28,Deluxe,757.220000,5,5,2024-06,6,Summer,Weekend
2024-06-28,Family,601.200000,3,3,2024-06,6,Summer,Weekend
2024-06-29,Standard,1038.010000,9,10,2024-06,6,Summer,Weekend
2024-06-29,Deluxe,763.920000,5,5,2024-06,6,Summer,Weekend
2024-06-29,Family,601.200000,3,3,2024-06,6,Summer,Weekend
2024-06-30,Standard,915.470000,8,10,2024-06,6,Summer,Weekday
2024-06-30,Deluxe,610.760000,4,5,2024-06,6,Summer,Weekday
2024-06-30,Family,601.200000,3,3,2024-06,6,Summer,Weekday
2024-07-01,Standard,870.530000,8,10,2024-07,7,Summer,Weekday
2024-07-01,Deluxe,610.760000,4,5,2024-07,7,Summer,Weekday
2024-07-01,Family,394.760000,2,3,2024-07,7,Summer,Weekday
2024-07-02,Standard,848.730000,8,10,2024-07,7,Summer,Weekday
2024-07-02,Deluxe,587.920000,4,5,2024-07,7,Summer,Weekday
2024-07-02,Family,394.760000,2,3,2024-07,7,Summer,Weekday
2024-07-03,Standard,926.790000,9,10,2024-07,7,Summer,Weekday
2024-07-03,Deluxe,749.670000,5,5,2024-07,7,Summer,Weekday
2024-07-03,Family,598.330000,3,3,2024-07,7,Summer,Weekday
2024-07-04,Standard,1005.300000,10,10,2024-07,7,Summer,Weekday
2024-07-04,Deluxe,603.000000,4,5,2024-07,7,Summer,Weekday
2024-07-04,Family,589.710000,3,3,2024-07,7,Summer,Weekday
2024-07-05,Standard,1024.300000,10,10,2024-07,7,Summer,Weekend
2024-07-05,Deluxe,618.960000,4,5,2024-07,7,Summer,Weekend
2024-07-05,Family,622.480000,3,3,2024-07,7,Summer,Weekend
2024-07-06,Standard,1041.590000,10,10,2024-07,7,Summer,Weekend
2024-07-06,Deluxe,470.050000,3,5,2024-07,7,Summer,Weekend
2024-07-06,Family,621.410000,3,3,2024-07,7,Summer,Weekend
2024-07-07,Standard,926.220000,9,10,2024-07,7,Summer,Weekday
2024-07-07,Deluxe,591.610000,4,5,2024-07,7,Summer,Weekday
2024-07-07,Family,413.660000,2,3,2024-07,7,Summer,Weekday
2024-07-08,Standard,710.160000,7,10,2024-07,7,Summer,Weekday
2024-07-08,Deluxe,565.790000,4,5,2024-07,7,Summer,Weekday
2024-07-08,Family,599.330000,3,3,2024-07,7,Summer,Weekday
2024-07-09,Standard,710.160000,7,10,2024-07,7,Summer,Weekday
2024-07-09,Deluxe,730.490000,5,5,2024-07,7,Summer,Weekday
2024-07-09,Family,599.330000,3,3,2024-07,7,Summer,Weekday
2024-07-10,Standard,903.700000,9,10,2024-07,7,Summer,Weekday
2024-07-10,Deluxe,598.660000,4,5,2024-07,7,Summer,Weekday
2024-07-10,Family,599.330000,3,3,2024-07,7,Summer,Weekday
2024-07-11,Standard,909.270000,9,10,2024-07,7,Summer,Weekday
2024-07-11,Deluxe,599.610000,4,5,2024-07,7,Summer,Weekday
2024-07-11,Family,393.970000,2,3,2024-07,7,Summer,Weekday
2024-07-12,Standard,924.370000,9,10,2024-07,7,Summer,Weekend
2024-07-12,Deluxe,312.810000,2,5,2024-07,7,Summer,Weekend
2024-07-12,Family,613.740000,3,3,2024-07,7,Summer,Weekend
2024-07-13,Standard,837.640000,8,10,2024-07,7,Summer,Weekend
2024-07-13,Deluxe,812.710000,5,5,2024-07,7,Summer,Weekend
2024-07-13,Family,636.740000,3,3,2024-07,7,Summer,Weekend
2024-07-14,Standard,943.460000,9,10,2024-07,7,Summer,Weekday
2024-07-14,Deluxe,659.680000,4,5,2024-07,7,Summer,Weekday
2024-07-14,Family,416.970000,2,3,2024-07,7,Summer,Weekday
2024-07-15,Standard,734.330000,7,10,2024-07,7,Summer,Weekday
2024-07-15,Deluxe,793.480000,5,5,2024-07,7,Summer,Weekday
2024-07-15,Family,416.970000,2,3,2024-07,7,Summer,Weekday
2024-07-16,Standard,1038.420000,10,10,2024-07,7,Summer,Weekday
2024-07-16,Deluxe,604.380000,4,5,2024-07,7,Summer,Weekday
2024-07-16,Family,416.970000,2,3,2024-07,7,Summer,Weekday
2024-07-17,Standard,917.710000,9,10,2024-07,7,Summer,Weekday
2024-07-17,Deluxe,595.250000,4,5,2024-07,7,Summer,Weekday
2024-07-17,Family,610.880000,3,3,2024-07,7,Summer,Weekday
2024-07-18,Standard,911.090000,9,10,2024-07,7,Summer,Weekday
2024-07-18,Deluxe,734.650000,5,5,2024-07,7,Summer,Weekday
2024-07-18,Family,383.940000,2,3,2024-07,7,Summer,Weekday
2024-07-19,Standard,923.890000,9,10,2024-07,7,Summer,Weekend
2024-07-19,Deluxe,589.780000,4,5,2024-07,7,Summer,Weekend
2024-07-19,Family,660.090000,3,3,2024-07,7,Summer,Weekend
2024-07-20,Standard,973.720000,9,10,2024-07,7,Summer,Weekend
2024-07-20,Deluxe,748.820000,5,5,2024-07,7,Summer,Weekend
2024-07-20,Family,660.090000,3,3,2024-07,7,Summer,Weekend
2024-07-21,Standard,968.090000,9,10,2024-07,7,Summer,Weekday
2024-07-21,Deluxe,293.550000,2,5,2024-07,7,Summer,Weekday
2024-07-21,Family,638.020000,3,3,2024-07,7,Summer,Weekday
2024-07-22,Standard,740.850000,7,10,2024-07,7,Summer,Weekday
2024-07-22,Deluxe,603.080000,4,5,2024-07,7,Summer,Weekday
2024-07-22,Family,638.020000,3,3,2024-07,7,Summer,Weekday
2024-07-23,Standard,935.370000,9,10,2024-07,7,Summer,Weekday
2024-07-23,Deluxe,756.310000,5,5,2024-07,7,Summer,Weekday
2024-07-23,Family,609.910000,3,3,2024-07,7,Summer,Weekday
2024-07-24,Standard,935.370000,9,10,2024-07,7,Summer,Weekday
2024-07-24,Deluxe,769.690000,5,5,2024-07,7,Summer,Weekday
2024-07-24,Family,609.910000,3,3,2024-07,7,Summer,Weekday
2024-07-25,Standard,811.590000,8,10,2024-07,7,Summer,Weekday
2024-07-25,Deluxe,769.690000,5,5,2024-07,7,Summer,Weekday
2024-07-25,Family,574.310000,3,3,2024-07,7,Summer,Weekday
2024-07-26,Standard,632.960000,6,10,2024-07,7,Summer,Weekend
2024-07-26,Deluxe,456.640000,3,5,2024-07,7,Summer,Weekend
2024-07-26,Family,609.590000,3,3,2024-07,7,Summer,Weekend
2024-07-27,Standard,889.390000,8,10,2024-07,7,Summer,Weekend
2024-07-27,Deluxe,631.570000,4,5,2024-07,7,Summer,Weekend
2024-07-27,Family,639.440000,3,3,2024-07,7,Summer,Weekend
2024-07-28,Standard,994.860000,9,10,2024-07,7,Summer,Weekday
2024-07-28,Deluxe,787.230000,5,5,2024-07,7,Summer,Weekday
2024-07-28,Family,639.440000,3,3,2024-07,7,Summer,Weekday
2024-07-29,Standard,949.770000,9,10,2024-07,7,Summer,Weekday
2024-07-29,Deluxe,623.030000,4,5,2024-07,7,Summer,Weekday
2024-07-29,Family,639.440000,3,3,2024-07,7,Summer,Weekday
2024-07-30,Standard,937.460000,9,10,2024-07,7,Summer,Weekday
2024-07-30,Deluxe,456.780000,3,5,2024-07,7,Summer,Weekday
2024-07-30,Family,587.440000,3,3,2024-07,7,Summer,Weekday
2024-07-31,Standard,812.730000,8,10,2024-07,7,Summer,Weekday
2024-07-31,Deluxe,593.200000,4,5,2024-07,7,Summer,Weekday
2024-07-31,Family,587.440000,3,3,2024-07,7,Summer,Weekday
2024-08-01,Standard,913.650000,9,10,2024-08,8,Summer,Weekday
2024-08-01,Deluxe,593.200000,4,5,2024-08,8,Summer,Weekday
2024-08-01,Family,587.440000,3,3,2024-08,8,Summer,Weekday
2024-08-02,Standard,974.630000,9,10,2024-08,8,Summer,Weekend
2024-08-02,Deluxe,797.630000,5,5,2024-08,8,Summer,Weekend
2024-08-02,Family,382.840000,2,3,2024-08,8,Summer,Weekend
2024-08-03,Standard,1004.020000,9,10,2024-08,8,Summer,Weekend
2024-08-03,Deluxe,652.200000,4,5,2024-08,8,Summer,Weekend
2024-08-03,Family,609.670000,3,3,2024-08,8,Summer,Weekend
2024-08-04,Standard,943.970000,9,10,2024-08,8,Summer,Weekday
2024-08-04,Deluxe,498.630000,3,5,2024-08,8,Summer,Weekday
2024-08-04,Family,609.670000,3,3,2024-08,8,Summer,Weekday
2024-08-05,Standard,1036.040000,10,10,2024-08,8,Summer,Weekday
2024-08-05,Deluxe,467.170000,3,5,2024-08,8,Summer,Weekday
2024-08-05,Family,620.400000,3,3,2024-08,8,Summer,Weekday
2024-08-06,Standard,1020.050000,10,10,2024-08,8,Summer,Weekday
2024-08-06,Deluxe,740.560000,5,5,2024-08,8,Summer,Weekday
2024-08-06,Family,620.400000,3,3,2024-08,8,Summer,Weekday
2024-08-07,Standard,1009.820000,10,10,2024-08,8,Summer,Weekday
2024-08-07,Deluxe,596.320000,4,5,2024-08,8,Summer,Weekday
2024-08-07,Family,404.650000,2,3,2024-08,8,Summer,Weekday
2024-08-08,Standard,710.620000,7,10,2024-08,8,Summer,Weekday
2024-08-08,Deluxe,590.910000,4,5,2024-08,8,Summer,Weekday
2024-08-08,Family,391.780000,2,3,2024-08,8,Summer,Weekday
2024-08-09,Standard,816.560000,8,10,2024-08,8,Summer,Weekend
2024-08-09,Deluxe,463.810000,3,5,2024-08,8,Summer,Weekend
2024-08-09,Family,632.800000,3,3,2024-08,8,Summer,Weekend
2024-08-10,Standard,948.170000,9,10,2024-08,8,Summer,Weekend
2024-08-10,Deluxe,627.320000,4,5,2024-08,8,Summer,Weekend
2024-08-10,Family,632.800000,3,3,2024-08,8,Summer,Weekend
2024-08-11,Standard,948.280000,9,10,2024-08,8,Summer,Weekday
2024-08-11,Deluxe,757.860000,5,5,2024-08,8,Summer,Weekday
2024-08-11,Family,416.760000,2,3,2024-08,8,Summer,Weekday
2024-08-12,Standard,917.360000,9,10,2024-08,8,Summer,Weekday
2024-08-12,Deluxe,757.860000,5,5,2024-08,8,Summer,Weekday
2024-08-12,Family,592.890000,3,3,2024-08,8,Summer,Weekday
2024-08-13,Standard,1021.160000,10,10,2024-08,8,Summer,Weekday
2024-08-13,Deluxe,590.020000,4,5,2024-08,8,Summer,Weekday
2024-08-13,Family,592.890000,3,3,2024-08,8,Summer,Weekday
2024-08-14,Standard,922.720000,9,10,2024-08,8,Summer,Weekday
2024-08-14,Deluxe,746.550000,5,5,2024-08,8,Summer,Weekday
2024-08-14,Family,584.510000,3,3,2024-08,8,Summer,Weekday
2024-08-15,Standard,729.640000,7,10,2024-08,8,Summer,Weekday
2024-08-15,Deluxe,443.810000,3,5,2024-08,8,Summer,Weekday
2024-08-15,Family,597.460000,3,3,2024-08,8,Summer,Weekday
2024-08-16,Standard,872.360000,8,10,2024-08,8,Summer,Weekend
2024-08-16,Deluxe,770.760000,5,5,2024-08,8,Summer,Weekend
2024-08-16,Family,597.460000,3,3,2024-08,8,Summer,Weekend
2024-08-17,Standard,885.210000,8,10,2024-08,8,Summer,Weekend
2024-08-17,Deluxe,800.690000,5,5,2024-08,8,Summer,Weekend
2024-08-17,Family,597.460000,3,3,2024-08,8,Summer,Weekend
2024-08-18,Standard,1089.990000,10,10,2024-08,8,Summer,Weekday
2024-08-18,Deluxe,800.690000,5,5,2024-08,8,Summer,Weekday
2024-08-18,Family,401.180000,2,3,2024-08,8,Summer,Weekday
2024-08-19,Standard,1071.760000,10,10,2024-08,8,Summer,Weekday
2024-08-19,Deluxe,613.800000,4,5,2024-08,8,Summer,Weekday
2024-08-19,Family,573.430000,3,3,2024-08,8,Summer,Weekday
2024-08-20,Standard,743.710000,7,10,2024-08,8,Summer,Weekday
2024-08-20,Deluxe,747.340000,5,5,2024-08,8,Summer,Weekday
2024-08-20,Family,573.430000,3,3,2024-08,8,Summer,Weekday
2024-08-21,Standard,824.720000,8,10,2024-08,8,Summer,Weekday
2024-08-21,Deluxe,728.720000,5,5,2024-08,8,Summer,Weekday
2024-08-21,Family,596.080000,3,3,2024-08,8,Summer,Weekday
2024-08-22,Standard,925.980000,9,10,2024-08,8,Summer,Weekday
2024-08-22,Deluxe,746.720000,5,5,2024-08,8,Summer,Weekday
2024-08-22,Family,392.620000,2,3,2024-08,8,Summer,Weekday
2024-08-23,Standard,737.990000,7,10,2024-08,8,Summer,Weekend
2024-08-23,Deluxe,470.090000,3,5,2024-08,8,Summer,Weekend
2024-08-23,Family,427.360000,2,3,2024-08,8,Summer,Weekend
2024-08-24,Standard,997.800000,9,10,2024-08,8,Summer,Weekend
2024-08-24,Deluxe,793.670000,5,5,2024-08,8,Summer,Weekend
2024-08-24,Family,635.960000,3,3,2024-08,8,Summer,Weekend
2024-08-25,Standard,1081.390000,10,10,2024-08,8,Summer,Weekday
2024-08-25,Deluxe,793.670000,5,5,2024-08,8,Summer,Weekday
2024-08-25,Family,635.960000,3,3,2024-08,8,Summer,Weekday
2024-08-26,Standard,847.280000,8,10,2024-08,8,Summer,Weekday
2024-08-26,Deluxe,330.170000,2,5,2024-08,8,Summer,Weekday
2024-08-26,Family,385.060000,2,3,2024-08,8,Summer,Weekday
2024-08-27,Standard,848.740000,8,10,2024-08,8,Summer,Weekday
2024-08-27,Deluxe,613.500000,4,5,2024-08,8,Summer,Weekday
2024-08-27,Family,588.260000,3,3,2024-08,8,Summer,Weekday
2024-08-28,Standard,826.940000,8,10,2024-08,8,Summer,Weekday
2024-08-28,Deluxe,732.570000,5,5,2024-08,8,Summer,Weekday
2024-08-28,Family,588.260000,3,3,2024-08,8,Summer,Weekday
2024-08-29,Standard,822.670000,8,10,2024-08,8,Summer,Weekday
2024-08-29,Deluxe,568.600000,4,5,2024-08,8,Summer,Weekday
2024-08-29,Family,389.620000,2,3,2024-08,8,Summer,Weekday
2024-08-30,Standard,953.660000,9,10,2024-08,8,Summer,Weekend
2024-08-30,Deluxe,590.190000,4,5,2024-08,8,Summer,Weekend
2024-08-30,Family,600.860000,3,3,2024-08,8,Summer,Weekend
2024-08-31,Standard,874.960000,8,10,2024-08,8,Summer,Weekend
2024-08-31,Deluxe,590.190000,4,5,2024-08,8,Summer,Weekend
2024-08-31,Family,640.510000,3,3,2024-08,8,Summer,Weekend
2024-09-01,Standard,710.430000,7,10,2024-09,9,Autumn,Weekday
2024-09-01,Deluxe,424.980000,3,5,2024-09,9,Autumn,Weekday
2024-09-01,Family,437.310000,2,3,2024-09,9,Autumn,Weekday
2024-09-02,Standard,664.120000,7,10,2024-09,9,Autumn,Weekday
2024-09-02,Deluxe,282.990000,2,5,2024-09,9,Autumn,Weekday
2024-09-02,Family,366.270000,2,3,2024-09,9,Autumn,Weekday
2024-09-03,Standard,613.190000,7,10,2024-09,9,Autumn,Weekday
2024-09-03,Deluxe,400.340000,3,5,2024-09,9,Autumn,Weekday
2024-09-03,Family,366.270000,2,3,2024-09,9,Autumn,Weekday
2024-09-04,Standard,777.560000,9,10,2024-09,9,Autumn,Weekday
2024-09-04,Deluxe,284.470000,2,5,2024-09,9,Autumn,Weekday
2024-09-04,Family,320.470000,2,3,2024-09,9,Autumn,Weekday
2024-09-05,Standard,646.780000,8,10,2024-09,9,Autumn,Weekday
2024-09-05,Deluxe,346.230000,3,5,2024-09,9,Autumn,Weekday
2024-09-05,Family,483.470000,3,3,2024-09,9,Autumn,Weekday
2024-09-06,Standard,516.530000,6,10,2024-09,9,Autumn,Weekend
2024-09-06,Deluxe,233.980000,2,5,2024-09,9,Autumn,Weekend
2024-09-06,Family,483.470000,3,3,2024-09,9,Autumn,Weekend
2024-09-07,Standard,616.550000,7,10,2024-09,9,Autumn,Weekend
2024-09-07,Deluxe,358.860000,3,5,2024-09,9,Autumn,Weekend
2024-09-07,Family,352.040000,2,3,2024-09,9,Autumn,Weekend
2024-09-08,Standard,685.160000,8,10,2024-09,9,Autumn,Weekday
2024-09-08,Deluxe,358.860000,3,5,2024-09,9,Autumn,Weekday
2024-09-08,Family,181.740000,1,3,2024-09,9,Autumn,Weekday
2024-09-09,Standard,569.380000,7,10,2024-09,9,Autumn,Weekday
2024-09-09,Deluxe,467.320000,4,5,2024-09,9,Autumn,Weekday
2024-09-09,Family,304.060000,2,3,2024-09,9,Autumn,Weekday
2024-09-10,Standard,710.950000,9,10,2024-09,9,Autumn,Weekday
2024-09-10,Deluxe,457.370000,4,5,2024-09,9,Autumn,Weekday
2024-09-10,Family,466.200000,3,3,2024-09,9,Autumn,Weekday
2024-09-11,Standard,546.830000,7,10,2024-09,9,Autumn,Weekday
2024-09-11,Deluxe,117.220000,1,5,2024-09,9,Autumn,Weekday
2024-09-11,Family,466.200000,3,3,2024-09,9,Autumn,Weekday
2024-09-12,Standard,630.480000,8,10,2024-09,9,Autumn,Weekday
2024-09-12,Deluxe,356.780000,3,5,2024-09,9,Autumn,Weekday
2024-09-12,Family,153.700000,1,3,2024-09,9,Autumn,Weekday
2024-09-13,Standard,398.410000,5,10,2024-09,9,Autumn,Weekend
2024-09-13,Deluxe,485.440000,4,5,2024-09,9,Autumn,Weekend
2024-09-13,Family,173.120000,1,3,2024-09,9,Autumn,Weekend
2024-09-14,Standard,514.220000,6,10,2024-09,9,Autumn,Weekend
2024-09-14,Deluxe,621.540000,5,5,2024-09,9,Autumn,Weekend
2024-09-14,Family,343.430000,2,3,2024-09,9,Autumn,Weekend
2024-09-15,Standard,500.800000,6,10,2024-09,9,Autumn,Weekday
2024-09-15,Deluxe,610.000000,5,5,2024-09,9,Autumn,Weekday
2024-09-15,Family,343.430000,2,3,2024-09,9,Autumn,Weekday
2024-09-16,Standard,653.310000,8,10,2024-09,9,Autumn,Weekday
2024-09-16,Deluxe,497.030000,4,5,2024-09,9,Autumn,Weekday
2024-09-16,Family,494.350000,3,3,2024-09,9,Autumn,Weekday
2024-09-17,Standard,632.310000,8,10,2024-09,9,Autumn,Weekday
2024-09-17,Deluxe,493.850000,4,5,2024-09,9,Autumn,Weekday
2024-09-17,Family,170.310000,1,3,2024-09,9,Autumn,Weekday
2024-09-18,Standard,646.340000,8,10,2024-09,9,Autumn,Weekday
2024-09-18,Deluxe,238.510000,2,5,2024-09,9,Autumn,Weekday
2024-09-18,Family,170.310000,1,3,2024-09,9,Autumn,Weekday
2024-09-19,Standard,318.030000,4,10,2024-09,9,Autumn,Weekday
2024-09-19,Deluxe,236.650000,2,5,2024-09,9,Autumn,Weekday
2024-09-19,Family,321.150000,2,3,2024-09,9,Autumn,Weekday
2024-09-20,Standard,420.110000,5,10,2024-09,9,Autumn,Weekend
2024-09-20,Deluxe,366.790000,3,5,2024-09,9,Autumn,Weekend
2024-09-20,Family,319.000000,2,3,2024-09,9,Autumn,Weekend
2024-09-21,Standard,507.210000,6,10,2024-09,9,Autumn,Weekend
2024-09-21,Deluxe,492.030000,4,5,2024-09,9,Autumn,Weekend
2024-09-21,Family,336.830000,2,3,2024-09,9,Autumn,Weekend
2024-09-22,Standard,329.920000,4,10,2024-09,9,Autumn,Weekday
2024-09-22,Deluxe,354.450000,3,5,2024-09,9,Autumn,Weekday
2024-09-22,Family,336.830000,2,3,2024-09,9,Autumn,Weekday
2024-09-23,Standard,406.550000,5,10,2024-09,9,Autumn,Weekday
2024-09-23,Deluxe,361.830000,3,5,2024-09,9,Autumn,Weekday
2024-09-23,Family,325.880000,2,3,2024-09,9,Autumn,Weekday
2024-09-24,Standard,566.240000,7,10,2024-09,9,Autumn,Weekday
2024-09-24,Deluxe,350.730000,3,5,2024-09,9,Autumn,Weekday
2024-09-24,Family,325.880000,2,3,2024-09,9,Autumn,Weekday
2024-09-25,Standard,717.010000,9,10,2024-09,9,Autumn,Weekday
2024-09-25,Deluxe,585.520000,5,5,2024-09,9,Autumn,Weekday
2024-09-25,Family,157.210000,1,3,2024-09,9,Autumn,Weekday
2024-09-26,Standard,550.980000,7,10,2024-09,9,Autumn,Weekday
2024-09-26,Deluxe,584.310000,5,5,2024-09,9,Autumn,Weekday
2024-09-26,Family,0.000000,0,3,2024-09,9,Autumn,Weekday
2024-09-27,Standard,734.990000,9,10,2024-09,9,Autumn,Weekend
2024-09-27,Deluxe,507.490000,4,5,2024-09,9,Autumn,Weekend
2024-09-27,Family,353.070000,2,3,2024-09,9,Autumn,Weekend
2024-09-28,Standard,682.600000,8,10,2024-09,9,Autumn,Weekend
2024-09-28,Deluxe,649.870000,5,5,2024-09,9,Autumn,Weekend
2024-09-28,Family,334.550000,2,3,2024-09,9,Autumn,Weekend
2024-09-29,Standard,608.730000,7,10,2024-09,9,Autumn,Weekday
2024-09-29,Deluxe,650.030000,5,5,2024-09,9,Autumn,Weekday
2024-09-29,Family,169.640000,1,3,2024-09,9,Autumn,Weekday
2024-09-30,Standard,671.260000,8,10,2024-09,9,Autumn,Weekday
2024-09-30,Deluxe,383.190000,3,5,2024-09,9,Autumn,Weekday
2024-09-30,Family,0.000000,0,3,2024-09,9,Autumn,Weekday
2024-10-01,Standard,422.550000,5,10,2024-10,10,Autumn,Weekday
2024-10-01,Deluxe,248.810000,2,5,2024-10,10,Autumn,Weekday
2024-10-01,Family,313.290000,2,3,2024-10,10,Autumn,Weekday
2024-10-02,Standard,653.710000,8,10,2024-10,10,Autumn,Weekday
2024-10-02,Deluxe,234.780000,2,5,2024-10,10,Autumn,Weekday
2024-10-02,Family,313.290000,2,3,2024-10,10,Autumn,Weekday
2024-10-03,Standard,656.800000,8,10,2024-10,10,Autumn,Weekday
2024-10-03,Deluxe,234.780000,2,5,2024-10,10,Autumn,Weekday
2024-10-03,Family,150.610000,1,3,2024-10,10,Autumn,Weekday
2024-10-04,Standard,505.690000,6,10,2024-10,10,Autumn,Weekend
2024-10-04,Deluxe,128.960000,1,5,2024-10,10,Autumn,Weekend
2024-10-04,Family,150.610000,1,3,2024-10,10,Autumn,Weekend
2024-10-05,Standard,526.180000,6,10,2024-10,10,Autumn,Weekend
2024-10-05,Deluxe,395.970000,3,5,2024-10,10,Autumn,Weekend
2024-10-05,Family,0.000000,0,3,2024-10,10,Autumn,Weekend
2024-10-06,Standard,272.290000,3,10,2024-10,10,Autumn,Weekday
2024-10-06,Deluxe,520.160000,4,5,2024-10,10,Autumn,Weekday
2024-10-06,Family,0.000000,0,3,2024-10,10,Autumn,Weekday
2024-10-07,Standard,180.850000,2,10,2024-10,10,Autumn,Weekday
2024-10-07,Deluxe,382.310000,3,5,2024-10,10,Autumn,Weekday
2024-10-07,Family,0.000000,0,3,2024-10,10,Autumn,Weekday
2024-10-08,Standard,91.510000,1,10,2024-10,10,Autumn,Weekday
2024-10-08,Deluxe,231.850000,2,5,2024-10,10,Autumn,Weekday
2024-10-08,Family,0.000000,0,3,2024-10,10,Autumn,Weekday
2024-10-09,Standard,76.350000,1,10,2024-10,10,Autumn,Weekday
2024-10-09,Deluxe,353.350000,3,5,2024-10,10,Autumn,Weekday
2024-10-09,Family,156.290000,1,3,2024-10,10,Autumn,Weekday
2024-10-10,Standard,232.250000,3,10,2024-10,10,Autumn,Weekday
2024-10-10,Deluxe,239.210000,2,5,2024-10,10,Autumn,Weekday
2024-10-10,Family,156.290000,1,3,2024-10,10,Autumn,Weekday
2024-10-11,Standard,695.210000,8,10,2024-10,10,Autumn,Weekend
2024-10-11,Deluxe,378.750000,3,5,2024-10,10,Autumn,Weekend
2024-10-11,Family,170.580000,1,3,2024-10,10,Autumn,Weekend
2024-10-12,Standard,549.050000,6,10,2024-10,10,Autumn,Weekend
2024-10-12,Deluxe,645.070000,5,5,2024-10,10,Autumn,Weekend
2024-10-12,Family,336.600000,2,3,2024-10,10,Autumn,Weekend
2024-10-13,Standard,269.380000,3,10,2024-10,10,Autumn,Weekday
2024-10-13,Deluxe,506.110000,4,5,2024-10,10,Autumn,Weekday
2024-10-13,Family,166.020000,1,3,2024-10,10,Autumn,Weekday
2024-10-14,Standard,427.090000,5,10,2024-10,10,Autumn,Weekday
2024-10-14,Deluxe,509.920000,4,5,2024-10,10,Autumn,Weekday
2024-10-14,Family,0.000000,0,3,2024-10,10,Autumn,Weekday
2024-10-15,Standard,495.860000,6,10,2024-10,10,Autumn,Weekday
2024-10-15,Deluxe,256.420000,2,5,2024-10,10,Autumn,Weekday
2024-10-15,Family,154.160000,1,3,2024-10,10,Autumn,Weekday
2024-10-16,Standard,397.060000,5,10,2024-10,10,Autumn,Weekday
2024-10-16,Deluxe,134.900000,1,5,2024-10,10,Autumn,Weekday
2024-10-16,Family,304.920000,2,3,2024-10,10,Autumn,Weekday
2024-10-17,Standard,476.490000,6,10,2024-10,10,Autumn,Weekday
2024-10-17,Deluxe,497.010000,4,5,2024-10,10,Autumn,Weekday
2024-10-17,Family,298.690000,2,3,2024-10,10,Autumn,Weekday
2024-10-18,Standard,581.470000,7,10,2024-10,10,Autumn,Weekend
2024-10-18,Deluxe,639.520000,5,5,2024-10,10,Autumn,Weekend
2024-10-18,Family,150.760000,1,3,2024-10,10,Autumn,Weekend
2024-10-19,Standard,502.040000,6,10,2024-10,10,Autumn,Weekend
2024-10-19,Deluxe,397.410000,3,5,2024-10,10,Autumn,Weekend
2024-10-19,Family,501.350000,3,3,2024-10,10,Autumn,Weekend
2024-10-20,Standard,321.370000,4,10,2024-10,10,Autumn,Weekday
2024-10-20,Deluxe,138.790000,1,5,2024-10,10,Autumn,Weekday
2024-10-20,Family,318.440000,2,3,2024-10,10,Autumn,Weekday
2024-10-21,Standard,326.520000,4,10,2024-10,10,Autumn,Weekday
2024-10-21,Deluxe,235.290000,2,5,2024-10,10,Autumn,Weekday
2024-10-21,Family,170.410000,1,3,2024-10,10,Autumn,Weekday
2024-10-22,Standard,243.800000,3,10,2024-10,10,Autumn,Weekday
2024-10-22,Deluxe,354.250000,3,5,2024-10,10,Autumn,Weekday
2024-10-22,Family,153.020000,1,3,2024-10,10,Autumn,Weekday
2024-10-23,Standard,487.710000,6,10,2024-10,10,Autumn,Weekday
2024-10-23,Deluxe,112.990000,1,5,2024-10,10,Autumn,Weekday
2024-10-23,Family,302.360000,2,3,2024-10,10,Autumn,Weekday
2024-10-24,Standard,324.820000,4,10,2024-10,10,Autumn,Weekday
2024-10-24,Deluxe,112.990000,1,5,2024-10,10,Autumn,Weekday
2024-10-24,Family,302.360000,2,3,2024-10,10,Autumn,Weekday
2024-10-25,Standard,606.170000,7,10,2024-10,10,Autumn,Weekend
2024-10-25,Deluxe,384.850000,3,5,2024-10,10,Autumn,Weekend
2024-10-25,Family,302.360000,2,3,2024-10,10,Autumn,Weekend
2024-10-26,Standard,686.430000,8,10,2024-10,10,Autumn,Weekend
2024-10-26,Deluxe,403.490000,3,5,2024-10,10,Autumn,Weekend
2024-10-26,Family,148.430000,1,3,2024-10,10,Autumn,Weekend
2024-10-27,Standard,429.510000,5,10,2024-10,10,Autumn,Weekday
2024-10-27,Deluxe,403.490000,3,5,2024-10,10,Autumn,Weekday
2024-10-27,Family,307.160000,2,3,2024-10,10,Autumn,Weekday
2024-10-28,Standard,429.760000,5,10,2024-10,10,Autumn,Weekday
2024-10-28,Deluxe,356.030000,3,5,2024-10,10,Autumn,Weekday
2024-10-28,Family,307.160000,2,3,2024-10,10,Autumn,Weekday
2024-10-29,Standard,333.140000,4,10,2024-10,10,Autumn,Weekday
2024-10-29,Deluxe,471.460000,4,5,2024-10,10,Autumn,Weekday
2024-10-29,Family,307.160000,2,3,2024-10,10,Autumn,Weekday
2024-10-30,Standard,492.410000,6,10,2024-10,10,Autumn,Weekday
2024-10-30,Deluxe,595.620000,5,5,2024-10,10,Autumn,Weekday
2024-10-30,Family,314.950000,2,3,2024-10,10,Autumn,Weekday
2024-10-31,Standard,403.210000,5,10,2024-10,10,Autumn,Weekday
2024-10-31,Deluxe,598.860000,5,5,2024-10,10,Autumn,Weekday
2024-10-31,Family,326.260000,2,3,2024-10,10,Autumn,Weekday
2024-11-01,Standard,332.650000,4,10,2024-11,11,Autumn,Weekend
2024-11-01,Deluxe,390.650000,3,5,2024-11,11,Autumn,Weekend
2024-11-01,Family,164.070000,1,3,2024-11,11,Autumn,Weekend
2024-11-02,Standard,357.240000,4,10,2024-11,11,Autumn,Weekend
2024-11-02,Deluxe,525.370000,4,5,2024-11,11,Autumn,Weekend
2024-11-02,Family,164.070000,1,3,2024-11,11,Autumn,Weekend
2024-11-03,Standard,523.030000,6,10,2024-11,11,Autumn,Weekday
2024-11-03,Deluxe,525.370000,4,5,2024-11,11,Autumn,Weekday
2024-11-03,Family,0.000000,0,3,2024-11,11,Autumn,Weekday
2024-11-04,Standard,357.970000,4,10,2024-11,11,Autumn,Weekday
2024-11-04,Deluxe,385.720000,3,5,2024-11,11,Autumn,Weekday
2024-11-04,Family,149.240000,1,3,2024-11,11,Autumn,Weekday
2024-11-05,Standard,249.830000,3,10,2024-11,11,Autumn,Weekday
2024-11-05,Deluxe,251.000000,2,5,2024-11,11,Autumn,Weekday
2024-11-05,Family,294.330000,2,3,2024-11,11,Autumn,Weekday
2024-11-06,Standard,243.160000,3,10,2024-11,11,Autumn,Weekday
2024-11-06,Deluxe,118.370000,1,5,2024-11,11,Autumn,Weekday
2024-11-06,Family,294.330000,2,3,2024-11,11,Autumn,Weekday
2024-11-07,Standard,238.650000,3,10,2024-11,11,Autumn,Weekday
2024-11-07,Deluxe,118.370000,1,5,2024-11,11,Autumn,Weekday
2024-11-07,Family,294.330000,2,3,2024-11,11,Autumn,Weekday
2024-11-08,Standard,435.740000,5,10,2024-11,11,Autumn,Weekend
2024-11-08,Deluxe,0.000000,0,5,2024-11,11,Autumn,Weekend
2024-11-08,Family,180.220000,1,3,2024-11,11,Autumn,Weekend
2024-11-09,Standard,343.570000,4,10,2024-11,11,Autumn,Weekend
2024-11-09,Deluxe,0.000000,0,5,2024-11,11,Autumn,Weekend
2024-11-09,Family,177.200000,1,3,2024-11,11,Autumn,Weekend
2024-11-10,Standard,87.400000,1,10,2024-11,11,Autumn,Weekday
2024-11-10,Deluxe,121.730000,1,5,2024-11,11,Autumn,Weekday
2024-11-10,Family,177.200000,1,3,2024-11,11,Autumn,Weekday
2024-11-11,Standard,83.920000,1,10,2024-11,11,Autumn,Weekday
2024-11-11,Deluxe,0.000000,0,5,2024-11,11,Autumn,Weekday
2024-11-11,Family,177.200000,1,3,2024-11,11,Autumn,Weekday
2024-11-12,Standard,243.320000,3,10,2024-11,11,Autumn,Weekday
2024-11-12,Deluxe,245.780000,2,5,2024-11,11,Autumn,Weekday
2024-11-12,Family,324.150000,2,3,2024-11,11,Autumn,Weekday
2024-11-13,Standard,400.910000,5,10,2024-11,11,Autumn,Weekday
2024-11-13,Deluxe,121.490000,1,5,2024-11,11,Autumn,Weekday
2024-11-13,Family,146.950000,1,3,2024-11,11,Autumn,Weekday
2024-11-14,Standard,400.910000,5,10,2024-11,11,Autumn,Weekday
2024-11-14,Deluxe,121.490000,1,5,2024-11,11,Autumn,Weekday
2024-11-14,Family,146.950000,1,3,2024-11,11,Autumn,Weekday
2024-11-15,Standard,441.130000,5,10,2024-11,11,Autumn,Weekend
2024-11-15,Deluxe,121.490000,1,5,2024-11,11,Autumn,Weekend
2024-11-15,Family,146.950000,1,3,2024-11,11,Autumn,Weekend
2024-11-16,Standard,563.450000,6,10,2024-11,11,Autumn,Weekend
2024-11-16,Deluxe,125.350000,1,5,2024-11,11,Autumn,Weekend
2024-11-16,Family,0.000000,0,3,2024-11,11,Autumn,Weekend
2024-11-17,Standard,461.210000,5,10,2024-11,11,Autumn,Weekday
2024-11-17,Deluxe,0.000000,0,5,2024-11,11,Autumn,Weekday
2024-11-17,Family,0.000000,0,3,2024-11,11,Autumn,Weekday
2024-11-18,Standard,622.090000,7,10,2024-11,11,Autumn,Weekday
2024-11-18,Deluxe,0.000000,0,5,2024-11,11,Autumn,Weekday
2024-11-18,Family,0.000000,0,3,2024-11,11,Autumn,Weekday
2024-11-19,Standard,330.300000,4,10,2024-11,11,Autumn,Weekday
2024-11-19,Deluxe,230.850000,2,5,2024-11,11,Autumn,Weekday
2024-11-19,Family,0.000000,0,3,2024-11,11,Autumn,Weekday
2024-11-20,Standard,244.150000,3,10,2024-11,11,Autumn,Weekday
2024-11-20,Deluxe,117.460000,1,5,2024-11,11,Autumn,Weekday
2024-11-20,Family,0.000000,0,3,2024-11,11,Autumn,Weekday
2024-11-21,Standard,405.930000,5,10,2024-11,11,Autumn,Weekday
2024-11-21,Deluxe,117.460000,1,5,2024-11,11,Autumn,Weekday
2024-11-21,Family,0.000000,0,3,2024-11,11,Autumn,Weekday
2024-11-22,Standard,582.740000,7,10,2024-11,11,Autumn,Weekend
2024-11-22,Deluxe,117.460000,1,5,2024-11,11,Autumn,Weekend
2024-11-22,Family,0.000000,0,3,2024-11,11,Autumn,Weekend
2024-11-23,Standard,589.550000,7,10,2024-11,11,Autumn,Weekend
2024-11-23,Deluxe,132.930000,1,5,2024-11,11,Autumn,Weekend
2024-11-23,Family,164.900000,1,3,2024-11,11,Autumn,Weekend
2024-11-24,Standard,508.690000,6,10,2024-11,11,Autumn,Weekday
2024-11-24,Deluxe,114.280000,1,5,2024-11,11,Autumn,Weekday
2024-11-24,Family,164.900000,1,3,2024-11,11,Autumn,Weekday
2024-11-25,Standard,407.190000,5,10,2024-11,11,Autumn,Weekday
2024-11-25,Deluxe,121.960000,1,5,2024-11,11,Autumn,Weekday
2024-11-25,Family,0.000000,0,3,2024-11,11,Autumn,Weekday
2024-11-26,Standard,314.620000,4,10,2024-11,11,Autumn,Weekday
2024-11-26,Deluxe,238.010000,2,5,2024-11,11,Autumn,Weekday
2024-11-26,Family,0.000000,0,3,2024-11,11,Autumn,Weekday
2024-11-27,Standard,320.440000,4,10,2024-11,11,Autumn,Weekday
2024-11-27,Deluxe,358.660000,3,5,2024-11,11,Autumn,Weekday
2024-11-27,Family,161.150000,1,3,2024-11,11,Autumn,Weekday
2024-11-28,Standard,242.420000,3,10,2024-11,11,Autumn,Weekday
2024-11-28,Deluxe,0.000000,0,5,2024-11,11,Autumn,Weekday
2024-11-28,Family,161.150000,1,3,2024-11,11,Autumn,Weekday
2024-11-29,Standard,426.480000,5,10,2024-11,11,Autumn,Weekend
2024-11-29,Deluxe,125.310000,1,5,2024-11,11,Autumn,Weekend
2024-11-29,Family,161.150000,1,3,2024-11,11,Autumn,Weekend
2024-11-30,Standard,361.890000,4,10,2024-11,11,Autumn,Weekend
2024-11-30,Deluxe,520.200000,4,5,2024-11,11,Autumn,Weekend
2024-11-30,Family,0.000000,0,3,2024-11,11,Autumn,Weekend
2024-12-01,Standard,335.520000,4,10,2024-12,12,Winter,Weekday
2024-12-01,Deluxe,479.660000,4,5,2024-12,12,Winter,Weekday
2024-12-01,Family,0.000000,0,3,2024-12,12,Winter,Weekday
2024-12-02,Standard,367.990000,5,10,2024-12,12,Winter,Weekday
2024-12-02,Deluxe,225.450000,2,5,2024-12,12,Winter,Weekday
2024-12-02,Family,122.850000,1,3,2024-12,12,Winter,Weekday
2024-12-03,Standard,401.030000,6,10,2024-12,12,Winter,Weekday
2024-12-03,Deluxe,225.450000,2,5,2024-12,12,Winter,Weekday
2024-12-03,Family,246.600000,2,3,2024-12,12,Winter,Weekday
2024-12-04,Standard,337.140000,5,10,2024-12,12,Winter,Weekday
2024-12-04,Deluxe,186.650000,2,5,2024-12,12,Winter,Weekday
2024-12-04,Family,246.600000,2,3,2024-12,12,Winter,Weekday
2024-12-05,Standard,258.030000,4,10,2024-12,12,Winter,Weekday
2024-12-05,Deluxe,182.300000,2,5,2024-12,12,Winter,Weekday
2024-12-05,Family,0.000000,0,3,2024-12,12,Winter,Weekday
2024-12-06,Standard,196.470000,3,10,2024-12,12,Winter,Weekend
2024-12-06,Deluxe,93.130000,1,5,2024-12,12,Winter,Weekend
2024-12-06,Family,138.520000,1,3,2024-12,12,Winter,Weekend
2024-12-07,Standard,271.420000,4,10,2024-12,12,Winter,Weekend
2024-12-07,Deluxe,93.130000,1,5,2024-12,12,Winter,Weekend
2024-12-07,Family,281.080000,2,3,2024-12,12,Winter,Weekend
2024-12-08,Standard,142.830000,2,10,2024-12,12,Winter,Weekday
2024-12-08,Deluxe,0.000000,0,5,2024-12,12,Winter,Weekday
2024-12-08,Family,281.080000,2,3,2024-12,12,Winter,Weekday
2024-12-09,Standard,335.320000,5,10,2024-12,12,Winter,Weekday
2024-12-09,Deluxe,0.000000,0,5,2024-12,12,Winter,Weekday
2024-12-09,Family,142.560000,1,3,2024-12,12,Winter,Weekday
2024-12-10,Standard,254.690000,4,10,2024-12,12,Winter,Weekday
2024-12-10,Deluxe,0.000000,0,5,2024-12,12,Winter,Weekday
2024-12-10,Family,243.160000,2,3,2024-12,12,Winter,Weekday
2024-12-11,Standard,246.720000,4,10,2024-12,12,Winter,Weekday
2024-12-11,Deluxe,0.000000,0,5,2024-12,12,Winter,Weekday
2024-12-11,Family,243.160000,2,3,2024-12,12,Winter,Weekday
2024-12-12,Standard,367.530000,6,10,2024-12,12,Winter,Weekday
2024-12-12,Deluxe,93.500000,1,5,2024-12,12,Winter,Weekday
2024-12-12,Family,364.050000,3,3,2024-12,12,Winter,Weekday
2024-12-13,Standard,464.160000,7,10,2024-12,12,Winter,Weekend
2024-12-13,Deluxe,199.170000,2,5,2024-12,12,Winter,Weekend
2024-12-13,Family,236.200000,2,3,2024-12,12,Winter,Weekend
2024-12-14,Standard,469.040000,7,10,2024-12,12,Winter,Weekend
2024-12-14,Deluxe,305.000000,3,5,2024-12,12,Winter,Weekend
2024-12-14,Family,0.000000,0,3,2024-12,12,Winter,Weekend
2024-12-15,Standard,332.660000,5,10,2024-12,12,Winter,Weekday
2024-12-15,Deluxe,372.340000,4,5,2024-12,12,Winter,Weekday
2024-12-15,Family,0.000000,0,3,2024-12,12,Winter,Weekday
2024-12-16,Standard,146.450000,2,10,2024-12,12,Winter,Weekday
2024-12-16,Deluxe,283.210000,3,5,2024-12,12,Winter,Weekday
2024-12-16,Family,0.000000,0,3,2024-12,12,Winter,Weekday
2024-12-17,Standard,129.850000,2,10,2024-12,12,Winter,Weekday
2024-12-17,Deluxe,0.000000,0,5,2024-12,12,Winter,Weekday
2024-12-17,Family,240.350000,2,3,2024-12,12,Winter,Weekday
2024-12-18,Standard,116.630000,2,10,2024-12,12,Winter,Weekday
2024-12-18,Deluxe,0.000000,0,5,2024-12,12,Winter,Weekday
2024-12-18,Family,117.070000,1,3,2024-12,12,Winter,Weekday
2024-12-19,Standard,124.540000,2,10,2024-12,12,Winter,Weekday
2024-12-19,Deluxe,187.700000,2,5,2024-12,12,Winter,Weekday
2024-12-19,Family,125.830000,1,3,2024-12,12,Winter,Weekday
2024-12-20,Standard,203.870000,3,10,2024-12,12,Winter,Weekend
2024-12-20,Deluxe,194.190000,2,5,2024-12,12,Winter,Weekend
2024-12-20,Family,262.140000,2,3,2024-12,12,Winter,Weekend
2024-12-21,Standard,354.850000,5,10,2024-12,12,Winter,Weekend
2024-12-21,Deluxe,194.190000,2,5,2024-12,12,Winter,Weekend
2024-12-21,Family,262.140000,2,3,2024-12,12,Winter,Weekend
2024-12-22,Standard,476.920000,7,10,2024-12,12,Winter,Weekday
2024-12-22,Deluxe,194.190000,2,5,2024-12,12,Winter,Weekday
2024-12-22,Family,259.900000,2,3,2024-12,12,Winter,Weekday
2024-12-23,Standard,326.340000,5,10,2024-12,12,Winter,Weekday
2024-12-23,Deluxe,177.330000,2,5,2024-12,12,Winter,Weekday
2024-12-23,Family,123.590000,1,3,2024-12,12,Winter,Weekday
2024-12-24,Standard,251.380000,4,10,2024-12,12,Winter,Weekday
2024-12-24,Deluxe,180.720000,2,5,2024-12,12,Winter,Weekday
2024-12-24,Family,123.590000,1,3,2024-12,12,Winter,Weekday
2024-12-25,Standard,192.700000,3,10,2024-12,12,Winter,Weekday
2024-12-25,Deluxe,87.120000,1,5,2024-12,12,Winter,Weekday
2024-12-25,Family,123.590000,1,3,2024-12,12,Winter,Weekday
2024-12-26,Standard,314.080000,5,10,2024-12,12,Winter,Weekday
2024-12-26,Deluxe,89.570000,1,5,2024-12,12,Winter,Weekday
2024-12-26,Family,244.180000,2,3,2024-12,12,Winter,Weekday
2024-12-27,Standard,395.480000,6,10,2024-12,12,Winter,Weekend
2024-12-27,Deluxe,300.820000,3,5,2024-12,12,Winter,Weekend
2024-12-27,Family,0.000000,0,3,2024-12,12,Winter,Weekend
2024-12-28,Standard,279.530000,4,10,2024-12,12,Winter,Weekend
2024-12-28,Deluxe,412.390000,4,5,2024-12,12,Winter,Weekend
2024-12-28,Family,0.000000,0,3,2024-12,12,Winter,Weekend
2024-12-29,Standard,275.540000,4,10,2024-12,12,Winter,Weekday
2024-12-29,Deluxe,95.490000,1,5,2024-12,12,Winter,Weekday
2024-12-29,Family,0.000000,0,3,2024-12,12,Winter,Weekday
2024-12-30,Standard,128.220000,2,10,2024-12,12,Winter,Weekday
2024-12-30,Deluxe,194.770000,2,5,2024-12,12,Winter,Weekday
2024-12-30,Family,127.850000,1,3,2024-12,12,Winter,Weekday
2024-12-31,Standard,255.130000,4,10,2024-12,12,Winter,Weekday
2024-12-31,Deluxe,288.620000,3,5,2024-12,12,Winter,Weekday
2024-12-31,Family,255.810000,2,3,2024-12,12,Winter,Weekday
2025-01-01,Standard,189.430000,3,10,2025-01,1,Winter,Weekday
2025-01-01,Deluxe,193.130000,2,5,2025-01,1,Winter,Weekday
2025-01-01,Family,255.810000,2,3,2025-01,1,Winter,Weekday
2025-01-02,Standard,126.980000,2,10,2025-01,1,Winter,Weekday
2025-01-02,Deluxe,93.850000,1,5,2025-01,1,Winter,Weekday
2025-01-02,Family,127.960000,1,3,2025-01,1,Winter,Weekday
2025-01-03,Standard,142.320000,2,10,2025-01,1,Winter,Weekend
2025-01-03,Deluxe,0.000000,0,5,2025-01,1,Winter,Weekend
2025-01-03,Family,0.000000,0,3,2025-01,1,Winter,Weekend
2025-01-04,Standard,291.480000,4,10,2025-01,1,Winter,Weekend
2025-01-04,Deluxe,101.930000,1,5,2025-01,1,Winter,Weekend
2025-01-04,Family,140.820000,1,3,2025-01,1,Winter,Weekend
2025-01-05,Standard,227.020000,3,10,2025-01,1,Winter,Weekday
2025-01-05,Deluxe,0.000000,0,5,2025-01,1,Winter,Weekday
2025-01-05,Family,140.820000,1,3,2025-01,1,Winter,Weekday
2025-01-06,Standard,288.090000,4,10,2025-01,1,Winter,Weekday
2025-01-06,Deluxe,0.000000,0,5,2025-01,1,Winter,Weekday
2025-01-06,Family,0.000000,0,3,2025-01,1,Winter,Weekday
2025-01-07,Standard,212.700000,3,10,2025-01,1,Winter,Weekday
2025-01-07,Deluxe,92.030000,1,5,2025-01,1,Winter,Weekday
2025-01-07,Family,0.000000,0,3,2025-01,1,Winter,Weekday
2025-01-08,Standard,143.630000,2,10,2025-01,1,Winter,Weekday
2025-01-08,Deluxe,92.030000,1,5,2025-01,1,Winter,Weekday
2025-01-08,Family,0.000000,0,3,2025-01,1,Winter,Weekday
2025-01-09,Standard,133.000000,2,10,2025-01,1,Winter,Weekday
2025-01-09,Deluxe,98.080000,1,5,2025-01,1,Winter,Weekday
2025-01-09,Family,0.000000,0,3,2025-01,1,Winter,Weekday
2025-01-10,Standard,359.610000,5,10,2025-01,1,Winter,Weekend
2025-01-10,Deluxe,209.520000,2,5,2025-01,1,Winter,Weekend
2025-01-10,Family,0.000000,0,3,2025-01,1,Winter,Weekend
2025-01-11,Standard,150.760000,2,10,2025-01,1,Winter,Weekend
2025-01-11,Deluxe,314.590000,3,5,2025-01,1,Winter,Weekend
2025-01-11,Family,0.000000,0,3,2025-01,1,Winter,Weekend
2025-01-12,Standard,218.500000,3,10,2025-01,1,Winter,Weekday
2025-01-12,Deluxe,313.900000,3,5,2025-01,1,Winter,Weekday
2025-01-12,Family,0.000000,0,3,2025-01,1,Winter,Weekday
2025-01-13,Standard,131.380000,2,10,2025-01,1,Winter,Weekday
2025-01-13,Deluxe,405.490000,4,5,2025-01,1,Winter,Weekday
2025-01-13,Family,0.000000,0,3,2025-01,1,Winter,Weekday
2025-01-14,Standard,131.380000,2,10,2025-01,1,Winter,Weekday
2025-01-14,Deluxe,290.500000,3,5,2025-01,1,Winter,Weekday
2025-01-14,Family,0.000000,0,3,2025-01,1,Winter,Weekday
2025-01-15,Standard,67.740000,1,10,2025-01,1,Winter,Weekday
2025-01-15,Deluxe,193.110000,2,5,2025-01,1,Winter,Weekday
2025-01-15,Family,123.730000,1,3,2025-01,1,Winter,Weekday
2025-01-16,Standard,206.180000,3,10,2025-01,1,Winter,Weekday
2025-01-16,Deluxe,196.330000,2,5,2025-01,1,Winter,Weekday
2025-01-16,Family,123.730000,1,3,2025-01,1,Winter,Weekday
2025-01-17,Standard,346.880000,5,10,2025-01,1,Winter,Weekend
2025-01-17,Deluxe,196.330000,2,5,2025-01,1,Winter,Weekend
2025-01-17,Family,123.730000,1,3,2025-01,1,Winter,Weekend
2025-01-18,Standard,351.740000,5,10,2025-01,1,Winter,Weekend
2025-01-18,Deluxe,414.720000,4,5,2025-01,1,Winter,Weekend
2025-01-18,Family,138.110000,1,3,2025-01,1,Winter,Weekend
2025-01-19,Standard,204.890000,3,10,2025-01,1,Winter,Weekday
2025-01-19,Deluxe,113.730000,1,5,2025-01,1,Winter,Weekday
2025-01-19,Family,138.110000,1,3,2025-01,1,Winter,Weekday
2025-01-20,Standard,198.440000,3,10,2025-01,1,Winter,Weekday
2025-01-20,Deluxe,99.040000,1,5,2025-01,1,Winter,Weekday
2025-01-20,Family,0.000000,0,3,2025-01,1,Winter,Weekday
2025-01-21,Standard,0.000000,0,10,2025-01,1,Winter,Weekday
2025-01-21,Deluxe,99.040000,1,5,2025-01,1,Winter,Weekday
2025-01-21,Family,0.000000,0,3,2025-01,1,Winter,Weekday
2025-01-22,Standard,0.000000,0,10,2025-01,1,Winter,Weekday
2025-01-22,Deluxe,99.040000,1,5,2025-01,1,Winter,Weekday
2025-01-22,Family,0.000000,0,3,2025-01,1,Winter,Weekday
2025-01-23,Standard,0.000000,0,10,2025-01,1,Winter,Weekday
2025-01-23,Deluxe,0.000000,0,5,2025-01,1,Winter,Weekday
2025-01-23,Family,0.000000,0,3,2025-01,1,Winter,Weekday
2025-01-24,Standard,214.830000,3,10,2025-01,1,Winter,Weekend
2025-01-24,Deluxe,0.000000,0,5,2025-01,1,Winter,Weekend
2025-01-24,Family,150.770000,1,3,2025-01,1,Winter,Weekend
2025-01-25,Standard,214.830000,3,10,2025-01,1,Winter,Weekend
2025-01-25,Deluxe,206.620000,2,5,2025-01,1,Winter,Weekend
2025-01-25,Family,0.000000,0,3,2025-01,1,Winter,Weekend
2025-01-26,Standard,206.840000,3,10,2025-01,1,Winter,Weekday
2025-01-26,Deluxe,206.620000,2,5,2025-01,1,Winter,Weekday
2025-01-26,Family,122.980000,1,3,2025-01,1,Winter,Weekday
2025-01-27,Standard,133.300000,2,10,2025-01,1,Winter,Weekday
2025-01-27,Deluxe,206.620000,2,5,2025-01,1,Winter,Weekday
2025-01-27,Family,0.000000,0,3,2025-01,1,Winter,Weekday
2025-01-28,Standard,326.770000,5,10,2025-01,1,Winter,Weekday
2025-01-28,Deluxe,108.910000,1,5,2025-01,1,Winter,Weekday
2025-01-28,Family,0.000000,0,3,2025-01,1,Winter,Weekday
2025-01-29,Standard,196.140000,3,10,2025-01,1,Winter,Weekday
2025-01-29,Deluxe,98.900000,1,5,2025-01,1,Winter,Weekday
2025-01-29,Family,0.000000,0,3,2025-01,1,Winter,Weekday
2025-01-30,Standard,192.560000,3,10,2025-01,1,Winter,Weekday
2025-01-30,Deluxe,98.900000,1,5,2025-01,1,Winter,Weekday
2025-01-30,Family,0.000000,0,3,2025-01,1,Winter,Weekday
2025-01-31,Standard,137.170000,2,10,2025-01,1,Winter,Weekend
2025-01-31,Deluxe,108.600000,1,5,2025-01,1,Winter,Weekend
2025-01-31,Family,0.000000,0,3,2025-01,1,Winter,Weekend
2025-02-01,Standard,208.620000,3,10,2025-02,2,Winter,Weekend
2025-02-01,Deluxe,314.070000,3,5,2025-02,2,Winter,Weekend
2025-02-01,Family,0.000000,0,3,2025-02,2,Winter,Weekend
2025-02-02,Standard,146.130000,2,10,2025-02,2,Winter,Weekday
2025-02-02,Deluxe,314.070000,3,5,2025-02,2,Winter,Weekday
2025-02-02,Family,0.000000,0,3,2025-02,2,Winter,Weekday
2025-02-03,Standard,71.450000,1,10,2025-02,2,Winter,Weekday
2025-02-03,Deluxe,409.540000,4,5,2025-02,2,Winter,Weekday
2025-02-03,Family,0.000000,0,3,2025-02,2,Winter,Weekday
2025-02-04,Standard,132.980000,2,10,2025-02,2,Winter,Weekday
2025-02-04,Deluxe,191.800000,2,5,2025-02,2,Winter,Weekday
2025-02-04,Family,0.000000,0,3,2025-02,2,Winter,Weekday
2025-02-05,Standard,128.520000,2,10,2025-02,2,Winter,Weekday
2025-02-05,Deluxe,96.330000,1,5,2025-02,2,Winter,Weekday
2025-02-05,Family,0.000000,0,3,2025-02,2,Winter,Weekday
2025-02-06,Standard,187.270000,3,10,2025-02,2,Winter,Weekday
2025-02-06,Deluxe,0.000000,0,5,2025-02,2,Winter,Weekday
2025-02-06,Family,0.000000,0,3,2025-02,2,Winter,Weekday
2025-02-07,Standard,346.710000,5,10,2025-02,2,Winter,Weekend
2025-02-07,Deluxe,0.000000,0,5,2025-02,2,Winter,Weekend
2025-02-07,Family,0.000000,0,3,2025-02,2,Winter,Weekend
2025-02-08,Standard,216.860000,3,10,2025-02,2,Winter,Weekend
2025-02-08,Deluxe,109.930000,1,5,2025-02,2,Winter,Weekend
2025-02-08,Family,138.130000,1,3,2025-02,2,Winter,Weekend
2025-02-09,Standard,204.320000,3,10,2025-02,2,Winter,Weekday
2025-02-09,Deluxe,109.930000,1,5,2025-02,2,Winter,Weekday
2025-02-09,Family,265.200000,2,3,2025-02,2,Winter,Weekday
2025-02-10,Standard,328.180000,5,10,2025-02,2,Winter,Weekday
2025-02-10,Deluxe,101.650000,1,5,2025-02,2,Winter,Weekday
2025-02-10,Family,265.200000,2,3,2025-02,2,Winter,Weekday
2025-02-11,Standard,397.160000,6,10,2025-02,2,Winter,Weekday
2025-02-11,Deluxe,192.870000,2,5,2025-02,2,Winter,Weekday
2025-02-11,Family,131.190000,1,3,2025-02,2,Winter,Weekday
2025-02-12,Standard,125.330000,2,10,2025-02,2,Winter,Weekday
2025-02-12,Deluxe,192.130000,2,5,2025-02,2,Winter,Weekday
2025-02-12,Family,0.000000,0,3,2025-02,2,Winter,Weekday
2025-02-13,Standard,0.000000,0,10,2025-02,2,Winter,Weekday
2025-02-13,Deluxe,192.130000,2,5,2025-02,2,Winter,Weekday
2025-02-13,Family,0.000000,0,3,2025-02,2,Winter,Weekday
2025-02-14,Standard,142.640000,2,10,2025-02,2,Winter,Weekend
2025-02-14,Deluxe,213.640000,2,5,2025-02,2,Winter,Weekend
2025-02-14,Family,0.000000,0,3,2025-02,2,Winter,Weekend
2025-02-15,Standard,218.520000,3,10,2025-02,2,Winter,Weekend
2025-02-15,Deluxe,213.640000,2,5,2025-02,2,Winter,Weekend
2025-02-15,Family,143.130000,1,3,2025-02,2,Winter,Weekend
2025-02-16,Standard,276.020000,4,10,2025-02,2,Winter,Weekday
2025-02-16,Deluxe,107.440000,1,5,2025-02,2,Winter,Weekday
2025-02-16,Family,0.000000,0,3,2025-02,2,Winter,Weekday
2025-02-17,Standard,276.020000,4,10,2025-02,2,Winter,Weekday
2025-02-17,Deluxe,107.440000,1,5,2025-02,2,Winter,Weekday
2025-02-17,Family,0.000000,0,3,2025-02,2,Winter,Weekday
2025-02-18,Standard,261.940000,4,10,2025-02,2,Winter,Weekday
2025-02-18,Deluxe,0.000000,0,5,2025-02,2,Winter,Weekday
2025-02-18,Family,0.000000,0,3,2025-02,2,Winter,Weekday
2025-02-19,Standard,123.520000,2,10,2025-02,2,Winter,Weekday
2025-02-19,Deluxe,0.000000,0,5,2025-02,2,Winter,Weekday
2025-02-19,Family,0.000000,0,3,2025-02,2,Winter,Weekday
2025-02-20,Standard,64.990000,1,10,2025-02,2,Winter,Weekday
2025-02-20,Deluxe,0.000000,0,5,2025-02,2,Winter,Weekday
2025-02-20,Family,120.860000,1,3,2025-02,2,Winter,Weekday
2025-02-21,Standard,300.440000,4,10,2025-02,2,Winter,Weekend
2025-02-21,Deluxe,106.910000,1,5,2025-02,2,Winter,Weekend
2025-02-21,Family,120.860000,1,3,2025-02,2,Winter,Weekend
2025-02-22,Standard,365.840000,5,10,2025-02,2,Winter,Weekend
2025-02-22,Deluxe,106.910000,1,5,2025-02,2,Winter,Weekend
2025-02-22,Family,265.720000,2,3,2025-02,2,Winter,Weekend
2025-02-23,Standard,346.580000,5,10,2025-02,2,Winter,Weekday
2025-02-23,Deluxe,95.530000,1,5,2025-02,2,Winter,Weekday
2025-02-23,Family,399.020000,3,3,2025-02,2,Winter,Weekday
2025-02-24,Standard,265.710000,4,10,2025-02,2,Winter,Weekday
2025-02-24,Deluxe,95.530000,1,5,2025-02,2,Winter,Weekday
2025-02-24,Family,265.720000,2,3,2025-02,2,Winter,Weekday
2025-02-25,Standard,199.780000,3,10,2025-02,2,Winter,Weekday
2025-02-25,Deluxe,0.000000,0,5,2025-02,2,Winter,Weekday
2025-02-25,Family,120.860000,1,3,2025-02,2,Winter,Weekday
2025-02-26,Standard,196.790000,3,10,2025-02,2,Winter,Weekday
2025-02-26,Deluxe,0.000000,0,5,2025-02,2,Winter,Weekday
2025-02-26,Family,240.240000,2,3,2025-02,2,Winter,Weekday
2025-02-27,Standard,130.380000,2,10,2025-02,2,Winter,Weekday
2025-02-27,Deluxe,0.000000,0,5,2025-02,2,Winter,Weekday
2025-02-27,Family,119.380000,1,3,2025-02,2,Winter,Weekday
2025-02-28,Standard,277.310000,4,10,2025-02,2,Winter,Weekend
2025-02-28,Deluxe,0.000000,0,5,2025-02,2,Winter,Weekend
2025-02-28,Family,261.550000,2,3,2025-02,2,Winter,Weekend
2025-03-01,Standard,302.550000,4,10,2025-03,3,Spring,Weekend
2025-03-01,Deluxe,402.310000,3,5,2025-03,3,Spring,Weekend
2025-03-01,Family,136.580000,1,3,2025-03,3,Spring,Weekend
2025-03-02,Standard,235.010000,3,10,2025-03,3,Spring,Weekday
2025-03-02,Deluxe,246.420000,2,5,2025-03,3,Spring,Weekday
2025-03-02,Family,0.000000,0,3,2025-03,3,Spring,Weekday
2025-03-03,Standard,242.180000,3,10,2025-03,3,Spring,Weekday
2025-03-03,Deluxe,246.420000,2,5,2025-03,3,Spring,Weekday
2025-03-03,Family,295.790000,2,3,2025-03,3,Spring,Weekday
2025-03-04,Standard,160.620000,2,10,2025-03,3,Spring,Weekday
2025-03-04,Deluxe,133.760000,1,5,2025-03,3,Spring,Weekday
2025-03-04,Family,295.790000,2,3,2025-03,3,Spring,Weekday
2025-03-05,Standard,157.710000,2,10,2025-03,3,Spring,Weekday
2025-03-05,Deluxe,254.800000,2,5,2025-03,3,Spring,Weekday
2025-03-05,Family,150.290000,1,3,2025-03,3,Spring,Weekday
2025-03-06,Standard,79.010000,1,10,2025-03,3,Spring,Weekday
2025-03-06,Deluxe,254.800000,2,5,2025-03,3,Spring,Weekday
2025-03-06,Family,150.290000,1,3,2025-03,3,Spring,Weekday
2025-03-07,Standard,265.850000,3,10,2025-03,3,Spring,Weekend
2025-03-07,Deluxe,121.040000,1,5,2025-03,3,Spring,Weekend
2025-03-07,Family,0.000000,0,3,2025-03,3,Spring,Weekend
2025-03-08,Standard,535.140000,6,10,2025-03,3,Spring,Weekend
2025-03-08,Deluxe,261.080000,2,5,2025-03,3,Spring,Weekend
2025-03-08,Family,341.540000,2,3,2025-03,3,Spring,Weekend
2025-03-09,Standard,348.810000,4,10,2025-03,3,Spring,Weekday
2025-03-09,Deluxe,129.260000,1,5,2025-03,3,Spring,Weekday
2025-03-09,Family,341.540000,2,3,2025-03,3,Spring,Weekday
2025-03-10,Standard,172.990000,2,10,2025-03,3,Spring,Weekday
2025-03-10,Deluxe,237.120000,2,5,2025-03,3,Spring,Weekday
2025-03-10,Family,341.540000,2,3,2025-03,3,Spring,Weekday
2025-03-11,Standard,250.270000,3,10,2025-03,3,Spring,Weekday
2025-03-11,Deluxe,232.780000,2,5,2025-03,3,Spring,Weekday
2025-03-11,Family,158.850000,1,3,2025-03,3,Spring,Weekday
2025-03-12,Standard,246.450000,3,10,2025-03,3,Spring,Weekday
2025-03-12,Deluxe,0.000000,0,5,2025-03,3,Spring,Weekday
2025-03-12,Family,158.850000,1,3,2025-03,3,Spring,Weekday
2025-03-13,Standard,322.080000,4,10,2025-03,3,Spring,Weekday
2025-03-13,Deluxe,343.710000,3,5,2025-03,3,Spring,Weekday
2025-03-13,Family,312.290000,2,3,2025-03,3,Spring,Weekday
2025-03-14,Standard,163.620000,2,10,2025-03,3,Spring,Weekend
2025-03-14,Deluxe,221.610000,2,5,2025-03,3,Spring,Weekend
2025-03-14,Family,153.440000,1,3,2025-03,3,Spring,Weekend
2025-03-15,Standard,433.400000,5,10,2025-03,3,Spring,Weekend
2025-03-15,Deluxe,359.570000,3,5,2025-03,3,Spring,Weekend
2025-03-15,Family,153.440000,1,3,2025-03,3,Spring,Weekend
2025-03-16,Standard,422.900000,5,10,2025-03,3,Spring,Weekday
2025-03-16,Deluxe,223.060000,2,5,2025-03,3,Spring,Weekday
2025-03-16,Family,0.000000,0,3,2025-03,3,Spring,Weekday
2025-03-17,Standard,413.720000,5,10,2025-03,3,Spring,Weekday
2025-03-17,Deluxe,231.230000,2,5,2025-03,3,Spring,Weekday
2025-03-17,Family,153.240000,1,3,2025-03,3,Spring,Weekday
2025-03-18,Standard,243.600000,3,10,2025-03,3,Spring,Weekday
2025-03-18,Deluxe,231.230000,2,5,2025-03,3,Spring,Weekday
2025-03-18,Family,0.000000,0,3,2025-03,3,Spring,Weekday
2025-03-19,Standard,161.330000,2,10,2025-03,3,Spring,Weekday
2025-03-19,Deluxe,236.070000,2,5,2025-03,3,Spring,Weekday
2025-03-19,Family,0.000000,0,3,2025-03,3,Spring,Weekday
2025-03-20,Standard,166.500000,2,10,2025-03,3,Spring,Weekday
2025-03-20,Deluxe,114.100000,1,5,2025-03,3,Spring,Weekday
2025-03-20,Family,0.000000,0,3,2025-03,3,Spring,Weekday
2025-03-21,Standard,601.720000,7,10,2025-03,3,Spring,Weekend
2025-03-21,Deluxe,114.100000,1,5,2025-03,3,Spring,Weekend
2025-03-21,Family,165.060000,1,3,2025-03,3,Spring,Weekend
2025-03-22,Standard,521.040000,6,10,2025-03,3,Spring,Weekend
2025-03-22,Deluxe,114.100000,1,5,2025-03,3,Spring,Weekend
2025-03-22,Family,339.550000,2,3,2025-03,3,Spring,Weekend
2025-03-23,Standard,347.210000,4,10,2025-03,3,Spring,Weekday
2025-03-23,Deluxe,115.150000,1,5,2025-03,3,Spring,Weekday
2025-03-23,Family,174.490000,1,3,2025-03,3,Spring,Weekday
2025-03-24,Standard,260.220000,3,10,2025-03,3,Spring,Weekday
2025-03-24,Deluxe,234.030000,2,5,2025-03,3,Spring,Weekday
2025-03-24,Family,0.000000,0,3,2025-03,3,Spring,Weekday
2025-03-25,Standard,334.760000,4,10,2025-03,3,Spring,Weekday
2025-03-25,Deluxe,227.600000,2,5,2025-03,3,Spring,Weekday
2025-03-25,Family,158.850000,1,3,2025-03,3,Spring,Weekday
2025-03-26,Standard,402.910000,5,10,2025-03,3,Spring,Weekday
2025-03-26,Deluxe,0.000000,0,5,2025-03,3,Spring,Weekday
2025-03-26,Family,158.850000,1,3,2025-03,3,Spring,Weekday
2025-03-27,Standard,334.900000,4,10,2025-03,3,Spring,Weekday
2025-03-27,Deluxe,0.000000,0,5,2025-03,3,Spring,Weekday
2025-03-27,Family,158.850000,1,3,2025-03,3,Spring,Weekday
2025-03-28,Standard,498.610000,6,10,2025-03,3,Spring,Weekend
2025-03-28,Deluxe,269.160000,2,5,2025-03,3,Spring,Weekend
2025-03-28,Family,158.850000,1,3,2025-03,3,Spring,Weekend
2025-03-29,Standard,437.390000,5,10,2025-03,3,Spring,Weekend
2025-03-29,Deluxe,380.780000,3,5,2025-03,3,Spring,Weekend
2025-03-29,Family,168.960000,1,3,2025-03,3,Spring,Weekend
2025-03-30,Standard,356.110000,4,10,2025-03,3,Spring,Weekday
2025-03-30,Deluxe,240.700000,2,5,2025-03,3,Spring,Weekday
2025-03-30,Family,476.830000,3,3,2025-03,3,Spring,Weekday
2025-03-31,Standard,261.370000,3,10,2025-03,3,Spring,Weekday
2025-03-31,Deluxe,113.730000,1,5,2025-03,3,Spring,Weekday
2025-03-31,Family,307.750000,2,3,2025-03,3,Spring,Weekday
2025-04-01,Standard,328.100000,4,10,2025-04,4,Spring,Weekday
2025-04-01,Deluxe,236.630000,2,5,2025-04,4,Spring,Weekday
2025-04-01,Family,145.550000,1,3,2025-04,4,Spring,Weekday
2025-04-02,Standard,323.420000,4,10,2025-04,4,Spring,Weekday
2025-04-02,Deluxe,348.790000,3,5,2025-04,4,Spring,Weekday
2025-04-02,Family,145.350000,1,3,2025-04,4,Spring,Weekday
2025-04-03,Standard,406.100000,5,10,2025-04,4,Spring,Weekday
2025-04-03,Deluxe,348.790000,3,5,2025-04,4,Spring,Weekday
2025-04-03,Family,145.860000,1,3,2025-04,4,Spring,Weekday
2025-04-04,Standard,423.850000,5,10,2025-04,4,Spring,Weekend
2025-04-04,Deluxe,0.000000,0,5,2025-04,4,Spring,Weekend
2025-04-04,Family,314.510000,2,3,2025-04,4,Spring,Weekend
2025-04-05,Standard,697.950000,8,10,2025-04,4,Spring,Weekend
2025-04-05,Deluxe,255.790000,2,5,2025-04,4,Spring,Weekend
2025-04-05,Family,314.510000,2,3,2025-04,4,Spring,Weekend
2025-04-06,Standard,424.730000,5,10,2025-04,4,Spring,Weekday
2025-04-06,Deluxe,255.790000,2,5,2025-04,4,Spring,Weekday
2025-04-06,Family,320.780000,2,3,2025-04,4,Spring,Weekday
2025-04-07,Standard,307.630000,4,10,2025-04,4,Spring,Weekday
2025-04-07,Deluxe,111.220000,1,5,2025-04,4,Spring,Weekday
2025-04-07,Family,475.150000,3,3,2025-04,4,Spring,Weekday
2025-04-08,Standard,307.630000,4,10,2025-04,4,Spring,Weekday
2025-04-08,Deluxe,226.410000,2,5,2025-04,4,Spring,Weekday
2025-04-08,Family,475.150000,3,3,2025-04,4,Spring,Weekday
2025-04-09,Standard,236.220000,3,10,2025-04,4,Spring,Weekday
2025-04-09,Deluxe,226.410000,2,5,2025-04,4,Spring,Weekday
2025-04-09,Family,320.780000,2,3,2025-04,4,Spring,Weekday
2025-04-10,Standard,553.610000,7,10,2025-04,4,Spring,Weekday
2025-04-10,Deluxe,111.220000,1,5,2025-04,4,Spring,Weekday
2025-04-10,Family,0.000000,0,3,2025-04,4,Spring,Weekday
2025-04-11,Standard,495.040000,6,10,2025-04,4,Spring,Weekend
2025-04-11,Deluxe,111.220000,1,5,2025-04,4,Spring,Weekend
2025-04-11,Family,347.780000,2,3,2025-04,4,Spring,Weekend
2025-04-12,Standard,575.040000,7,10,2025-04,4,Spring,Weekend
2025-04-12,Deluxe,121.380000,1,5,2025-04,4,Spring,Weekend
2025-04-12,Family,347.780000,2,3,2025-04,4,Spring,Weekend
2025-04-13,Standard,402.560000,5,10,2025-04,4,Spring,Weekday
2025-04-13,Deluxe,348.890000,3,5,2025-04,4,Spring,Weekday
2025-04-13,Family,323.680000,2,3,2025-04,4,Spring,Weekday
2025-04-14,Standard,240.020000,3,10,2025-04,4,Spring,Weekday
2025-04-14,Deluxe,351.350000,3,5,2025-04,4,Spring,Weekday
2025-04-14,Family,323.680000,2,3,2025-04,4,Spring,Weekday
2025-04-15,Standard,322.720000,4,10,2025-04,4,Spring,Weekday
2025-04-15,Deluxe,357.360000,3,5,2025-04,4,Spring,Weekday
2025-04-15,Family,323.680000,2,3,2025-04,4,Spring,Weekday
2025-04-16,Standard,638.900000,8,10,2025-04,4,Spring,Weekday
2025-04-16,Deluxe,236.570000,2,5,2025-04,4,Spring,Weekday
2025-04-16,Family,156.590000,1,3,2025-04,4,Spring,Weekday
2025-04-17,Standard,471.020000,6,10,2025-04,4,Spring,Weekday
2025-04-17,Deluxe,115.160000,1,5,2025-04,4,Spring,Weekday
2025-04-17,Family,156.590000,1,3,2025-04,4,Spring,Weekday
2025-04-18,Standard,432.700000,5,10,2025-04,4,Spring,Weekend
2025-04-18,Deluxe,247.280000,2,5,2025-04,4,Spring,Weekend
2025-04-18,Family,0.000000,0,3,2025-04,4,Spring,Weekend
2025-04-19,Standard,606.230000,7,10,2025-04,4,Spring,Weekend
2025-04-19,Deluxe,255.000000,2,5,2025-04,4,Spring,Weekend
2025-04-19,Family,0.000000,0,3,2025-04,4,Spring,Weekend
2025-04-20,Standard,666.490000,8,10,2025-04,4,Spring,Weekday
2025-04-20,Deluxe,366.880000,3,5,2025-04,4,Spring,Weekday
2025-04-20,Family,0.000000,0,3,2025-04,4,Spring,Weekday
2025-04-21,Standard,318.250000,4,10,2025-04,4,Spring,Weekday
2025-04-21,Deluxe,347.840000,3,5,2025-04,4,Spring,Weekday
2025-04-21,Family,162.120000,1,3,2025-04,4,Spring,Weekday
2025-04-22,Standard,397.750000,5,10,2025-04,4,Spring,Weekday
2025-04-22,Deluxe,224.960000,2,5,2025-04,4,Spring,Weekday
2025-04-22,Family,162.120000,1,3,2025-04,4,Spring,Weekday
2025-04-23,Standard,322.860000,4,10,2025-04,4,Spring,Weekday
2025-04-23,Deluxe,343.100000,3,5,2025-04,4,Spring,Weekday
2025-04-23,Family,0.000000,0,3,2025-04,4,Spring,Weekday
2025-04-24,Standard,237.080000,3,10,2025-04,4,Spring,Weekday
2025-04-24,Deluxe,460.730000,4,5,2025-04,4,Spring,Weekday
2025-04-24,Family,0.000000,0,3,2025-04,4,Spring,Weekday
2025-04-25,Standard,418.340000,5,10,2025-04,4,Spring,Weekend
2025-04-25,Deluxe,378.340000,3,5,2025-04,4,Spring,Weekend
2025-04-25,Family,167.610000,1,3,2025-04,4,Spring,Weekend
2025-04-26,Standard,505.970000,6,10,2025-04,4,Spring,Weekend
2025-04-26,Deluxe,512.260000,4,5,2025-04,4,Spring,Weekend
2025-04-26,Family,347.430000,2,3,2025-04,4,Spring,Weekend
2025-04-27,Standard,423.020000,5,10,2025-04,4,Spring,Weekday
2025-04-27,Deluxe,267.500000,2,5,2025-04,4,Spring,Weekday
2025-04-27,Family,179.820000,1,3,2025-04,4,Spring,Weekday
2025-04-28,Standard,408.050000,5,10,2025-04,4,Spring,Weekday
2025-04-28,Deluxe,507.740000,4,5,2025-04,4,Spring,Weekday
2025-04-28,Family,179.820000,1,3,2025-04,4,Spring,Weekday
2025-04-29,Standard,235.550000,3,10,2025-04,4,Spring,Weekday
2025-04-29,Deluxe,374.160000,3,5,2025-04,4,Spring,Weekday
2025-04-29,Family,179.820000,1,3,2025-04,4,Spring,Weekday
2025-04-30,Standard,323.860000,4,10,2025-04,4,Spring,Weekday
2025-04-30,Deluxe,253.810000,2,5,2025-04,4,Spring,Weekday
2025-04-30,Family,179.820000,1,3,2025-04,4,Spring,Weekday
2025-05-01,Standard,479.080000,6,10,2025-05,5,Spring,Weekday
2025-05-01,Deluxe,353.640000,3,5,2025-05,5,Spring,Weekday
2025-05-01,Family,162.580000,1,3,2025-05,5,Spring,Weekday
2025-05-02,Standard,400.590000,5,10,2025-05,5,Spring,Weekend
2025-05-02,Deluxe,622.420000,5,5,2025-05,5,Spring,Weekend
2025-05-02,Family,488.450000,3,3,2025-05,5,Spring,Weekend
2025-05-03,Standard,491.510000,6,10,2025-05,5,Spring,Weekend
2025-05-03,Deluxe,508.800000,4,5,2025-05,5,Spring,Weekend
2025-05-03,Family,507.390000,3,3,2025-05,5,Spring,Weekend
2025-05-04,Standard,491.510000,6,10,2025-05,5,Spring,Weekday
2025-05-04,Deluxe,508.800000,4,5,2025-05,5,Spring,Weekday
2025-05-04,Family,162.670000,1,3,2025-05,5,Spring,Weekday
2025-05-05,Standard,474.690000,6,10,2025-05,5,Spring,Weekday
2025-05-05,Deluxe,368.380000,3,5,2025-05,5,Spring,Weekday
2025-05-05,Family,300.150000,2,3,2025-05,5,Spring,Weekday
2025-05-06,Standard,319.280000,4,10,2025-05,5,Spring,Weekday
2025-05-06,Deluxe,482.900000,4,5,2025-05,5,Spring,Weekday
2025-05-06,Family,459.390000,3,3,2025-05,5,Spring,Weekday
2025-05-07,Standard,568.420000,7,10,2025-05,5,Spring,Weekday
2025-05-07,Deluxe,342.720000,3,5,2025-05,5,Spring,Weekday
2025-05-07,Family,471.080000,3,3,2025-05,5,Spring,Weekday
2025-05-08,Standard,564.830000,7,10,2025-05,5,Spring,Weekday
2025-05-08,Deluxe,349.910000,3,5,2025-05,5,Spring,Weekday
2025-05-08,Family,471.080000,3,3,2025-05,5,Spring,Weekday
2025-05-09,Standard,684.160000,8,10,2025-05,5,Spring,Weekend
2025-05-09,Deluxe,366.500000,3,5,2025-05,5,Spring,Weekend
2025-05-09,Family,178.830000,1,3,2025-05,5,Spring,Weekend
2025-05-10,Standard,706.670000,8,10,2025-05,5,Spring,Weekend
2025-05-10,Deluxe,617.090000,5,5,2025-05,5,Spring,Weekend
2025-05-10,Family,519.300000,3,3,2025-05,5,Spring,Weekend
2025-05-11,Standard,510.940000,6,10,2025-05,5,Spring,Weekday
2025-05-11,Deluxe,486.160000,4,5,2025-05,5,Spring,Weekday
2025-05-11,Family,519.300000,3,3,2025-05,5,Spring,Weekday
2025-05-12,Standard,498.850000,6,10,2025-05,5,Spring,Weekday
2025-05-12,Deluxe,250.590000,2,5,2025-05,5,Spring,Weekday
2025-05-12,Family,162.750000,1,3,2025-05,5,Spring,Weekday
2025-05-13,Standard,403.170000,5,10,2025-05,5,Spring,Weekday
2025-05-13,Deluxe,362.550000,3,5,2025-05,5,Spring,Weekday
2025-05-13,Family,162.750000,1,3,2025-05,5,Spring,Weekday
2025-05-14,Standard,475.790000,6,10,2025-05,5,Spring,Weekday
2025-05-14,Deluxe,356.840000,3,5,2025-05,5,Spring,Weekday
2025-05-14,Family,162.750000,1,3,2025-05,5,Spring,Weekday
2025-05-15,Standard,474.750000,6,10,2025-05,5,Spring,Weekday
2025-05-15,Deluxe,230.870000,2,5,2025-05,5,Spring,Weekday
2025-05-15,Family,162.750000,1,3,2025-05,5,Spring,Weekday
2025-05-16,Standard,504.970000,6,10,2025-05,5,Spring,Weekend
2025-05-16,Deluxe,365.220000,3,5,2025-05,5,Spring,Weekend
2025-05-16,Family,512.530000,3,3,2025-05,5,Spring,Weekend
2025-05-17,Standard,428.370000,5,10,2025-05,5,Spring,Weekend
2025-05-17,Deluxe,516.810000,4,5,2025-05,5,Spring,Weekend
2025-05-17,Family,512.530000,3,3,2025-05,5,Spring,Weekend
2025-05-18,Standard,571.500000,7,10,2025-05,5,Spring,Weekday
2025-05-18,Deluxe,122.010000,1,5,2025-05,5,Spring,Weekday
2025-05-18,Family,347.530000,2,3,2025-05,5,Spring,Weekday
2025-05-19,Standard,317.770000,4,10,2025-05,5,Spring,Weekday
2025-05-19,Deluxe,245.540000,2,5,2025-05,5,Spring,Weekday
2025-05-19,Family,347.530000,2,3,2025-05,5,Spring,Weekday
2025-05-20,Standard,397.190000,5,10,2025-05,5,Spring,Weekday
2025-05-20,Deluxe,358.960000,3,5,2025-05,5,Spring,Weekday
2025-05-20,Family,325.610000,2,3,2025-05,5,Spring,Weekday
2025-05-21,Standard,398.250000,5,10,2025-05,5,Spring,Weekday
2025-05-21,Deluxe,234.510000,2,5,2025-05,5,Spring,Weekday
2025-05-21,Family,144.620000,1,3,2025-05,5,Spring,Weekday
2025-05-22,Standard,396.540000,5,10,2025-05,5,Spring,Weekday
2025-05-22,Deluxe,234.510000,2,5,2025-05,5,Spring,Weekday
2025-05-22,Family,289.180000,2,3,2025-05,5,Spring,Weekday
2025-05-23,Standard,507.790000,6,10,2025-05,5,Spring,Weekend
2025-05-23,Deluxe,241.060000,2,5,2025-05,5,Spring,Weekend
2025-05-23,Family,289.180000,2,3,2025-05,5,Spring,Weekend
2025-05-24,Standard,535.410000,6,10,2025-05,5,Spring,Weekend
2025-05-24,Deluxe,241.060000,2,5,2025-05,5,Spring,Weekend
2025-05-24,Family,311.740000,2,3,2025-05,5,Spring,Weekend
2025-05-25,Standard,345.330000,4,10,2025-05,5,Spring,Weekday
2025-05-25,Deluxe,468.470000,4,5,2025-05,5,Spring,Weekday
2025-05-25,Family,167.180000,1,3,2025-05,5,Spring,Weekday
2025-05-26,Standard,654.530000,8,10,2025-05,5,Spring,Weekday
2025-05-26,Deluxe,470.450000,4,5,2025-05,5,Spring,Weekday
2025-05-26,Family,146.170000,1,3,2025-05,5,Spring,Weekday
2025-05-27,Standard,657.040000,8,10,2025-05,5,Spring,Weekday
2025-05-27,Deluxe,340.830000,3,5,2025-05,5,Spring,Weekday
2025-05-27,Family,146.170000,1,3,2025-05,5,Spring,Weekday
2025-05-28,Standard,653.000000,8,10,2025-05,5,Spring,Weekday
2025-05-28,Deluxe,342.130000,3,5,2025-05,5,Spring,Weekday
2025-05-28,Family,0.000000,0,3,2025-05,5,Spring,Weekday
2025-05-29,Standard,554.840000,7,10,2025-05,5,Spring,Weekday
2025-05-29,Deluxe,229.540000,2,5,2025-05,5,Spring,Weekday
2025-05-29,Family,0.000000,0,3,2025-05,5,Spring,Weekday
2025-05-30,Standard,582.890000,7,10,2025-05,5,Spring,Weekend
2025-05-30,Deluxe,623.480000,5,5,2025-05,5,Spring,Weekend
2025-05-30,Family,177.130000,1,3,2025-05,5,Spring,Weekend
2025-05-31,Standard,436.190000,5,10,2025-05,5,Spring,Weekend
2025-05-31,Deluxe,517.930000,4,5,2025-05,5,Spring,Weekend
2025-05-31,Family,343.760000,2,3,2025-05,5,Spring,Weekend
2025-06-01,Standard,848.770000,9,10,2025-06,6,Summer,Weekday
2025-06-01,Deluxe,425.560000,3,5,2025-06,6,Summer,Weekday
2025-06-01,Family,343.760000,2,3,2025-06,6,Summer,Weekday
2025-06-02,Standard,690.850000,7,10,2025-06,6,Summer,Weekday
2025-06-02,Deluxe,445.720000,3,5,2025-06,6,Summer,Weekday
2025-06-02,Family,0.000000,0,3,2025-06,6,Summer,Weekday
2025-06-03,Standard,811.420000,8,10,2025-06,6,Summer,Weekday
2025-06-03,Deluxe,445.720000,3,5,2025-06,6,Summer,Weekday
2025-06-03,Family,192.190000,1,3,2025-06,6,Summer,Weekday
2025-06-04,Standard,497.390000,5,10,2025-06,6,Summer,Weekday
2025-06-04,Deluxe,612.220000,4,5,2025-06,6,Summer,Weekday
2025-06-04,Family,589.200000,3,3,2025-06,6,Summer,Weekday
2025-06-05,Standard,515.320000,5,10,2025-06,6,Summer,Weekday
2025-06-05,Deluxe,609.060000,4,5,2025-06,6,Summer,Weekday
2025-06-05,Family,589.200000,3,3,2025-06,6,Summer,Weekday
2025-06-06,Standard,774.850000,7,10,2025-06,6,Summer,Weekend
2025-06-06,Deluxe,629.620000,4,5,2025-06,6,Summer,Weekend
2025-06-06,Family,610.010000,3,3,2025-06,6,Summer,Weekend
2025-06-07,Standard,674.360000,6,10,2025-06,6,Summer,Weekend
2025-06-07,Deluxe,805.690000,5,5,2025-06,6,Summer,Weekend
2025-06-07,Family,408.360000,2,3,2025-06,6,Summer,Weekend
2025-06-08,Standard,851.210000,8,10,2025-06,6,Summer,Weekday
2025-06-08,Deluxe,665.200000,4,5,2025-06,6,Summer,Weekday
2025-06-08,Family,603.950000,3,3,2025-06,6,Summer,Weekday
2025-06-09,Standard,928.730000,9,10,2025-06,6,Summer,Weekday
2025-06-09,Deluxe,496.340000,3,5,2025-06,6,Summer,Weekday
2025-06-09,Family,391.240000,2,3,2025-06,6,Summer,Weekday
2025-06-10,Standard,717.280000,7,10,2025-06,6,Summer,Weekday
2025-06-10,Deluxe,496.340000,3,5,2025-06,6,Summer,Weekday
2025-06-10,Family,605.460000,3,3,2025-06,6,Summer,Weekday
2025-06-11,Standard,730.290000,7,10,2025-06,6,Summer,Weekday
2025-06-11,Deluxe,306.600000,2,5,2025-06,6,Summer,Weekday
2025-06-11,Family,605.460000,3,3,2025-06,6,Summer,Weekday
2025-06-12,Standard,838.380000,8,10,2025-06,6,Summer,Weekday
2025-06-12,Deluxe,600.150000,4,5,2025-06,6,Summer,Weekday
2025-06-12,Family,588.910000,3,3,2025-06,6,Summer,Weekday
2025-06-13,Standard,973.240000,9,10,2025-06,6,Summer,Weekend
2025-06-13,Deluxe,438.870000,3,5,2025-06,6,Summer,Weekend
2025-06-13,Family,588.910000,3,3,2025-06,6,Summer,Weekend
2025-06-14,Standard,884.330000,8,10,2025-06,6,Summer,Weekend
2025-06-14,Deluxe,438.870000,3,5,2025-06,6,Summer,Weekend
2025-06-14,Family,391.240000,2,3,2025-06,6,Summer,Weekend
2025-06-15,Standard,863.040000,8,10,2025-06,6,Summer,Weekday
2025-06-15,Deluxe,443.350000,3,5,2025-06,6,Summer,Weekday
2025-06-15,Family,402.920000,2,3,2025-06,6,Summer,Weekday
2025-06-16,Standard,748.790000,7,10,2025-06,6,Summer,Weekday
2025-06-16,Deluxe,584.990000,4,5,2025-06,6,Summer,Weekday
2025-06-16,Family,398.480000,2,3,2025-06,6,Summer,Weekday
2025-06-17,Standard,610.310000,6,10,2025-06,6,Summer,Weekday
2025-06-17,Deluxe,599.160000,4,5,2025-06,6,Summer,Weekday
2025-06-17,Family,587.300000,3,3,2025-06,6,Summer,Weekday
2025-06-18,Standard,610.310000,6,10,2025-06,6,Summer,Weekday
2025-06-18,Deluxe,610.220000,4,5,2025-06,6,Summer,Weekday
2025-06-18,Family,587.300000,3,3,2025-06,6,Summer,Weekday
2025-06-19,Standard,707.790000,7,10,2025-06,6,Summer,Weekday
2025-06-19,Deluxe,598.120000,4,5,2025-06,6,Summer,Weekday
2025-06-19,Family,606.240000,3,3,2025-06,6,Summer,Weekday
2025-06-20,Standard,862.110000,8,10,2025-06,6,Summer,Weekend
2025-06-20,Deluxe,614.210000,4,5,2025-06,6,Summer,Weekend
2025-06-20,Family,606.240000,3,3,2025-06,6,Summer,Weekend
2025-06-21,Standard,886.270000,8,10,2025-06,6,Summer,Weekend
2025-06-21,Deluxe,787.390000,5,5,2025-06,6,Summer,Weekend
2025-06-21,Family,634.090000,3,3,2025-06,6,Summer,Weekend
2025-06-22,Standard,998.560000,9,10,2025-06,6,Summer,Weekday
2025-06-22,Deluxe,787.390000,5,5,2025-06,6,Summer,Weekday
2025-06-22,Family,630.880000,3,3,2025-06,6,Summer,Weekday
2025-06-23,Standard,766.140000,7,10,2025-06,6,Summer,Weekday
2025-06-23,Deluxe,616.870000,4,5,2025-06,6,Summer,Weekday
2025-06-23,Family,618.140000,3,3,2025-06,6,Summer,Weekday
2025-06-24,Standard,758.290000,7,10,2025-06,6,Summer,Weekday
2025-06-24,Deluxe,770.640000,5,5,2025-06,6,Summer,Weekday
2025-06-24,Family,618.140000,3,3,2025-06,6,Summer,Weekday
2025-06-25,Standard,939.610000,9,10,2025-06,6,Summer,Weekday
2025-06-25,Deluxe,600.980000,4,5,2025-06,6,Summer,Weekday
2025-06-25,Family,599.330000,3,3,2025-06,6,Summer,Weekday
2025-06-26,Standard,826.890000,8,10,2025-06,6,Summer,Weekday
2025-06-26,Deluxe,600.980000,4,5,2025-06,6,Summer,Weekday
2025-06-26,Family,404.240000,2,3,2025-06,6,Summer,Weekday
2025-06-27,Standard,1085.780000,10,10,2025-06,6,Summer,Weekend
2025-06-27,Deluxe,783.370000,5,5,2025-06,6,Summer,Weekend
2025-06-27,Family,404.240000,2,3,2025-06,6,Summer,Weekend
2025-06-28,Standard,983.990000,9,10,2025-06,6,Summer,Weekend
2025-06-28,Deluxe,482.980000,3,5,2025-06,6,Summer,Weekend
2025-06-28,Family,444.910000,2,3,2025-06,6,Summer,Weekend
2025-06-29,Standard,652.200000,6,10,2025-06,6,Summer,Weekday
2025-06-29,Deluxe,629.220000,4,5,2025-06,6,Summer,Weekday
2025-06-29,Family,649.570000,3,3,2025-06,6,Summer,Weekday
2025-06-30,Standard,965.180000,9,10,2025-06,6,Summer,Weekday
2025-06-30,Deluxe,774.020000,5,5,2025-06,6,Summer,Weekday
2025-06-30,Family,649.570000,3,3,2025-06,6,Summer,Weekday
2025-07-01,Standard,838.180000,8,10,2025-07,7,Summer,Weekday
2025-07-01,Deluxe,611.530000,4,5,2025-07,7,Summer,Weekday
2025-07-01,Family,192.640000,1,3,2025-07,7,Summer,Weekday
2025-07-02,Standard,1044.230000,10,10,2025-07,7,Summer,Weekday
2025-07-02,Deluxe,314.070000,2,5,2025-07,7,Summer,Weekday
2025-07-02,Family,575.570000,3,3,2025-07,7,Summer,Weekday
2025-07-03,Standard,1041.920000,10,10,2025-07,7,Summer,Weekday
2025-07-03,Deluxe,611.410000,4,5,2025-07,7,Summer,Weekday
2025-07-03,Family,575.570000,3,3,2025-07,7,Summer,Weekday
2025-07-04,Standard,949.540000,9,10,2025-07,7,Summer,Weekend
2025-07-04,Deluxe,449.630000,3,5,2025-07,7,Summer,Weekend
2025-07-04,Family,575.570000,3,3,2025-07,7,Summer,Weekend
2025-07-05,Standard,875.650000,8,10,2025-07,7,Summer,Weekend
2025-07-05,Deluxe,459.700000,3,5,2025-07,7,Summer,Weekend
2025-07-05,Family,604.950000,3,3,2025-07,7,Summer,Weekend
2025-07-06,Standard,567.290000,5,10,2025-07,7,Summer,Weekday
2025-07-06,Deluxe,620.850000,4,5,2025-07,7,Summer,Weekday
2025-07-06,Family,634.710000,3,3,2025-07,7,Summer,Weekday
2025-07-07,Standard,984.580000,9,10,2025-07,7,Summer,Weekday
2025-07-07,Deluxe,619.550000,4,5,2025-07,7,Summer,Weekday
2025-07-07,Family,634.710000,3,3,2025-07,7,Summer,Weekday
2025-07-08,Standard,961.410000,9,10,2025-07,7,Summer,Weekday
2025-07-08,Deluxe,791.820000,5,5,2025-07,7,Summer,Weekday
2025-07-08,Family,621.340000,3,3,2025-07,7,Summer,Weekday
2025-07-09,Standard,940.610000,9,10,2025-07,7,Summer,Weekday
2025-07-09,Deluxe,628.080000,4,5,2025-07,7,Summer,Weekday
2025-07-09,Family,599.530000,3,3,2025-07,7,Summer,Weekday
2025-07-10,Standard,812.130000,8,10,2025-07,7,Summer,Weekday
2025-07-10,Deluxe,628.080000,4,5,2025-07,7,Summer,Weekday
2025-07-10,Family,599.530000,3,3,2025-07,7,Summer,Weekday
2025-07-11,Standard,853.270000,8,10,2025-07,7,Summer,Weekend
2025-07-11,Deluxe,661.150000,4,5,2025-07,7,Summer,Weekend
2025-07-11,Family,599.530000,3,3,2025-07,7,Summer,Weekend
2025-07-12,Standard,1088.040000,10,10,2025-07,7,Summer,Weekend
2025-07-12,Deluxe,490.200000,3,5,2025-07,7,Summer,Weekend
2025-07-12,Family,674.650000,3,3,2025-07,7,Summer,Weekend
2025-07-13,Standard,766.650000,7,10,2025-07,7,Summer,Weekday
2025-07-13,Deluxe,490.200000,3,5,2025-07,7,Summer,Weekday
2025-07-13,Family,674.650000,3,3,2025-07,7,Summer,Weekday
2025-07-14,Standard,975.670000,9,10,2025-07,7,Summer,Weekday
2025-07-14,Deluxe,609.220000,4,5,2025-07,7,Summer,Weekday
2025-07-14,Family,636.480000,3,3,2025-07,7,Summer,Weekday
2025-07-15,Standard,750.930000,7,10,2025-07,7,Summer,Weekday
2025-07-15,Deluxe,747.310000,5,5,2025-07,7,Summer,Weekday
2025-07-15,Family,636.480000,3,3,2025-07,7,Summer,Weekday
2025-07-16,Standard,951.530000,9,10,2025-07,7,Summer,Weekday
2025-07-16,Deluxe,747.310000,5,5,2025-07,7,Summer,Weekday
2025-07-16,Family,597.400000,3,3,2025-07,7,Summer,Weekday
2025-07-17,Standard,845.260000,8,10,2025-07,7,Summer,Weekday
2025-07-17,Deluxe,451.970000,3,5,2025-07,7,Summer,Weekday
2025-07-17,Family,597.400000,3,3,2025-07,7,Summer,Weekday
2025-07-18,Standard,844.190000,8,10,2025-07,7,Summer,Weekend
2025-07-18,Deluxe,823.310000,5,5,2025-07,7,Summer,Weekend
2025-07-18,Family,619.750000,3,3,2025-07,7,Summer,Weekend
2025-07-19,Standard,990.790000,9,10,2025-07,7,Summer,Weekend
2025-07-19,Deluxe,823.310000,5,5,2025-07,7,Summer,Weekend
2025-07-19,Family,619.750000,3,3,2025-07,7,Summer,Weekend
2025-07-20,Standard,973.860000,9,10,2025-07,7,Summer,Weekday
2025-07-20,Deluxe,628.000000,4,5,2025-07,7,Summer,Weekday
2025-07-20,Family,586.500000,3,3,2025-07,7,Summer,Weekday
2025-07-21,Standard,868.400000,8,10,2025-07,7,Summer,Weekday
2025-07-21,Deluxe,463.380000,3,5,2025-07,7,Summer,Weekday
2025-07-21,Family,597.300000,3,3,2025-07,7,Summer,Weekday
2025-07-22,Standard,958.550000,9,10,2025-07,7,Summer,Weekday
2025-07-22,Deluxe,451.790000,3,5,2025-07,7,Summer,Weekday
2025-07-22,Family,597.300000,3,3,2025-07,7,Summer,Weekday
2025-07-23,Standard,952.310000,9,10,2025-07,7,Summer,Weekday
2025-07-23,Deluxe,601.530000,4,5,2025-07,7,Summer,Weekday
2025-07-23,Family,597.300000,3,3,2025-07,7,Summer,Weekday
2025-07-24,Standard,840.250000,8,10,2025-07,7,Summer,Weekday
2025-07-24,Deluxe,755.840000,5,5,2025-07,7,Summer,Weekday
2025-07-24,Family,414.290000,2,3,2025-07,7,Summer,Weekday
2025-07-25,Standard,963.730000,9,10,2025-07,7,Summer,Weekend
2025-07-25,Deluxe,755.840000,5,5,2025-07,7,Summer,Weekend
2025-07-25,Family,454.610000,2,3,2025-07,7,Summer,Weekend
2025-07-26,Standard,1033.270000,9,10,2025-07,7,Summer,Weekend
2025-07-26,Deluxe,807.360000,5,5,2025-07,7,Summer,Weekend
2025-07-26,Family,673.110000,3,3,2025-07,7,Summer,Weekend
2025-07-27,Standard,1033.270000,9,10,2025-07,7,Summer,Weekday
2025-07-27,Deluxe,661.480000,4,5,2025-07,7,Summer,Weekday
2025-07-27,Family,659.400000,3,3,2025-07,7,Summer,Weekday
2025-07-28,Standard,907.410000,8,10,2025-07,7,Summer,Weekday
2025-07-28,Deluxe,648.310000,4,5,2025-07,7,Summer,Weekday
2025-07-28,Family,631.730000,3,3,2025-07,7,Summer,Weekday
2025-07-29,Standard,779.050000,7,10,2025-07,7,Summer,Weekday
2025-07-29,Deluxe,498.820000,3,5,2025-07,7,Summer,Weekday
2025-07-29,Family,605.400000,3,3,2025-07,7,Summer,Weekday
2025-07-30,Standard,979.270000,9,10,2025-07,7,Summer,Weekday
2025-07-30,Deluxe,655.930000,4,5,2025-07,7,Summer,Weekday
2025-07-30,Family,605.400000,3,3,2025-07,7,Summer,Weekday
2025-07-31,Standard,960.300000,9,10,2025-07,7,Summer,Weekday
2025-07-31,Deluxe,491.850000,3,5,2025-07,7,Summer,Weekday
2025-07-31,Family,605.400000,3,3,2025-07,7,Summer,Weekday
2025-08-01,Standard,1006.430000,9,10,2025-08,8,Summer,Weekend
2025-08-01,Deluxe,487.440000,3,5,2025-08,8,Summer,Weekend
2025-08-01,Family,425.380000,2,3,2025-08,8,Summer,Weekend
2025-08-02,Standard,1038.510000,9,10,2025-08,8,Summer,Weekend
2025-08-02,Deluxe,656.810000,4,5,2025-08,8,Summer,Weekend
2025-08-02,Family,652.540000,3,3,2025-08,8,Summer,Weekend
2025-08-03,Standard,808.790000,7,10,2025-08,8,Summer,Weekday
2025-08-03,Deluxe,643.520000,4,5,2025-08,8,Summer,Weekday
2025-08-03,Family,652.540000,3,3,2025-08,8,Summer,Weekday
2025-08-04,Standard,781.260000,7,10,2025-08,8,Summer,Weekday
2025-08-04,Deluxe,625.060000,4,5,2025-08,8,Summer,Weekday
2025-08-04,Family,653.190000,3,3,2025-08,8,Summer,Weekday
2025-08-05,Standard,646.100000,6,10,2025-08,8,Summer,Weekday
2025-08-05,Deluxe,778.730000,5,5,2025-08,8,Summer,Weekday
2025-08-05,Family,436.930000,2,3,2025-08,8,Summer,Weekday
2025-08-06,Standard,845.020000,8,10,2025-08,8,Summer,Weekday
2025-08-06,Deluxe,776.060000,5,5,2025-08,8,Summer,Weekday
2025-08-06,Family,611.200000,3,3,2025-08,8,Summer,Weekday
2025-08-07,Standard,836.500000,8,10,2025-08,8,Summer,Weekday
2025-08-07,Deluxe,776.060000,5,5,2025-08,8,Summer,Weekday
2025-08-07,Family,611.200000,3,3,2025-08,8,Summer,Weekday
2025-08-08,Standard,1084.640000,10,10,2025-08,8,Summer,Weekend
2025-08-08,Deluxe,623.790000,4,5,2025-08,8,Summer,Weekend
2025-08-08,Family,622.740000,3,3,2025-08,8,Summer,Weekend
2025-08-09,Standard,981.470000,9,10,2025-08,8,Summer,Weekend
2025-08-09,Deluxe,821.240000,5,5,2025-08,8,Summer,Weekend
2025-08-09,Family,645.690000,3,3,2025-08,8,Summer,Weekend
2025-08-10,Standard,980.160000,9,10,2025-08,8,Summer,Weekday
2025-08-10,Deluxe,651.880000,4,5,2025-08,8,Summer,Weekday
2025-08-10,Family,451.310000,2,3,2025-08,8,Summer,Weekday
2025-08-11,Standard,1052.210000,10,10,2025-08,8,Summer,Weekday
2025-08-11,Deluxe,640.560000,4,5,2025-08,8,Summer,Weekday
2025-08-11,Family,618.150000,3,3,2025-08,8,Summer,Weekday
2025-08-12,Standard,951.540000,9,10,2025-08,8,Summer,Weekday
2025-08-12,Deluxe,640.560000,4,5,2025-08,8,Summer,Weekday
2025-08-12,Family,414.620000,2,3,2025-08,8,Summer,Weekday
2025-08-13,Standard,948.390000,9,10,2025-08,8,Summer,Weekday
2025-08-13,Deluxe,482.760000,3,5,2025-08,8,Summer,Weekday
2025-08-13,Family,407.630000,2,3,2025-08,8,Summer,Weekday
2025-08-14,Standard,748.600000,7,10,2025-08,8,Summer,Weekday
2025-08-14,Deluxe,466.800000,3,5,2025-08,8,Summer,Weekday
2025-08-14,Family,193.180000,1,3,2025-08,8,Summer,Weekday
2025-08-15,Standard,908.410000,8,10,2025-08,8,Summer,Weekend
2025-08-15,Deluxe,643.890000,4,5,2025-08,8,Summer,Weekend
2025-08-15,Family,639.950000,3,3,2025-08,8,Summer,Weekend
2025-08-16,Standard,1040.050000,9,10,2025-08,8,Summer,Weekend
2025-08-16,Deluxe,485.480000,3,5,2025-08,8,Summer,Weekend
2025-08-16,Family,639.950000,3,3,2025-08,8,Summer,Weekend
2025-08-17,Standard,911.410000,8,10,2025-08,8,Summer,Weekday
2025-08-17,Deluxe,772.460000,5,5,2025-08,8,Summer,Weekday
2025-08-17,Family,643.500000,3,3,2025-08,8,Summer,Weekday
2025-08-18,Standard,655.600000,6,10,2025-08,8,Summer,Weekday
2025-08-18,Deluxe,771.500000,5,5,2025-08,8,Summer,Weekday
2025-08-18,Family,639.900000,3,3,2025-08,8,Summer,Weekday
2025-08-19,Standard,646.360000,6,10,2025-08,8,Summer,Weekday
2025-08-19,Deluxe,737.660000,5,5,2025-08,8,Summer,Weekday
2025-08-19,Family,427.970000,2,3,2025-08,8,Summer,Weekday
2025-08-20,Standard,745.310000,7,10,2025-08,8,Summer,Weekday
2025-08-20,Deluxe,603.920000,4,5,2025-08,8,Summer,Weekday
2025-08-20,Family,627.890000,3,3,2025-08,8,Summer,Weekday
2025-08-21,Standard,1029.470000,10,10,2025-08,8,Summer,Weekday
2025-08-21,Deluxe,622.370000,4,5,2025-08,8,Summer,Weekday
2025-08-21,Family,627.890000,3,3,2025-08,8,Summer,Weekday
2025-08-22,Standard,920.960000,9,10,2025-08,8,Summer,Weekend
2025-08-22,Deluxe,838.510000,5,5,2025-08,8,Summer,Weekend
2025-08-22,Family,393.050000,2,3,2025-08,8,Summer,Weekend
2025-08-23,Standard,955.530000,9,10,2025-08,8,Summer,Weekend
2025-08-23,Deluxe,838.510000,5,5,2025-08,8,Summer,Weekend
2025-08-23,Family,670.430000,3,3,2025-08,8,Summer,Weekend
2025-08-24,Standard,752.930000,7,10,2025-08,8,Summer,Weekday
2025-08-24,Deluxe,827.520000,5,5,2025-08,8,Summer,Weekday
2025-08-24,Family,670.430000,3,3,2025-08,8,Summer,Weekday
2025-08-25,Standard,938.850000,9,10,2025-08,8,Summer,Weekday
2025-08-25,Deluxe,652.790000,4,5,2025-08,8,Summer,Weekday
2025-08-25,Family,670.430000,3,3,2025-08,8,Summer,Weekday
2025-08-26,Standard,719.010000,7,10,2025-08,8,Summer,Weekday
2025-08-26,Deluxe,457.230000,3,5,2025-08,8,Summer,Weekday
2025-08-26,Family,447.520000,2,3,2025-08,8,Summer,Weekday
2025-08-27,Standard,813.250000,8,10,2025-08,8,Summer,Weekday
2025-08-27,Deluxe,463.210000,3,5,2025-08,8,Summer,Weekday
2025-08-27,Family,191.130000,1,3,2025-08,8,Summer,Weekday
2025-08-28,Standard,918.220000,9,10,2025-08,8,Summer,Weekday
2025-08-28,Deluxe,616.160000,4,5,2025-08,8,Summer,Weekday
2025-08-28,Family,381.470000,2,3,2025-08,8,Summer,Weekday
2025-08-29,Standard,833.010000,8,10,2025-08,8,Summer,Weekend
2025-08-29,Deluxe,789.840000,5,5,2025-08,8,Summer,Weekend
2025-08-29,Family,381.470000,2,3,2025-08,8,Summer,Weekend
2025-08-30,Standard,991.650000,9,10,2025-08,8,Summer,Weekend
2025-08-30,Deluxe,684.130000,4,5,2025-08,8,Summer,Weekend
2025-08-30,Family,595.250000,3,3,2025-08,8,Summer,Weekend
2025-08-31,Standard,892.520000,8,10,2025-08,8,Summer,Weekday
2025-08-31,Deluxe,668.160000,4,5,2025-08,8,Summer,Weekday
2025-08-31,Family,606.180000,3,3,2025-08,8,Summer,Weekday
2025-09-01,Standard,731.800000,7,10,2025-09,9,Autumn,Weekday
2025-09-01,Deluxe,630.360000,4,5,2025-09,9,Autumn,Weekday
2025-09-01,Family,606.180000,3,3,2025-09,9,Autumn,Weekday
2025-09-02,Standard,583.270000,6,10,2025-09,9,Autumn,Weekday
2025-09-02,Deluxe,410.360000,3,5,2025-09,9,Autumn,Weekday
2025-09-02,Family,572.360000,3,3,2025-09,9,Autumn,Weekday
2025-09-03,Standard,583.130000,6,10,2025-09,9,Autumn,Weekday
2025-09-03,Deluxe,480.540000,4,5,2025-09,9,Autumn,Weekday
2025-09-03,Family,0.000000,0,3,2025-09,9,Autumn,Weekday
2025-09-04,Standard,747.160000,8,10,2025-09,9,Autumn,Weekday
2025-09-04,Deluxe,485.060000,4,5,2025-09,9,Autumn,Weekday
2025-09-04,Family,0.000000,0,3,2025-09,9,Autumn,Weekday
2025-09-05,Standard,443.760000,5,10,2025-09,9,Autumn,Weekend
2025-09-05,Deluxe,509.600000,4,5,2025-09,9,Autumn,Weekend
2025-09-05,Family,0.000000,0,3,2025-09,9,Autumn,Weekend
2025-09-06,Standard,346.630000,4,10,2025-09,9,Autumn,Weekend
2025-09-06,Deluxe,401.200000,3,5,2025-09,9,Autumn,Weekend
2025-09-06,Family,0.000000,0,3,2025-09,9,Autumn,Weekend
2025-09-07,Standard,494.590000,6,10,2025-09,9,Autumn,Weekday
2025-09-07,Deluxe,501.700000,4,5,2025-09,9,Autumn,Weekday
2025-09-07,Family,317.250000,2,3,2025-09,9,Autumn,Weekday
2025-09-08,Standard,413.130000,5,10,2025-09,9,Autumn,Weekday
2025-09-08,Deluxe,511.510000,4,5,2025-09,9,Autumn,Weekday
2025-09-08,Family,475.540000,3,3,2025-09,9,Autumn,Weekday
2025-09-09,Standard,583.180000,7,10,2025-09,9,Autumn,Weekday
2025-09-09,Deluxe,491.980000,4,5,2025-09,9,Autumn,Weekday
2025-09-09,Family,310.710000,2,3,2025-09,9,Autumn,Weekday
2025-09-10,Standard,495.070000,6,10,2025-09,9,Autumn,Weekday
2025-09-10,Deluxe,491.980000,4,5,2025-09,9,Autumn,Weekday
2025-09-10,Family,312.750000,2,3,2025-09,9,Autumn,Weekday
2025-09-11,Standard,569.470000,7,10,2025-09,9,Autumn,Weekday
2025-09-11,Deluxe,367.270000,3,5,2025-09,9,Autumn,Weekday
2025-09-11,Family,328.390000,2,3,2025-09,9,Autumn,Weekday
2025-09-12,Standard,846.200000,10,10,2025-09,9,Autumn,Weekend
2025-09-12,Deluxe,398.960000,3,5,2025-09,9,Autumn,Weekend
2025-09-12,Family,328.390000,2,3,2025-09,9,Autumn,Weekend
2025-09-13,Standard,505.100000,6,10,2025-09,9,Autumn,Weekend
2025-09-13,Deluxe,544.840000,4,5,2025-09,9,Autumn,Weekend
2025-09-13,Family,160.330000,1,3,2025-09,9,Autumn,Weekend
2025-09-14,Standard,94.130000,1,10,2025-09,9,Autumn,Weekday
2025-09-14,Deluxe,662.420000,5,5,2025-09,9,Autumn,Weekday
2025-09-14,Family,160.330000,1,3,2025-09,9,Autumn,Weekday
2025-09-15,Standard,498.360000,6,10,2025-09,9,Autumn,Weekday
2025-09-15,Deluxe,504.690000,4,5,2025-09,9,Autumn,Weekday
2025-09-15,Family,0.000000,0,3,2025-09,9,Autumn,Weekday
2025-09-16,Standard,583.820000,7,10,2025-09,9,Autumn,Weekday
2025-09-16,Deluxe,497.440000,4,5,2025-09,9,Autumn,Weekday
2025-09-16,Family,307.650000,2,3,2025-09,9,Autumn,Weekday
2025-09-17,Standard,734.920000,9,10,2025-09,9,Autumn,Weekday
2025-09-17,Deluxe,238.530000,2,5,2025-09,9,Autumn,Weekday
2025-09-17,Family,154.000000,1,3,2025-09,9,Autumn,Weekday
2025-09-18,Standard,650.420000,8,10,2025-09,9,Autumn,Weekday
2025-09-18,Deluxe,234.590000,2,5,2025-09,9,Autumn,Weekday
2025-09-18,Family,154.000000,1,3,2025-09,9,Autumn,Weekday
2025-09-19,Standard,494.750000,6,10,2025-09,9,Autumn,Weekend
2025-09-19,Deluxe,364.630000,3,5,2025-09,9,Autumn,Weekend
2025-09-19,Family,337.460000,2,3,2025-09,9,Autumn,Weekend
2025-09-20,Standard,519.040000,6,10,2025-09,9,Autumn,Weekend
2025-09-20,Deluxe,364.630000,3,5,2025-09,9,Autumn,Weekend
2025-09-20,Family,368.870000,2,3,2025-09,9,Autumn,Weekend
2025-09-21,Standard,528.600000,6,10,2025-09,9,Autumn,Weekday
2025-09-21,Deluxe,237.050000,2,5,2025-09,9,Autumn,Weekday
2025-09-21,Family,337.840000,2,3,2025-09,9,Autumn,Weekday
2025-09-22,Standard,432.420000,5,10,2025-09,9,Autumn,Weekday
2025-09-22,Deluxe,112.550000,1,5,2025-09,9,Autumn,Weekday
2025-09-22,Family,337.840000,2,3,2025-09,9,Autumn,Weekday
2025-09-23,Standard,585.470000,7,10,2025-09,9,Autumn,Weekday
2025-09-23,Deluxe,114.180000,1,5,2025-09,9,Autumn,Weekday
2025-09-23,Family,151.820000,1,3,2025-09,9,Autumn,Weekday
2025-09-24,Standard,569.470000,7,10,2025-09,9,Autumn,Weekday
2025-09-24,Deluxe,356.540000,3,5,2025-09,9,Autumn,Weekday
2025-09-24,Family,303.630000,2,3,2025-09,9,Autumn,Weekday
2025-09-25,Standard,244.460000,3,10,2025-09,9,Autumn,Weekday
2025-09-25,Deluxe,471.190000,4,5,2025-09,9,Autumn,Weekday
2025-09-25,Family,469.750000,3,3,2025-09,9,Autumn,Weekday
2025-09-26,Standard,730.170000,8,10,2025-09,9,Autumn,Weekend
2025-09-26,Deluxe,364.330000,3,5,2025-09,9,Autumn,Weekend
2025-09-26,Family,469.750000,3,3,2025-09,9,Autumn,Weekend
2025-09-27,Standard,742.460000,8,10,2025-09,9,Autumn,Weekend
2025-09-27,Deluxe,392.870000,3,5,2025-09,9,Autumn,Weekend
2025-09-27,Family,158.290000,1,3,2025-09,9,Autumn,Weekend
2025-09-28,Standard,552.460000,6,10,2025-09,9,Autumn,Weekday
2025-09-28,Deluxe,372.450000,3,5,2025-09,9,Autumn,Weekday
2025-09-28,Family,0.000000,0,3,2025-09,9,Autumn,Weekday
2025-09-29,Standard,712.090000,8,10,2025-09,9,Autumn,Weekday
2025-09-29,Deluxe,487.440000,4,5,2025-09,9,Autumn,Weekday
2025-09-29,Family,157.220000,1,3,2025-09,9,Autumn,Weekday
2025-09-30,Standard,565.520000,7,10,2025-09,9,Autumn,Weekday
2025-09-30,Deluxe,458.410000,4,5,2025-09,9,Autumn,Weekday
2025-09-30,Family,157.220000,1,3,2025-09,9,Autumn,Weekday
2025-10-01,Standard,483.450000,6,10,2025-10,10,Autumn,Weekday
2025-10-01,Deluxe,227.850000,2,5,2025-10,10,Autumn,Weekday
2025-10-01,Family,0.000000,0,3,2025-10,10,Autumn,Weekday
2025-10-02,Standard,483.180000,6,10,2025-10,10,Autumn,Weekday
2025-10-02,Deluxe,113.690000,1,5,2025-10,10,Autumn,Weekday
2025-10-02,Family,150.500000,1,3,2025-10,10,Autumn,Weekday
2025-10-03,Standard,421.450000,5,10,2025-10,10,Autumn,Weekend
2025-10-03,Deluxe,136.820000,1,5,2025-10,10,Autumn,Weekend
2025-10-03,Family,325.140000,2,3,2025-10,10,Autumn,Weekend
2025-10-04,Standard,376.280000,4,10,2025-10,10,Autumn,Weekend
2025-10-04,Deluxe,136.820000,1,5,2025-10,10,Autumn,Weekend
2025-10-04,Family,174.640000,1,3,2025-10,10,Autumn,Weekend
2025-10-05,Standard,543.180000,6,10,2025-10,10,Autumn,Weekday
2025-10-05,Deluxe,136.820000,1,5,2025-10,10,Autumn,Weekday
2025-10-05,Family,344.050000,2,3,2025-10,10,Autumn,Weekday
2025-10-06,Standard,420.750000,5,10,2025-10,10,Autumn,Weekday
2025-10-06,Deluxe,515.190000,4,5,2025-10,10,Autumn,Weekday
2025-10-06,Family,169.410000,1,3,2025-10,10,Autumn,Weekday
2025-10-07,Standard,401.710000,5,10,2025-10,10,Autumn,Weekday
2025-10-07,Deluxe,502.110000,4,5,2025-10,10,Autumn,Weekday
2025-10-07,Family,320.820000,2,3,2025-10,10,Autumn,Weekday
2025-10-08,Standard,235.720000,3,10,2025-10,10,Autumn,Weekday
2025-10-08,Deluxe,502.110000,4,5,2025-10,10,Autumn,Weekday
2025-10-08,Family,151.410000,1,3,2025-10,10,Autumn,Weekday
2025-10-09,Standard,557.410000,7,10,2025-10,10,Autumn,Weekday
2025-10-09,Deluxe,374.820000,3,5,2025-10,10,Autumn,Weekday
2025-10-09,Family,151.410000,1,3,2025-10,10,Autumn,Weekday
2025-10-10,Standard,585.570000,7,10,2025-10,10,Autumn,Weekend
2025-10-10,Deluxe,123.920000,1,5,2025-10,10,Autumn,Weekend
2025-10-10,Family,321.190000,2,3,2025-10,10,Autumn,Weekend
2025-10-11,Standard,595.390000,7,10,2025-10,10,Autumn,Weekend
2025-10-11,Deluxe,392.340000,3,5,2025-10,10,Autumn,Weekend
2025-10-11,Family,169.780000,1,3,2025-10,10,Autumn,Weekend
2025-10-12,Standard,680.940000,8,10,2025-10,10,Autumn,Weekday
2025-10-12,Deluxe,137.400000,1,5,2025-10,10,Autumn,Weekday
2025-10-12,Family,480.920000,3,3,2025-10,10,Autumn,Weekday
2025-10-13,Standard,342.960000,4,10,2025-10,10,Autumn,Weekday
2025-10-13,Deluxe,385.010000,3,5,2025-10,10,Autumn,Weekday
2025-10-13,Family,307.470000,2,3,2025-10,10,Autumn,Weekday
2025-10-14,Standard,503.330000,6,10,2025-10,10,Autumn,Weekday
2025-10-14,Deluxe,121.930000,1,5,2025-10,10,Autumn,Weekday
2025-10-14,Family,307.470000,2,3,2025-10,10,Autumn,Weekday
2025-10-15,Standard,332.170000,4,10,2025-10,10,Autumn,Weekday
2025-10-15,Deluxe,355.280000,3,5,2025-10,10,Autumn,Weekday
2025-10-15,Family,307.470000,2,3,2025-10,10,Autumn,Weekday
2025-10-16,Standard,321.370000,4,10,2025-10,10,Autumn,Weekday
2025-10-16,Deluxe,355.280000,3,5,2025-10,10,Autumn,Weekday
2025-10-16,Family,0.000000,0,3,2025-10,10,Autumn,Weekday
2025-10-17,Standard,525.640000,6,10,2025-10,10,Autumn,Weekend
2025-10-17,Deluxe,253.540000,2,5,2025-10,10,Autumn,Weekend
2025-10-17,Family,0.000000,0,3,2025-10,10,Autumn,Weekend
2025-10-18,Standard,551.130000,6,10,2025-10,10,Autumn,Weekend
2025-10-18,Deluxe,275.890000,2,5,2025-10,10,Autumn,Weekend
2025-10-18,Family,352.710000,2,3,2025-10,10,Autumn,Weekend
2025-10-19,Standard,602.470000,7,10,2025-10,10,Autumn,Weekday
2025-10-19,Deluxe,275.890000,2,5,2025-10,10,Autumn,Weekday
2025-10-19,Family,352.710000,2,3,2025-10,10,Autumn,Weekday
2025-10-20,Standard,512.640000,6,10,2025-10,10,Autumn,Weekday
2025-10-20,Deluxe,369.370000,3,5,2025-10,10,Autumn,Weekday
2025-10-20,Family,179.410000,1,3,2025-10,10,Autumn,Weekday
2025-10-21,Standard,523.190000,6,10,2025-10,10,Autumn,Weekday
2025-10-21,Deluxe,239.390000,2,5,2025-10,10,Autumn,Weekday
2025-10-21,Family,179.410000,1,3,2025-10,10,Autumn,Weekday
2025-10-22,Standard,341.940000,4,10,2025-10,10,Autumn,Weekday
2025-10-22,Deluxe,232.720000,2,5,2025-10,10,Autumn,Weekday
2025-10-22,Family,0.000000,0,3,2025-10,10,Autumn,Weekday
2025-10-23,Standard,165.570000,2,10,2025-10,10,Autumn,Weekday
2025-10-23,Deluxe,235.880000,2,5,2025-10,10,Autumn,Weekday
2025-10-23,Family,327.870000,2,3,2025-10,10,Autumn,Weekday
2025-10-24,Standard,360.140000,4,10,2025-10,10,Autumn,Weekend
2025-10-24,Deluxe,390.500000,3,5,2025-10,10,Autumn,Weekend
2025-10-24,Family,327.870000,2,3,2025-10,10,Autumn,Weekend
2025-10-25,Standard,463.710000,5,10,2025-10,10,Autumn,Weekend
2025-10-25,Deluxe,265.870000,2,5,2025-10,10,Autumn,Weekend
2025-10-25,Family,350.210000,2,3,2025-10,10,Autumn,Weekend
2025-10-26,Standard,444.970000,5,10,2025-10,10,Autumn,Weekday
2025-10-26,Deluxe,265.870000,2,5,2025-10,10,Autumn,Weekday
2025-10-26,Family,350.210000,2,3,2025-10,10,Autumn,Weekday
2025-10-27,Standard,611.400000,7,10,2025-10,10,Autumn,Weekday
2025-10-27,Deluxe,265.870000,2,5,2025-10,10,Autumn,Weekday
2025-10-27,Family,341.950000,2,3,2025-10,10,Autumn,Weekday
2025-10-28,Standard,329.130000,4,10,2025-10,10,Autumn,Weekday
2025-10-28,Deluxe,368.660000,3,5,2025-10,10,Autumn,Weekday
2025-10-28,Family,341.950000,2,3,2025-10,10,Autumn,Weekday
2025-10-29,Standard,413.560000,5,10,2025-10,10,Autumn,Weekday
2025-10-29,Deluxe,487.540000,4,5,2025-10,10,Autumn,Weekday
2025-10-29,Family,341.950000,2,3,2025-10,10,Autumn,Weekday
2025-10-30,Standard,583.210000,7,10,2025-10,10,Autumn,Weekday
2025-10-30,Deluxe,487.540000,4,5,2025-10,10,Autumn,Weekday
2025-10-30,Family,184.380000,1,3,2025-10,10,Autumn,Weekday
2025-10-31,Standard,775.310000,9,10,2025-10,10,Autumn,Weekend
2025-10-31,Deluxe,520.910000,4,5,2025-10,10,Autumn,Weekend
2025-10-31,Family,180.450000,1,3,2025-10,10,Autumn,Weekend
2025-11-01,Standard,792.150000,9,10,2025-11,11,Autumn,Weekend
2025-11-01,Deluxe,391.050000,3,5,2025-11,11,Autumn,Weekend
2025-11-01,Family,180.450000,1,3,2025-11,11,Autumn,Weekend
2025-11-02,Standard,620.710000,7,10,2025-11,11,Autumn,Weekday
2025-11-02,Deluxe,391.050000,3,5,2025-11,11,Autumn,Weekday
2025-11-02,Family,180.450000,1,3,2025-11,11,Autumn,Weekday
2025-11-03,Standard,431.350000,5,10,2025-11,11,Autumn,Weekday
2025-11-03,Deluxe,116.490000,1,5,2025-11,11,Autumn,Weekday
2025-11-03,Family,0.000000,0,3,2025-11,11,Autumn,Weekday
2025-11-04,Standard,168.750000,2,10,2025-11,11,Autumn,Weekday
2025-11-04,Deluxe,116.490000,1,5,2025-11,11,Autumn,Weekday
2025-11-04,Family,318.740000,2,3,2025-11,11,Autumn,Weekday
2025-11-05,Standard,0.000000,0,10,2025-11,11,Autumn,Weekday
2025-11-05,Deluxe,116.490000,1,5,2025-11,11,Autumn,Weekday
2025-11-05,Family,318.740000,2,3,2025-11,11,Autumn,Weekday
2025-11-06,Standard,79.520000,1,10,2025-11,11,Autumn,Weekday
2025-11-06,Deluxe,116.490000,1,5,2025-11,11,Autumn,Weekday
2025-11-06,Family,318.740000,2,3,2025-11,11,Autumn,Weekday
2025-11-07,Standard,79.520000,1,10,2025-11,11,Autumn,Weekend
2025-11-07,Deluxe,133.830000,1,5,2025-11,11,Autumn,Weekend
2025-11-07,Family,0.000000,0,3,2025-11,11,Autumn,Weekend
2025-11-08,Standard,264.300000,3,10,2025-11,11,Autumn,Weekend
2025-11-08,Deluxe,264.830000,2,5,2025-11,11,Autumn,Weekend
2025-11-08,Family,0.000000,0,3,2025-11,11,Autumn,Weekend
2025-11-09,Standard,343.900000,4,10,2025-11,11,Autumn,Weekday
2025-11-09,Deluxe,251.460000,2,5,2025-11,11,Autumn,Weekday
2025-11-09,Family,0.000000,0,3,2025-11,11,Autumn,Weekday
2025-11-10,Standard,344.410000,4,10,2025-11,11,Autumn,Weekday
2025-11-10,Deluxe,251.460000,2,5,2025-11,11,Autumn,Weekday
2025-11-10,Family,0.000000,0,3,2025-11,11,Autumn,Weekday
2025-11-11,Standard,423.800000,5,10,2025-11,11,Autumn,Weekday
2025-11-11,Deluxe,360.690000,3,5,2025-11,11,Autumn,Weekday
2025-11-11,Family,0.000000,0,3,2025-11,11,Autumn,Weekday
2025-11-12,Standard,258.640000,3,10,2025-11,11,Autumn,Weekday
2025-11-12,Deluxe,0.000000,0,5,2025-11,11,Autumn,Weekday
2025-11-12,Family,0.000000,0,3,2025-11,11,Autumn,Weekday
2025-11-13,Standard,243.990000,3,10,2025-11,11,Autumn,Weekday
2025-11-13,Deluxe,0.000000,0,5,2025-11,11,Autumn,Weekday
2025-11-13,Family,0.000000,0,3,2025-11,11,Autumn,Weekday
2025-11-14,Standard,340.930000,4,10,2025-11,11,Autumn,Weekend
2025-11-14,Deluxe,143.160000,1,5,2025-11,11,Autumn,Weekend
2025-11-14,Family,168.560000,1,3,2025-11,11,Autumn,Weekend
2025-11-15,Standard,529.200000,6,10,2025-11,11,Autumn,Weekend
2025-11-15,Deluxe,271.790000,2,5,2025-11,11,Autumn,Weekend
2025-11-15,Family,180.500000,1,3,2025-11,11,Autumn,Weekend
2025-11-16,Standard,537.500000,6,10,2025-11,11,Autumn,Weekday
2025-11-16,Deluxe,143.160000,1,5,2025-11,11,Autumn,Weekday
2025-11-16,Family,180.500000,1,3,2025-11,11,Autumn,Weekday
2025-11-17,Standard,361.780000,4,10,2025-11,11,Autumn,Weekday
2025-11-17,Deluxe,143.160000,1,5,2025-11,11,Autumn,Weekday
2025-11-17,Family,180.500000,1,3,2025-11,11,Autumn,Weekday
2025-11-18,Standard,261.910000,3,10,2025-11,11,Autumn,Weekday
2025-11-18,Deluxe,0.000000,0,5,2025-11,11,Autumn,Weekday
2025-11-18,Family,180.500000,1,3,2025-11,11,Autumn,Weekday
2025-11-19,Standard,261.910000,3,10,2025-11,11,Autumn,Weekday
2025-11-19,Deluxe,233.340000,2,5,2025-11,11,Autumn,Weekday
2025-11-19,Family,167.590000,1,3,2025-11,11,Autumn,Weekday
2025-11-20,Standard,333.230000,4,10,2025-11,11,Autumn,Weekday
2025-11-20,Deluxe,118.450000,1,5,2025-11,11,Autumn,Weekday
2025-11-20,Family,167.590000,1,3,2025-11,11,Autumn,Weekday
2025-11-21,Standard,356.530000,4,10,2025-11,11,Autumn,Weekend
2025-11-21,Deluxe,0.000000,0,5,2025-11,11,Autumn,Weekend
2025-11-21,Family,167.590000,1,3,2025-11,11,Autumn,Weekend
2025-11-22,Standard,262.650000,3,10,2025-11,11,Autumn,Weekend
2025-11-22,Deluxe,0.000000,0,5,2025-11,11,Autumn,Weekend
2025-11-22,Family,167.590000,1,3,2025-11,11,Autumn,Weekend
2025-11-23,Standard,264.350000,3,10,2025-11,11,Autumn,Weekday
2025-11-23,Deluxe,249.090000,2,5,2025-11,11,Autumn,Weekday
2025-11-23,Family,164.370000,1,3,2025-11,11,Autumn,Weekday
2025-11-24,Standard,172.440000,2,10,2025-11,11,Autumn,Weekday
2025-11-24,Deluxe,249.090000,2,5,2025-11,11,Autumn,Weekday
2025-11-24,Family,164.370000,1,3,2025-11,11,Autumn,Weekday
2025-11-25,Standard,168.030000,2,10,2025-11,11,Autumn,Weekday
2025-11-25,Deluxe,121.710000,1,5,2025-11,11,Autumn,Weekday
2025-11-25,Family,164.370000,1,3,2025-11,11,Autumn,Weekday
2025-11-26,Standard,336.620000,4,10,2025-11,11,Autumn,Weekday
2025-11-26,Deluxe,0.000000,0,5,2025-11,11,Autumn,Weekday
2025-11-26,Family,481.500000,3,3,2025-11,11,Autumn,Weekday
2025-11-27,Standard,336.620000,4,10,2025-11,11,Autumn,Weekday
2025-11-27,Deluxe,0.000000,0,5,2025-11,11,Autumn,Weekday
2025-11-27,Family,481.500000,3,3,2025-11,11,Autumn,Weekday
2025-11-28,Standard,443.890000,5,10,2025-11,11,Autumn,Weekend
2025-11-28,Deluxe,254.210000,2,5,2025-11,11,Autumn,Weekend
2025-11-28,Family,175.100000,1,3,2025-11,11,Autumn,Weekend
2025-11-29,Standard,363.930000,4,10,2025-11,11,Autumn,Weekend
2025-11-29,Deluxe,395.560000,3,5,2025-11,11,Autumn,Weekend
2025-11-29,Family,346.120000,2,3,2025-11,11,Autumn,Weekend
2025-11-30,Standard,191.040000,2,10,2025-11,11,Autumn,Weekday
2025-11-30,Deluxe,395.560000,3,5,2025-11,11,Autumn,Weekday
2025-11-30,Family,346.120000,2,3,2025-11,11,Autumn,Weekday
2025-12-01,Standard,126.670000,2,10,2025-12,12,Winter,Weekday
2025-12-01,Deluxe,191.230000,2,5,2025-12,12,Winter,Weekday
2025-12-01,Family,292.390000,2,3,2025-12,12,Winter,Weekday
2025-12-02,Standard,127.740000,2,10,2025-12,12,Winter,Weekday
2025-12-02,Deluxe,191.550000,2,5,2025-12,12,Winter,Weekday
2025-12-02,Family,121.370000,1,3,2025-12,12,Winter,Weekday
2025-12-03,Standard,322.320000,5,10,2025-12,12,Winter,Weekday
2025-12-03,Deluxe,284.800000,3,5,2025-12,12,Winter,Weekday
2025-12-03,Family,252.330000,2,3,2025-12,12,Winter,Weekday
2025-12-04,Standard,325.530000,5,10,2025-12,12,Winter,Weekday
2025-12-04,Deluxe,91.800000,1,5,2025-12,12,Winter,Weekday
2025-12-04,Family,252.330000,2,3,2025-12,12,Winter,Weekday
2025-12-05,Standard,488.080000,7,10,2025-12,12,Winter,Weekend
2025-12-05,Deluxe,110.230000,1,5,2025-12,12,Winter,Weekend
2025-12-05,Family,398.220000,3,3,2025-12,12,Winter,Weekend
2025-12-06,Standard,492.630000,7,10,2025-12,12,Winter,Weekend
2025-12-06,Deluxe,110.230000,1,5,2025-12,12,Winter,Weekend
2025-12-06,Family,281.690000,2,3,2025-12,12,Winter,Weekend
2025-12-07,Standard,207.770000,3,10,2025-12,12,Winter,Weekday
2025-12-07,Deluxe,110.230000,1,5,2025-12,12,Winter,Weekday
2025-12-07,Family,150.730000,1,3,2025-12,12,Winter,Weekday
2025-12-08,Standard,137.970000,2,10,2025-12,12,Winter,Weekday
2025-12-08,Deluxe,0.000000,0,5,2025-12,12,Winter,Weekday
2025-12-08,Family,150.730000,1,3,2025-12,12,Winter,Weekday
2025-12-09,Standard,253.760000,4,10,2025-12,12,Winter,Weekday
2025-12-09,Deluxe,0.000000,0,5,2025-12,12,Winter,Weekday
2025-12-09,Family,120.400000,1,3,2025-12,12,Winter,Weekday
2025-12-10,Standard,196.000000,3,10,2025-12,12,Winter,Weekday
2025-12-10,Deluxe,100.280000,1,5,2025-12,12,Winter,Weekday
2025-12-10,Family,121.830000,1,3,2025-12,12,Winter,Weekday
2025-12-11,Standard,273.590000,4,10,2025-12,12,Winter,Weekday
2025-12-11,Deluxe,100.280000,1,5,2025-12,12,Winter,Weekday
2025-12-11,Family,121.830000,1,3,2025-12,12,Winter,Weekday
2025-12-12,Standard,209.070000,3,10,2025-12,12,Winter,Weekend
2025-12-12,Deluxe,210.530000,2,5,2025-12,12,Winter,Weekend
2025-12-12,Family,258.650000,2,3,2025-12,12,Winter,Weekend
2025-12-13,Standard,289.850000,4,10,2025-12,12,Winter,Weekend
2025-12-13,Deluxe,311.010000,3,5,2025-12,12,Winter,Weekend
2025-12-13,Family,258.650000,2,3,2025-12,12,Winter,Weekend
2025-12-14,Standard,217.970000,3,10,2025-12,12,Winter,Weekday
2025-12-14,Deluxe,290.050000,3,5,2025-12,12,Winter,Weekday
2025-12-14,Family,0.000000,0,3,2025-12,12,Winter,Weekday
2025-12-15,Standard,217.970000,3,10,2025-12,12,Winter,Weekday
2025-12-15,Deluxe,389.550000,4,5,2025-12,12,Winter,Weekday
2025-12-15,Family,129.100000,1,3,2025-12,12,Winter,Weekday
2025-12-16,Standard,66.960000,1,10,2025-12,12,Winter,Weekday
2025-12-16,Deluxe,202.710000,2,5,2025-12,12,Winter,Weekday
2025-12-16,Family,129.100000,1,3,2025-12,12,Winter,Weekday
2025-12-17,Standard,201.260000,3,10,2025-12,12,Winter,Weekday
2025-12-17,Deluxe,191.500000,2,5,2025-12,12,Winter,Weekday
2025-12-17,Family,129.100000,1,3,2025-12,12,Winter,Weekday
2025-12-18,Standard,129.640000,2,10,2025-12,12,Winter,Weekday
2025-12-18,Deluxe,192.400000,2,5,2025-12,12,Winter,Weekday
2025-12-18,Family,0.000000,0,3,2025-12,12,Winter,Weekday
2025-12-19,Standard,412.650000,6,10,2025-12,12,Winter,Weekend
2025-12-19,Deluxe,100.400000,1,5,2025-12,12,Winter,Weekend
2025-12-19,Family,0.000000,0,3,2025-12,12,Winter,Weekend
2025-12-20,Standard,278.460000,4,10,2025-12,12,Winter,Weekend
2025-12-20,Deluxe,100.400000,1,5,2025-12,12,Winter,Weekend
2025-12-20,Family,0.000000,0,3,2025-12,12,Winter,Weekend
2025-12-21,Standard,330.230000,5,10,2025-12,12,Winter,Weekday
2025-12-21,Deluxe,100.400000,1,5,2025-12,12,Winter,Weekday
2025-12-21,Family,0.000000,0,3,2025-12,12,Winter,Weekday
2025-12-22,Standard,261.440000,4,10,2025-12,12,Winter,Weekday
2025-12-22,Deluxe,99.500000,1,5,2025-12,12,Winter,Weekday
2025-12-22,Family,246.110000,2,3,2025-12,12,Winter,Weekday
2025-12-23,Standard,255.280000,4,10,2025-12,12,Winter,Weekday
2025-12-23,Deluxe,296.320000,3,5,2025-12,12,Winter,Weekday
2025-12-23,Family,124.950000,1,3,2025-12,12,Winter,Weekday
2025-12-24,Standard,259.180000,4,10,2025-12,12,Winter,Weekday
2025-12-24,Deluxe,296.320000,3,5,2025-12,12,Winter,Weekday
2025-12-24,Family,124.950000,1,3,2025-12,12,Winter,Weekday
2025-12-25,Standard,134.840000,2,10,2025-12,12,Winter,Weekday
2025-12-25,Deluxe,299.020000,3,5,2025-12,12,Winter,Weekday
2025-12-25,Family,251.190000,2,3,2025-12,12,Winter,Weekday
2025-12-26,Standard,283.870000,4,10,2025-12,12,Winter,Weekend
2025-12-26,Deluxe,97.210000,1,5,2025-12,12,Winter,Weekend
2025-12-26,Family,394.200000,3,3,2025-12,12,Winter,Weekend
2025-12-27,Standard,275.100000,4,10,2025-12,12,Winter,Weekend
2025-12-27,Deluxe,0.000000,0,5,2025-12,12,Winter,Weekend
2025-12-27,Family,293.850000,2,3,2025-12,12,Winter,Weekend
2025-12-28,Standard,274.300000,4,10,2025-12,12,Winter,Weekday
2025-12-28,Deluxe,92.760000,1,5,2025-12,12,Winter,Weekday
2025-12-28,Family,278.740000,2,3,2025-12,12,Winter,Weekday
2025-12-29,Standard,196.670000,3,10,2025-12,12,Winter,Weekday
2025-12-29,Deluxe,275.800000,3,5,2025-12,12,Winter,Weekday
2025-12-29,Family,150.840000,1,3,2025-12,12,Winter,Weekday
2025-12-30,Standard,322.830000,5,10,2025-12,12,Winter,Weekday
2025-12-30,Deluxe,366.800000,4,5,2025-12,12,Winter,Weekday
2025-12-30,Family,150.840000,1,3,2025-12,12,Winter,Weekday
2025-12-31,Standard,387.710000,6,10,2025-12,12,Winter,Weekday
2025-12-31,Deluxe,191.250000,2,5,2025-12,12,Winter,Weekday
2025-12-31,Family,150.840000,1,3,2025-12,12,Winter,Weekday
