booking_id,booking_date,check_in,check_out,room_id,room_type,guests,nights,room_rate,revenue,booking_channel,booking_status,lead_time,month,season,weekday,is_weekend
SYN-B000001,2022-11-27,2023-01-05,2023-01-09,SYN-TWI-01,Twin Room,1,4,31.91,127.64,Online travel agency,Completed,39,1,Low,Thursday,False
SYN-B000002,2022-12-15,2023-01-05,2023-01-06,SYN-FAM-01,Family Room,2,1,36.03,36.03,Online travel agency,Completed,21,1,Low,Thursday,False
SYN-B000003,2022-12-12,2023-01-06,2023-01-08,SYN-SUP-01,Superior Double,1,2,42.73,85.46,Online travel agency,Completed,25,1,Low,Friday,True
SYN-B000004,2023-01-01,2023-01-09,2023-01-14,SYN-FAM-01,Family Room,2,5,37.54,187.7,Direct,Completed,8,1,Low,Monday,False
SYN-B000005,2022-12-31,2023-01-12,2023-01-14,SYN-STA-01,Standard Double,2,2,30.49,60.98,Online travel agency,Completed,12,1,Low,Thursday,False
SYN-B000006,2023-01-10,2023-01-15,2023-01-16,SYN-STA-01,Standard Double,1,1,32.2,0.0,Online travel agency,Cancelled,5,1,Low,Sunday,False
SYN-B000007,2023-01-11,2023-01-17,2023-01-18,SYN-STA-01,Standard Double,2,1,31.3,31.3,Travel agent,Completed,6,1,Low,Tuesday,False
SYN-B000008,2022-12-08,2023-01-21,2023-01-23,SYN-SUP-01,Superior Double,2,2,39.75,79.5,Direct,Completed,44,1,Low,Saturday,True
SYN-B000009,2022-11-11,2023-01-23,2023-01-27,SYN-SUP-01,Superior Double,2,4,36.63,146.52,Online travel agency,Completed,73,1,Low,Monday,False
SYN-B000010,2023-01-19,2023-01-25,2023-01-28,SYN-TWI-01,Twin Room,1,3,32.25,96.75,Direct,Completed,6,1,Low,Wednesday,False
SYN-B000011,2023-01-19,2023-01-27,2023-01-30,SYN-STA-01,Standard Double,2,3,36.06,108.18,Direct,Completed,8,1,Low,Friday,True
SYN-B000012,2022-12-18,2023-01-29,2023-02-05,SYN-FAM-01,Family Room,2,7,36.24,253.68,Online travel agency,Completed,42,1,Low,Sunday,False
SYN-B000013,2022-12-21,2023-02-04,2023-02-05,SYN-STA-01,Standard Double,1,1,33.2,33.2,Direct,Completed,45,2,Low,Saturday,True
SYN-B000014,2023-01-24,2023-02-08,2023-02-11,SYN-FAM-01,Family Room,3,3,37.22,111.66,Direct,Completed,15,2,Low,Wednesday,False
SYN-B000015,2023-02-02,2023-02-10,2023-02-11,SYN-STA-01,Standard Double,2,1,34.9,34.9,Online travel agency,Completed,8,2,Low,Friday,True
SYN-B000016,2022-12-16,2023-02-13,2023-02-15,SYN-SUP-01,Superior Double,2,2,40.59,81.18,Direct,Completed,59,2,Low,Monday,False
SYN-B000017,2023-01-29,2023-02-15,2023-02-16,SYN-TWI-01,Twin Room,2,1,33.84,33.84,Direct,Completed,17,2,Low,Wednesday,False
SYN-B000018,2022-09-28,2023-02-16,2023-02-17,SYN-FAM-01,Family Room,2,1,34.24,34.24,Direct,Completed,141,2,Low,Thursday,False
SYN-B000019,2023-02-10,2023-02-16,2023-02-18,SYN-SUP-01,Superior Double,2,2,40.61,0.0,Online travel agency,Cancelled,6,2,Low,Thursday,False
SYN-B000020,2023-02-06,2023-02-18,2023-02-22,SYN-SUP-01,Superior Double,1,4,39.93,159.72,Online travel agency,Completed,12,2,Low,Saturday,True
SYN-B000021,2022-12-24,2023-02-25,2023-02-27,SYN-SUP-01,Superior Double,2,2,37.52,75.04,Direct,Completed,63,2,Low,Saturday,True
SYN-B000022,2023-01-22,2023-02-28,2023-03-02,SYN-STA-01,Standard Double,2,2,32.29,64.58,Online travel agency,Completed,37,2,Low,Tuesday,False
SYN-B000023,2023-01-12,2023-03-01,2023-03-02,SYN-SUP-01,Superior Double,1,1,39.91,39.91,Online travel agency,Completed,48,3,Low,Wednesday,False
SYN-B000024,2023-01-29,2023-03-03,2023-03-04,SYN-FAM-01,Family Room,3,1,40.84,40.84,Online travel agency,Completed,33,3,Low,Friday,True
SYN-B000025,2023-01-11,2023-03-05,2023-03-08,SYN-SUP-01,Superior Double,2,3,38.43,0.0,Online travel agency,Cancelled,53,3,Low,Sunday,False
SYN-B000026,2023-02-19,2023-03-08,2023-03-12,SYN-SUP-01,Superior Double,2,4,36.98,147.92,Direct,Completed,17,3,Low,Wednesday,False
SYN-B000027,2023-02-10,2023-03-10,2023-03-11,SYN-TWI-01,Twin Room,1,1,34.65,34.65,Online travel agency,Completed,28,3,Low,Friday,True
SYN-B000028,2023-03-02,2023-03-10,2023-03-16,SYN-FAM-01,Family Room,4,6,40.91,245.46,Direct,Completed,8,3,Low,Friday,True
SYN-B000029,2023-03-01,2023-03-14,2023-03-16,SYN-TWI-01,Twin Room,2,2,31.5,0.0,Online travel agency,Cancelled,13,3,Low,Tuesday,False
SYN-B000030,2022-12-30,2023-03-18,2023-03-21,SYN-STA-01,Standard Double,1,3,31.92,95.76,Direct,Completed,78,3,Low,Saturday,True
SYN-B000031,2023-02-12,2023-03-20,2023-03-22,SYN-SUP-01,Superior Double,2,2,39.58,79.16,Online travel agency,Completed,36,3,Low,Monday,False
SYN-B000032,2023-02-18,2023-03-25,2023-03-26,SYN-FAM-01,Family Room,3,1,38.95,38.95,Direct,Completed,35,3,Low,Saturday,True
SYN-B000033,2023-03-22,2023-03-25,2023-03-28,SYN-SUP-01,Superior Double,1,3,38.0,114.0,Online travel agency,Completed,3,3,Low,Saturday,True
SYN-B000034,2023-03-05,2023-03-26,2023-03-31,SYN-STA-01,Standard Double,2,5,32.74,163.7,Online travel agency,Completed,21,3,Low,Sunday,False
SYN-B000035,2023-03-01,2023-03-26,2023-03-28,SYN-TWI-01,Twin Room,2,2,35.06,70.12,Direct,Completed,25,3,Low,Sunday,False
SYN-B000036,2023-03-18,2023-03-29,2023-04-01,SYN-TWI-01,Twin Room,2,3,31.31,93.93,Direct,Completed,11,3,Low,Wednesday,False
SYN-B000037,2023-03-19,2023-03-31,2023-04-03,SYN-FAM-01,Family Room,3,3,37.64,112.92,Online travel agency,Completed,12,3,Low,Friday,True
SYN-B000038,2023-03-05,2023-04-04,2023-04-08,SYN-FAM-01,Family Room,2,4,42.05,0.0,Direct,Cancelled,30,4,Shoulder,Tuesday,False
SYN-B000039,2023-03-19,2023-04-05,2023-04-07,SYN-FAM-01,Family Room,4,2,39.89,79.78,Travel agent,Completed,17,4,Shoulder,Wednesday,False
SYN-B000040,2023-03-21,2023-04-07,2023-04-10,SYN-TWI-01,Twin Room,2,3,37.89,113.67,Travel agent,Completed,17,4,Shoulder,Friday,True
SYN-B000041,2023-03-29,2023-04-08,2023-04-09,SYN-FAM-01,Family Room,2,1,43.02,43.02,Online travel agency,Completed,10,4,Shoulder,Saturday,True
SYN-B000042,2023-04-06,2023-04-09,2023-04-14,SYN-FAM-01,Family Room,4,5,40.84,204.2,Direct,Completed,3,4,Shoulder,Sunday,False
SYN-B000043,2023-04-01,2023-04-11,2023-04-13,SYN-TWI-01,Twin Room,2,2,36.77,73.54,Direct,Completed,10,4,Shoulder,Tuesday,False
SYN-B000044,2023-04-10,2023-04-13,2023-04-17,SYN-STA-01,Standard Double,1,4,36.62,146.48,Direct,Completed,3,4,Shoulder,Thursday,False
SYN-B000045,2023-03-22,2023-04-13,2023-04-14,SYN-TWI-01,Twin Room,2,1,38.15,38.15,Online travel agency,Completed,22,4,Shoulder,Thursday,False
SYN-B000046,2023-04-04,2023-04-14,2023-04-19,SYN-TWI-01,Twin Room,1,5,38.25,0.0,Online travel agency,Cancelled,10,4,Shoulder,Friday,True
SYN-B000047,2023-04-07,2023-04-14,2023-04-16,SYN-FAM-01,Family Room,4,2,42.79,85.58,Online travel agency,Completed,7,4,Shoulder,Friday,True
SYN-B000048,2023-03-25,2023-04-15,2023-04-18,SYN-SUP-01,Superior Double,2,3,45.85,137.55,Online travel agency,Completed,21,4,Shoulder,Saturday,True
SYN-B000049,2023-03-28,2023-04-17,2023-04-20,SYN-FAM-01,Family Room,4,3,39.89,119.67,Online travel agency,Completed,20,4,Shoulder,Monday,False
SYN-B000050,2023-04-09,2023-04-19,2023-04-21,SYN-TWI-01,Twin Room,2,2,35.71,71.42,Travel agent,Completed,10,4,Shoulder,Wednesday,False
SYN-B000051,2023-04-12,2023-04-19,2023-04-21,SYN-SUP-01,Superior Double,1,2,41.77,0.0,Direct,Cancelled,7,4,Shoulder,Wednesday,False
SYN-B000052,2023-04-06,2023-04-20,2023-04-21,SYN-FAM-01,Family Room,3,1,38.59,38.59,Direct,Completed,14,4,Shoulder,Thursday,False
SYN-B000053,2023-04-15,2023-04-21,2023-04-22,SYN-FAM-01,Family Room,1,1,43.15,43.15,Direct,Completed,6,4,Shoulder,Friday,True
SYN-B000054,2023-04-18,2023-04-22,2023-04-24,SYN-FAM-01,Family Room,2,2,42.32,84.64,Online travel agency,Completed,4,4,Shoulder,Saturday,True
SYN-B000055,2023-03-31,2023-04-23,2023-04-26,SYN-STA-01,Standard Double,2,3,32.94,98.82,Direct,Completed,23,4,Shoulder,Sunday,False
SYN-B000056,2023-04-21,2023-04-23,2023-04-24,SYN-TWI-01,Twin Room,1,1,36.39,36.39,Direct,Completed,2,4,Shoulder,Sunday,False
SYN-B000057,2023-04-13,2023-04-24,2023-04-27,SYN-TWI-01,Twin Room,2,3,37.81,113.43,Online travel agency,Completed,11,4,Shoulder,Monday,False
SYN-B000058,2023-04-03,2023-04-27,2023-04-29,SYN-STA-01,Standard Double,1,2,32.98,65.96,Direct,Completed,24,4,Shoulder,Thursday,False
SYN-B000059,2023-04-09,2023-04-27,2023-05-01,SYN-TWI-01,Twin Room,,4,34.46,0.0,Online travel agency,Cancelled,18,4,Shoulder,Thursday,False
SYN-B000060,2023-04-14,2023-04-27,2023-04-30,SYN-FAM-01,Family Room,3,3,38.21,114.63,Travel agent,Completed,13,4,Shoulder,Thursday,False
SYN-B000061,2023-04-24,2023-04-29,2023-04-30,SYN-TWI-01,Twin Room,1,1,40.45,40.45,Direct,Completed,5,4,Shoulder,Saturday,True
SYN-B000062,2023-04-24,2023-04-30,2023-05-03,SYN-STA-01,Standard Double,1,3,35.95,107.85,Direct,Completed,6,4,Shoulder,Sunday,False
SYN-B000063,2023-04-22,2023-05-01,2023-05-04,SYN-SUP-01,Superior Double,1,3,42.92,128.76,Online travel agency,Completed,9,5,Shoulder,Monday,False
SYN-B000064,2023-04-27,2023-05-02,2023-05-03,SYN-FAM-01,Family Room,1,1,41.82,41.82,Online travel agency,Completed,5,5,Shoulder,Tuesday,False
SYN-B000065,2023-03-19,2023-05-04,2023-05-08,SYN-SUP-01,Superior Double,2,4,44.42,0.0,Online travel agency,Cancelled,46,5,Shoulder,Thursday,False
SYN-B000066,2023-04-03,2023-05-05,2023-05-08,SYN-SUP-01,Superior Double,,3,43.71,131.13,Travel agent,Completed,32,5,Shoulder,Friday,True
SYN-B000067,2023-04-16,2023-05-06,2023-05-07,SYN-FAM-01,Family Room,1,1,41.87,41.87,Direct,Completed,20,5,Shoulder,Saturday,True
SYN-B000068,2023-04-28,2023-05-08,2023-05-09,SYN-STA-01,Standard Double,1,1,33.09,33.09,Online travel agency,Completed,10,5,Shoulder,Monday,False
SYN-B000069,2023-04-26,2023-05-09,2023-05-11,SYN-TWI-01,Twin Room,2,2,38.09,76.18,Online travel agency,Completed,13,5,Shoulder,Tuesday,False
SYN-B000070,2023-03-30,2023-05-09,2023-05-10,SYN-SUP-01,Superior Double,2,1,43.74,0.0,Online travel agency,Cancelled,40,5,Shoulder,Tuesday,False
SYN-B000071,2023-04-06,2023-05-10,2023-05-12,SYN-SUP-01,Superior Double,2,2,40.97,81.94,Online travel agency,Completed,34,5,Shoulder,Wednesday,False
SYN-B000072,2023-04-30,2023-05-12,2023-05-14,SYN-STA-01,Standard Double,1,2,39.37,78.74,Direct,Completed,12,5,Shoulder,Friday,True
SYN-B000073,2023-05-03,2023-05-12,2023-05-14,SYN-TWI-01,Twin Room,2,2,40.63,81.26,Online travel agency,Completed,9,5,Shoulder,Friday,True
SYN-B000074,2023-05-05,2023-05-12,2023-05-14,SYN-SUP-01,Superior Double,1,2,45.46,90.92,Online travel agency,Completed,7,5,Shoulder,Friday,True
SYN-B000075,2023-04-23,2023-05-14,2023-05-15,SYN-SUP-01,Superior Double,1,1,40.3,40.3,Online travel agency,Completed,21,5,Shoulder,Sunday,False
SYN-B000076,2023-04-16,2023-05-15,2023-05-17,SYN-STA-01,Standard Double,2,2,35.45,70.9,Travel agent,Completed,29,5,Shoulder,Monday,False
SYN-B000077,2023-04-25,2023-05-16,2023-05-21,SYN-TWI-01,Twin Room,1,5,35.32,0.0,Direct,Cancelled,21,5,Shoulder,Tuesday,False
SYN-B000078,2023-05-13,2023-05-17,2023-05-21,SYN-TWI-01,Twin Room,2,4,35.82,0.0,Direct,Cancelled,4,5,Shoulder,Wednesday,False
SYN-B000079,2023-05-04,2023-05-17,2023-05-18,SYN-FAM-01,Family Room,2,1,39.13,39.13,Direct,Completed,13,5,Shoulder,Wednesday,False
SYN-B000080,2023-04-23,2023-05-19,2023-05-20,SYN-STA-01,Standard Double,2,1,37.57,0.0,Online travel agency,Cancelled,26,5,Shoulder,Friday,True
SYN-B000081,2023-05-01,2023-05-20,2023-05-24,SYN-FAM-01,Family Room,2,4,45.31,181.24,Online travel agency,Completed,19,5,Shoulder,Saturday,True
SYN-B000082,2023-04-27,2023-05-22,2023-05-23,SYN-STA-01,Standard Double,1,1,32.98,32.98,Online travel agency,Completed,25,5,Shoulder,Monday,False
SYN-B000083,2023-05-16,2023-05-22,2023-05-25,SYN-SUP-01,Superior Double,1,3,40.18,120.54,Direct,Completed,6,5,Shoulder,Monday,False
SYN-B000084,2023-05-10,2023-05-24,2023-05-29,SYN-STA-01,Standard Double,1,5,34.58,172.9,Direct,Completed,14,5,Shoulder,Wednesday,False
SYN-B000085,2023-04-26,2023-05-24,2023-05-28,SYN-FAM-01,Family Room,3,4,40.21,160.84,Online travel agency,Completed,28,5,Shoulder,Wednesday,False
SYN-B000086,2023-05-22,2023-05-26,2023-06-03,SYN-TWI-01,Twin Room,1,8,37.9,303.2,Direct,Completed,4,5,Shoulder,Friday,True
SYN-B000087,2023-05-16,2023-05-26,2023-05-29,SYN-SUP-01,Superior Double,1,3,42.68,0.0,Online travel agency,Cancelled,10,5,Shoulder,Friday,True
SYN-B000088,2023-05-16,2023-05-28,2023-05-30,SYN-SUP-01,Superior Double,1,2,40.26,80.52,Travel agent,Completed,12,5,Shoulder,Sunday,False
SYN-B000089,2023-05-09,2023-05-30,2023-05-31,SYN-SUP-01,Superior Double,1,1,42.82,42.82,Direct,Completed,21,5,Shoulder,Tuesday,False
SYN-B000090,2023-05-03,2023-05-31,2023-06-03,SYN-FAM-01,Family Room,1,3,42.4,127.2,Online travel agency,Completed,28,5,Shoulder,Wednesday,False
SYN-B000091,2023-04-16,2023-06-01,2023-06-06,SYN-STA-01,Standard Double,2,5,45.26,226.3,Online travel agency,Completed,46,6,High,Thursday,False
SYN-B000092,2023-05-03,2023-06-02,2023-06-08,SYN-SUP-01,Superior Double,2,6,56.93,341.58,Direct,Completed,30,6,High,Friday,True
SYN-B000093,2023-05-06,2023-06-03,2023-06-04,SYN-TWI-01,Twin Room,1,1,45.89,45.89,Online travel agency,Completed,28,6,High,Saturday,True
SYN-B000094,2023-05-19,2023-06-04,2023-06-08,SYN-TWI-01,Twin Room,2,4,46.28,185.12,Direct,Completed,16,6,High,Sunday,False
SYN-B000095,2023-05-30,2023-06-04,2023-06-09,SYN-FAM-01,Family Room,4,5,47.71,238.55,Direct,Completed,5,6,High,Sunday,False
SYN-B000096,2023-04-06,2023-06-06,2023-06-09,SYN-STA-01,Standard Double,1,3,40.87,122.61,Direct,Completed,61,6,High,Tuesday,False
SYN-B000097,2023-05-18,2023-06-08,2023-06-13,SYN-TWI-01,Twin Room,2,5,45.36,226.8,Direct,Completed,21,6,High,Thursday,False
SYN-B000098,2023-05-29,2023-06-09,2023-06-10,SYN-FAM-01,Family Room,3,1,53.47,53.47,Online travel agency,Completed,11,6,High,Friday,True
SYN-B000099,2023-06-01,2023-06-10,2023-06-13,SYN-FAM-01,Family Room,2,3,51.19,153.57,Online travel agency,Completed,9,6,High,Saturday,True
SYN-B000100,2023-04-08,2023-06-10,2023-06-15,SYN-SUP-01,Superior Double,1,5,51.48,0.0,Travel agent,Cancelled,63,6,High,Saturday,True
SYN-B000101,2023-06-02,2023-06-11,2023-06-14,SYN-SUP-01,Superior Double,2,3,50.2,150.6,Direct,Completed,9,6,High,Sunday,False
SYN-B000102,2022-12-18,2023-06-12,2023-06-14,SYN-STA-01,Standard Double,2,2,39.67,79.34,Direct,Completed,176,6,High,Monday,False
SYN-B000103,2023-06-10,2023-06-14,2023-06-16,SYN-STA-01,Standard Double,1,2,45.08,90.16,Direct,Completed,4,6,High,Wednesday,False
SYN-B000104,2023-05-02,2023-06-14,2023-06-16,SYN-TWI-01,Twin Room,2,2,45.42,90.84,Direct,Completed,43,6,High,Wednesday,False
SYN-B000105,2023-05-30,2023-06-14,2023-06-20,SYN-SUP-01,Superior Double,2,6,50.57,303.42,Direct,Completed,15,6,High,Wednesday,False
SYN-B000106,2023-05-17,2023-06-16,2023-06-19,SYN-STA-01,Standard Double,1,3,46.63,139.89,Travel agent,Completed,30,6,High,Friday,True
SYN-B000107,2023-06-01,2023-06-16,2023-06-20,SYN-TWI-01,Twin Room,2,4,47.89,191.56,Direct,Completed,15,6,High,Friday,True
SYN-B000108,2023-05-28,2023-06-16,2023-06-19,SYN-FAM-01,Family Room,1,3,56.12,168.36,Online travel agency,Completed,19,6,High,Friday,True
SYN-B000109,2023-06-03,2023-06-20,2023-06-25,SYN-TWI-01,Twin Room,1,5,42.44,212.2,Online travel agency,Completed,17,6,High,Tuesday,False
SYN-B000110,2023-05-17,2023-06-20,2023-06-22,SYN-SUP-01,Superior Double,2,2,51.7,103.4,Direct,Completed,34,6,High,Tuesday,False
SYN-B000111,2023-05-17,2023-06-21,2023-06-24,SYN-FAM-01,Family Room,4,3,52.13,156.39,Travel agent,Completed,35,6,High,Wednesday,False
SYN-B000112,2023-05-02,2023-06-23,2023-06-25,SYN-STA-01,Standard Double,1,2,47.86,95.72,Online travel agency,Completed,52,6,High,Friday,True
SYN-B000113,2023-04-30,2023-06-23,2023-06-26,SYN-SUP-01,Superior Double,2,3,55.37,166.11,Online travel agency,Completed,54,6,High,Friday,True
SYN-B000114,2023-06-06,2023-06-24,2023-06-28,SYN-FAM-01,Family Room,4,4,51.02,204.08,Direct,Completed,18,6,High,Saturday,True
SYN-B000115,2023-05-05,2023-06-25,2023-06-28,SYN-STA-01,Standard Double,1,3,46.1,138.3,Direct,Completed,51,6,High,Sunday,False
SYN-B000116,2023-05-17,2023-06-26,2023-07-01,SYN-SUP-01,Superior Double,1,5,55.39,276.95,Online travel agency,Completed,40,6,High,Monday,False
SYN-B000117,2023-05-14,2023-06-27,2023-07-01,SYN-TWI-01,Twin Room,1,4,42.62,0.0,Online travel agency,Cancelled,44,6,High,Tuesday,False
SYN-B000118,2023-04-30,2023-06-28,2023-07-03,SYN-STA-01,Standard Double,2,5,42.12,210.6,Travel agent,Completed,59,6,High,Wednesday,False
SYN-B000119,2023-04-28,2023-06-28,2023-07-01,SYN-TWI-01,Twin Room,1,3,44.04,132.12,Online travel agency,Completed,61,6,High,Wednesday,False
SYN-B000120,2023-06-06,2023-06-28,2023-07-05,SYN-FAM-01,Family Room,4,7,49.35,345.45,Direct,Completed,22,6,High,Wednesday,False
SYN-B000121,2023-05-25,2023-07-01,2023-07-02,SYN-TWI-01,Twin Room,1,1,49.25,49.25,Online travel agency,Completed,37,7,High,Saturday,True
SYN-B000122,2023-06-07,2023-07-01,2023-07-04,SYN-SUP-01,Superior Double,1,3,54.91,164.73,Travel agent,Completed,24,7,High,Saturday,True
SYN-B000123,2023-06-15,2023-07-02,2023-07-04,SYN-TWI-01,Twin Room,2,2,45.2,90.4,Online travel agency,Completed,17,7,High,Sunday,False
SYN-B000124,2023-01-15,2023-07-03,2023-07-09,SYN-STA-01,Standard Double,2,6,40.52,243.12,Online travel agency,Completed,169,7,High,Monday,False
SYN-B000125,2023-06-02,2023-07-04,2023-07-06,SYN-SUP-01,Superior Double,2,2,50.79,101.58,Online travel agency,Completed,32,7,High,Tuesday,False
SYN-B000126,2023-06-28,2023-07-05,2023-07-08,SYN-TWI-01,Twin Room,2,3,44.66,133.98,Online travel agency,Completed,7,7,High,Wednesday,False
SYN-B000127,2023-06-27,2023-07-06,2023-07-09,SYN-FAM-01,Family Room,3,3,47.31,141.93,Direct,Completed,9,7,High,Thursday,False
SYN-B000128,2023-05-25,2023-07-06,2023-07-09,SYN-SUP-01,Superior Double,2,3,52.05,156.15,Online travel agency,Completed,42,7,High,Thursday,False
SYN-B000129,2023-06-24,2023-07-08,2023-07-14,SYN-TWI-01,Twin Room,1,6,48.63,291.78,Direct,Completed,14,7,High,Saturday,True
SYN-B000130,2023-04-30,2023-07-09,2023-07-12,SYN-STA-01,Standard Double,2,3,43.07,129.21,Online travel agency,Completed,70,7,High,Sunday,False
SYN-B000131,2023-03-20,2023-07-09,2023-07-12,SYN-FAM-01,Family Room,3,3,49.16,147.48,Direct,Completed,111,7,High,Sunday,False
SYN-B000132,2023-06-08,2023-07-10,2023-07-13,SYN-SUP-01,Superior Double,2,3,52.82,158.46,Direct,Completed,32,7,High,Monday,False
SYN-B000133,2023-04-21,2023-07-12,2023-07-19,SYN-FAM-01,Family Room,3,7,46.39,324.73,Direct,Completed,82,7,High,Wednesday,False
SYN-B000134,2023-05-30,2023-07-13,2023-07-15,SYN-SUP-01,Superior Double,1,2,50.84,101.68,Direct,Completed,44,7,High,Thursday,False
SYN-B000135,2023-06-21,2023-07-15,2023-07-24,SYN-STA-01,Standard Double,1,9,46.72,420.48,Online travel agency,Completed,24,7,High,Saturday,True
SYN-B000136,2023-05-25,2023-07-15,2023-07-18,SYN-TWI-01,Twin Room,2,3,50.77,152.31,Online travel agency,Completed,51,7,High,Saturday,True
SYN-B000137,2023-06-23,2023-07-16,2023-07-19,SYN-SUP-01,Superior Double,1,3,51.22,153.66,Direct,Completed,23,7,High,Sunday,False
SYN-B000138,2023-07-01,2023-07-18,2023-07-19,SYN-TWI-01,Twin Room,1,1,45.98,45.98,Direct,Completed,17,7,High,Tuesday,False
SYN-B000139,2023-06-29,2023-07-19,2023-07-22,SYN-TWI-01,Twin Room,1,3,46.7,140.1,Direct,Completed,20,7,High,Wednesday,False
SYN-B000140,2023-06-20,2023-07-19,2023-07-23,SYN-FAM-01,Family Room,1,4,49.27,197.08,Online travel agency,Completed,29,7,High,Wednesday,False
SYN-B000141,2023-05-17,2023-07-20,2023-07-21,SYN-SUP-01,Superior Double,2,1,47.62,0.0,Travel agent,Cancelled,64,7,High,Thursday,False
SYN-B000142,2023-07-10,2023-07-22,2023-07-26,SYN-TWI-01,Twin Room,2,4,50.71,202.84,Direct,Completed,12,7,High,Saturday,True
SYN-B000143,2023-07-10,2023-07-22,2023-07-28,SYN-SUP-01,Superior Double,1,6,56.48,0.0,Online travel agency,Cancelled,12,7,High,Saturday,True
SYN-B000144,2023-06-18,2023-07-23,2023-07-28,SYN-FAM-01,Family Room,1,5,47.81,239.05,Direct,Completed,35,7,High,Sunday,False
SYN-B000145,2023-07-09,2023-07-24,2023-07-27,SYN-STA-01,Standard Double,1,3,45.24,135.72,Direct,Completed,15,7,High,Monday,False
SYN-B000146,2023-05-20,2023-07-26,2023-07-27,SYN-SUP-01,Superior Double,1,1,50.89,50.89,Direct,Completed,67,7,High,Wednesday,False
SYN-B000147,2023-06-15,2023-07-27,2023-08-03,SYN-STA-01,Standard Double,2,7,41.74,292.18,Online travel agency,Completed,42,7,High,Thursday,False
SYN-B000148,2023-06-14,2023-07-27,2023-08-02,SYN-TWI-01,Twin Room,1,6,43.32,259.92,Online travel agency,Completed,43,7,High,Thursday,False
SYN-B000149,2023-06-26,2023-07-30,2023-08-03,SYN-FAM-01,Family Room,3,4,51.73,206.92,Online travel agency,Completed,34,7,High,Sunday,False
SYN-B000150,2023-07-24,2023-08-01,2023-08-07,SYN-SUP-01,Superior Double,1,6,52.47,314.82,Online travel agency,Completed,8,8,High,Tuesday,False
SYN-B000151,2023-07-08,2023-08-02,2023-08-05,SYN-TWI-01,Twin Room,2,3,46.35,0.0,Travel agent,Cancelled,25,8,High,Wednesday,False
SYN-B000152,2023-07-02,2023-08-04,2023-08-08,SYN-STA-01,Standard Double,1,4,48.02,192.08,Travel agent,Completed,33,8,High,Friday,True
SYN-B000153,2023-07-11,2023-08-04,2023-08-08,SYN-FAM-01,Family Room,1,4,54.51,218.04,Online travel agency,Completed,24,8,High,Friday,True
SYN-B000154,2023-06-03,2023-08-07,2023-08-09,SYN-SUP-01,Superior Double,1,2,52.25,0.0,Direct,Cancelled,65,8,High,Monday,False
SYN-B000155,2023-07-09,2023-08-08,2023-08-11,SYN-STA-01,Standard Double,1,3,44.48,133.44,Online travel agency,Completed,30,8,High,Tuesday,False
SYN-B000156,2023-07-25,2023-08-08,2023-08-11,SYN-FAM-01,Family Room,3,3,48.48,145.44,Direct,Completed,14,8,High,Tuesday,False
SYN-B000157,2023-07-04,2023-08-09,2023-08-12,SYN-TWI-01,Twin Room,2,3,46.02,138.06,Direct,Completed,36,8,High,Wednesday,False
SYN-B000158,2023-02-16,2023-08-09,2023-08-13,SYN-SUP-01,Superior Double,2,4,50.5,0.0,Online travel agency,Cancelled,174,8,High,Wednesday,False
SYN-B000159,2023-06-17,2023-08-11,2023-08-14,SYN-FAM-01,Family Room,4,3,52.3,156.9,Online travel agency,Completed,55,8,High,Friday,True
SYN-B000160,2023-07-09,2023-08-11,2023-08-17,SYN-SUP-01,Superior Double,2,6,53.79,322.74,Online travel agency,Completed,33,8,High,Friday,True
SYN-B000161,2023-07-07,2023-08-12,2023-08-18,SYN-STA-01,Standard Double,2,6,44.42,266.52,Direct,Completed,36,8,High,Saturday,True
SYN-B000162,2023-07-18,2023-08-14,2023-08-18,SYN-TWI-01,Twin Room,1,4,44.53,178.12,Direct,Completed,27,8,High,Monday,False
SYN-B000163,2023-07-11,2023-08-15,2023-08-21,SYN-FAM-01,Family Room,4,6,50.49,302.94,Direct,Completed,35,8,High,Tuesday,False
SYN-B000164,2023-08-04,2023-08-18,2023-08-23,SYN-STA-01,Standard Double,2,5,50.0,250.0,Direct,Completed,14,8,High,Friday,True
SYN-B000165,2023-07-17,2023-08-19,2023-08-23,SYN-SUP-01,Superior Double,1,4,55.57,222.28,Direct,Completed,33,8,High,Saturday,True
SYN-B000166,2023-08-15,2023-08-20,2023-08-23,SYN-TWI-01,Twin Room,1,3,42.41,127.23,Online travel agency,Completed,5,8,High,Sunday,False
SYN-B000167,2023-07-04,2023-08-21,2023-08-24,SYN-FAM-01,Family Room,1,3,47.13,141.39,Direct,Completed,48,8,High,Monday,False
SYN-B000168,2023-06-20,2023-08-23,2023-08-27,SYN-STA-01,Standard Double,2,4,39.54,0.0,Online travel agency,Cancelled,64,8,High,Wednesday,False
SYN-B000169,2023-08-05,2023-08-23,2023-08-25,SYN-SUP-01,Superior Double,2,2,55.35,110.7,Online travel agency,Completed,18,8,High,Wednesday,False
SYN-B000170,2023-07-05,2023-08-24,2023-08-27,SYN-STA-01,Standard Double,1,3,41.22,123.66,Direct,Completed,50,8,High,Thursday,False
SYN-B000171,2023-08-09,2023-08-24,2023-08-30,SYN-TWI-01,Twin Room,2,6,42.53,255.18,Online travel agency,Completed,15,8,High,Thursday,False
SYN-B000172,2023-08-12,2023-08-24,2023-08-26,SYN-FAM-01,Family Room,1,2,52.58,105.16,Travel agent,Completed,12,8,High,Thursday,False
SYN-B000173,2023-07-24,2023-08-25,2023-08-28,SYN-SUP-01,Superior Double,1,3,59.9,179.7,Travel agent,Completed,32,8,High,Friday,True
SYN-B000174,2023-08-04,2023-08-26,2023-08-31,SYN-FAM-01,Family Room,3,5,55.49,0.0,Online travel agency,Cancelled,22,8,High,Saturday,True
SYN-B000175,2023-07-07,2023-08-27,2023-09-01,SYN-FAM-01,Family Room,3,5,52.66,263.3,Direct,Completed,51,8,High,Sunday,False
SYN-B000176,2023-08-13,2023-08-28,2023-09-01,SYN-STA-01,Standard Double,2,4,44.76,179.04,Travel agent,Completed,15,8,High,Monday,False
SYN-B000177,2023-08-16,2023-08-29,2023-08-31,SYN-SUP-01,Superior Double,1,2,54.1,108.2,Direct,Completed,13,8,High,Tuesday,False
SYN-B000178,2023-07-29,2023-08-30,2023-09-06,SYN-TWI-01,Twin Room,1,7,43.12,0.0,Online travel agency,Cancelled,32,8,High,Wednesday,False
SYN-B000179,2023-08-11,2023-08-31,2023-09-02,SYN-SUP-01,Superior Double,1,2,51.11,102.22,Direct,Completed,20,8,High,Thursday,False
SYN-B000180,2023-07-30,2023-09-01,2023-09-03,SYN-TWI-01,Twin Room,1,2,47.98,95.96,Direct,Completed,33,9,High,Friday,True
SYN-B000181,2023-07-31,2023-09-02,2023-09-05,SYN-STA-01,Standard Double,1,3,44.98,134.94,Direct,Completed,33,9,High,Saturday,True
SYN-B000182,2023-08-15,2023-09-02,2023-09-07,SYN-SUP-01,Superior Double,2,5,56.33,0.0,Travel agent,Cancelled,18,9,High,Saturday,True
SYN-B000183,2023-08-23,2023-09-03,2023-09-06,SYN-FAM-01,Family Room,1,3,49.88,149.64,Online travel agency,Completed,11,9,High,Sunday,False
SYN-B000184,2023-05-26,2023-09-04,2023-09-05,SYN-TWI-01,Twin Room,2,1,40.22,40.22,Direct,Completed,101,9,High,Monday,False
SYN-B000185,2023-09-03,2023-09-06,2023-09-10,SYN-STA-01,Standard Double,1,4,46.25,185.0,Direct,Completed,3,9,High,Wednesday,False
SYN-B000186,2023-08-06,2023-09-06,2023-09-07,SYN-TWI-01,Twin Room,1,1,43.28,43.28,Direct,Completed,31,9,High,Wednesday,False
SYN-B000187,2023-08-28,2023-09-06,2023-09-10,SYN-SUP-01,Superior Double,1,4,50.7,202.8,Online travel agency,Completed,9,9,High,Wednesday,False
SYN-B000188,2023-08-28,2023-09-07,2023-09-08,SYN-TWI-01,Twin Room,2,1,46.33,46.33,Direct,Completed,10,9,High,Thursday,False
SYN-B000189,2023-08-03,2023-09-07,2023-09-14,SYN-FAM-01,Family Room,2,7,48.07,336.49,Online travel agency,Completed,35,9,High,Thursday,False
SYN-B000190,2023-08-30,2023-09-08,2023-09-11,SYN-TWI-01,Twin Room,2,3,45.88,137.64,Direct,Completed,9,9,High,Friday,True
SYN-B000191,2023-08-12,2023-09-10,2023-09-12,SYN-STA-01,Standard Double,2,2,41.6,83.2,Direct,Completed,29,9,High,Sunday,False
SYN-B000192,2023-07-31,2023-09-10,2023-09-16,SYN-SUP-01,Superior Double,1,6,54.99,329.94,Online travel agency,Completed,41,9,High,Sunday,False
SYN-B000193,2023-09-06,2023-09-13,2023-09-17,SYN-STA-01,Standard Double,2,4,45.17,0.0,Online travel agency,Cancelled,7,9,High,Wednesday,False
SYN-B000194,2023-07-17,2023-09-14,2023-09-17,SYN-TWI-01,Twin Room,2,3,44.6,133.8,Direct,Completed,59,9,High,Thursday,False
SYN-B000195,2023-09-01,2023-09-15,2023-09-19,SYN-STA-01,Standard Double,2,4,45.28,181.12,Direct,Completed,14,9,High,Friday,True
SYN-B000196,2023-08-13,2023-09-16,2023-09-23,SYN-FAM-01,Family Room,2,7,54.55,381.85,Direct,Completed,34,9,High,Saturday,True
SYN-B000197,2023-08-31,2023-09-16,2023-09-19,SYN-SUP-01,Superior Double,1,3,58.85,176.55,Direct,Completed,16,9,High,Saturday,True
SYN-B000198,2023-09-06,2023-09-18,2023-09-20,SYN-TWI-01,Twin Room,1,2,44.05,0.0,Online travel agency,Cancelled,12,9,High,Monday,False
SYN-B000199,2023-07-02,2023-09-20,2023-09-23,SYN-STA-01,Standard Double,2,3,39.09,117.27,Online travel agency,Completed,80,9,High,Wednesday,False
SYN-B000200,2023-09-11,2023-09-21,2023-09-24,SYN-TWI-01,Twin Room,1,3,46.11,138.33,Online travel agency,Completed,10,9,High,Thursday,False
SYN-B000201,2023-08-31,2023-09-21,2023-09-22,SYN-SUP-01,Superior Double,2,1,49.94,49.94,Direct,Completed,21,9,High,Thursday,False
SYN-B000202,2023-08-04,2023-09-23,2023-09-26,SYN-FAM-01,Family Room,4,3,52.41,157.23,Direct,Completed,50,9,High,Saturday,True
SYN-B000203,2023-08-26,2023-09-23,2023-09-25,SYN-SUP-01,Superior Double,2,2,56.93,113.86,Direct,Completed,28,9,High,Saturday,True
SYN-B000204,2023-09-04,2023-09-24,2023-09-30,SYN-STA-01,Standard Double,2,6,43.53,261.18,Online travel agency,Completed,20,9,High,Sunday,False
SYN-B000205,2023-08-27,2023-09-24,2023-09-26,SYN-TWI-01,Twin Room,2,2,46.99,93.98,Online travel agency,Completed,28,9,High,Sunday,False
SYN-B000206,2023-08-16,2023-09-27,2023-10-01,SYN-TWI-01,Twin Room,2,4,46.1,184.4,Direct,Completed,42,9,High,Wednesday,False
SYN-B000207,2023-09-14,2023-09-27,2023-09-30,SYN-FAM-01,Family Room,3,3,51.25,153.75,Direct,Completed,13,9,High,Wednesday,False
SYN-B000208,2023-09-19,2023-09-27,2023-09-29,SYN-SUP-01,Superior Double,2,2,53.95,0.0,Direct,Cancelled,8,9,High,Wednesday,False
SYN-B000209,2023-08-27,2023-09-30,2023-10-03,SYN-FAM-01,Family Room,4,3,57.21,171.63,Online travel agency,Completed,34,9,High,Saturday,True
SYN-B000210,2023-08-08,2023-09-30,2023-10-02,SYN-SUP-01,Superior Double,1,2,56.67,113.34,Direct,Completed,53,9,High,Saturday,True
SYN-B000211,2023-09-07,2023-10-01,2023-10-02,SYN-TWI-01,Twin Room,1,1,38.1,38.1,Direct,Completed,24,10,Shoulder,Sunday,False
SYN-B000212,2023-09-17,2023-10-02,2023-10-05,SYN-STA-01,Standard Double,1,3,34.7,0.0,Online travel agency,Cancelled,15,10,Shoulder,Monday,False
SYN-B000213,2023-08-27,2023-10-03,2023-10-04,SYN-FAM-01,Family Room,1,1,41.07,41.07,Online travel agency,Completed,37,10,Shoulder,Tuesday,False
SYN-B000214,2023-09-24,2023-10-04,2023-10-05,SYN-TWI-01,Twin Room,1,1,36.21,36.21,Online travel agency,Completed,10,10,Shoulder,Wednesday,False
SYN-B000215,2023-08-22,2023-10-05,2023-10-07,SYN-SUP-01,Superior Double,2,2,42.93,85.86,Online travel agency,Completed,44,10,Shoulder,Thursday,False
SYN-B000216,2023-10-05,2023-10-07,2023-10-09,SYN-SUP-01,Superior Double,1,2,46.42,0.0,Online travel agency,Cancelled,2,10,Shoulder,Saturday,True
SYN-B000217,2023-09-24,2023-10-08,2023-10-09,SYN-TWI-01,Twin Room,1,1,38.1,38.1,Direct,Completed,14,10,Shoulder,Sunday,False
SYN-B000218,2023-09-26,2023-10-08,2023-10-11,SYN-SUP-01,Superior Double,1,3,40.78,122.34,Online travel agency,Completed,12,10,Shoulder,Sunday,False
SYN-B000219,2023-09-12,2023-10-09,2023-10-10,SYN-STA-01,Standard Double,1,1,36.06,36.06,Online travel agency,Completed,27,10,Shoulder,Monday,False
SYN-B000220,2023-10-05,2023-10-12,2023-10-14,SYN-FAM-01,Family Room,4,2,38.55,77.1,Travel agent,Completed,7,10,Shoulder,Thursday,False
SYN-B000221,2023-10-05,2023-10-13,2023-10-16,SYN-STA-01,Standard Double,2,3,39.29,117.87,Online travel agency,Completed,8,10,Shoulder,Friday,True
SYN-B000222,2023-10-09,2023-10-16,2023-10-18,SYN-TWI-01,Twin Room,2,2,35.59,0.0,Online travel agency,Cancelled,7,10,Shoulder,Monday,False
SYN-B000223,2023-10-16,2023-10-18,2023-10-20,SYN-SUP-01,Superior Double,1,2,42.47,0.0,Online travel agency,Cancelled,2,10,Shoulder,Wednesday,False
SYN-B000224,2023-09-15,2023-10-21,2023-10-22,SYN-FAM-01,Family Room,1,1,43.23,43.23,Direct,Completed,36,10,Shoulder,Saturday,True
SYN-B000225,2023-09-18,2023-10-21,2023-10-22,SYN-SUP-01,Superior Double,2,1,46.84,46.84,Online travel agency,Completed,33,10,Shoulder,Saturday,True
SYN-B000226,2023-10-09,2023-10-22,2023-10-26,SYN-STA-01,Standard Double,2,4,35.22,140.88,Online travel agency,Completed,13,10,Shoulder,Sunday,False
SYN-B000227,2023-10-12,2023-10-22,2023-10-25,SYN-TWI-01,Twin Room,2,3,35.04,105.12,Travel agent,Completed,10,10,Shoulder,Sunday,False
SYN-B000228,2023-10-20,2023-10-25,2023-10-26,SYN-TWI-01,Twin Room,1,1,34.82,0.0,Online travel agency,Cancelled,5,10,Shoulder,Wednesday,False
SYN-B000229,2023-09-13,2023-10-25,2023-10-26,SYN-SUP-01,Superior Double,1,1,44.08,44.08,Direct,Completed,42,10,Shoulder,Wednesday,False
SYN-B000230,2023-10-14,2023-10-27,2023-10-31,SYN-SUP-01,Superior Double,1,4,45.02,180.08,Online travel agency,Completed,13,10,Shoulder,Friday,True
SYN-B000231,2023-09-30,2023-10-28,2023-10-30,SYN-TWI-01,Twin Room,2,2,37.92,75.84,Direct,Completed,28,10,Shoulder,Saturday,True
SYN-B000232,2023-10-09,2023-10-30,2023-11-01,SYN-FAM-01,Family Room,3,2,41.18,82.36,Online travel agency,Completed,21,10,Shoulder,Monday,False
SYN-B000233,2023-10-15,2023-11-01,2023-11-02,SYN-STA-01,Standard Double,2,1,32.42,0.0,Travel agent,Cancelled,17,11,Low,Wednesday,False
SYN-B000234,2023-10-09,2023-11-03,2023-11-05,SYN-STA-01,Standard Double,2,2,34.08,68.16,Direct,Completed,25,11,Low,Friday,True
SYN-B000235,2023-10-16,2023-11-03,2023-11-05,SYN-TWI-01,Twin Room,2,2,34.16,68.32,Online travel agency,Completed,18,11,Low,Friday,True
SYN-B000236,2023-10-23,2023-11-03,2023-11-07,SYN-SUP-01,Superior Double,1,4,39.39,157.56,Online travel agency,Completed,11,11,Low,Friday,True
SYN-B000237,2023-10-13,2023-11-04,2023-11-06,SYN-FAM-01,Family Room,3,2,41.27,82.54,Direct,Completed,22,11,Low,Saturday,True
SYN-B000238,2023-11-03,2023-11-10,2023-11-14,SYN-STA-01,Standard Double,1,4,36.12,144.48,Online travel agency,Completed,7,11,Low,Friday,True
SYN-B000239,2023-11-02,2023-11-15,2023-11-17,SYN-SUP-01,Superior Double,2,2,38.6,77.2,Direct,Completed,13,11,Low,Wednesday,False
SYN-B000240,2023-11-07,2023-11-16,2023-11-19,SYN-TWI-01,Twin Room,2,3,33.45,100.35,Direct,Completed,9,11,Low,Thursday,False
SYN-B000241,2023-11-09,2023-11-22,2023-11-26,SYN-SUP-01,Superior Double,2,4,38.49,153.96,Online travel agency,Completed,13,11,Low,Wednesday,False
SYN-B000242,2023-11-11,2023-11-25,2023-11-27,SYN-STA-01,Standard Double,2,2,35.01,0.0,Travel agent,Cancelled,14,11,Low,Saturday,True
SYN-B000243,2023-10-13,2023-11-28,2023-11-30,SYN-STA-01,Standard Double,1,2,30.97,61.94,Direct,Completed,46,11,Low,Tuesday,False
SYN-B000244,2023-11-16,2023-11-28,2023-11-30,SYN-SUP-01,Superior Double,2,2,37.28,74.56,Direct,Completed,12,11,Low,Tuesday,False
SYN-B000245,2023-11-25,2023-11-30,2023-12-02,SYN-STA-01,Standard Double,2,2,33.35,66.7,Direct,Completed,5,11,Low,Thursday,False
SYN-B000246,2023-10-24,2023-12-01,2023-12-03,SYN-SUP-01,Superior Double,2,2,43.44,86.88,Online travel agency,Completed,38,12,Low,Friday,True
SYN-B000247,2023-11-18,2023-12-02,2023-12-05,SYN-TWI-01,Twin Room,1,3,35.83,107.49,Direct,Completed,14,12,Low,Saturday,True
SYN-B000248,2023-11-26,2023-12-02,2023-12-03,SYN-FAM-01,Family Room,2,1,38.39,38.39,Online travel agency,Completed,6,12,Low,Saturday,True
SYN-B000249,2023-11-29,2023-12-05,2023-12-11,SYN-STA-01,Standard Double,2,6,32.17,193.02,Online travel agency,Completed,6,12,Low,Tuesday,False
SYN-B000250,2023-11-27,2023-12-07,2023-12-10,SYN-FAM-01,Family Room,1,3,37.23,111.69,Online travel agency,Completed,10,12,Low,Thursday,False
SYN-B000251,2023-12-01,2023-12-09,2023-12-14,SYN-SUP-01,Superior Double,2,5,41.49,207.45,Online travel agency,Completed,8,12,Low,Saturday,True
SYN-B000252,2023-10-24,2023-12-12,2023-12-15,SYN-TWI-01,Twin Room,1,3,32.06,96.18,Direct,Completed,49,12,Low,Tuesday,False
SYN-B000253,2023-12-03,2023-12-12,2023-12-15,SYN-FAM-01,Family Room,2,3,37.94,113.82,Online travel agency,Completed,9,12,Low,Tuesday,False
SYN-B000254,2023-11-17,2023-12-16,2023-12-18,SYN-STA-01,Standard Double,2,2,32.84,65.68,Online travel agency,Completed,29,12,Low,Saturday,True
SYN-B000255,2023-12-08,2023-12-16,2023-12-18,SYN-SUP-01,Superior Double,2,2,41.88,83.76,Direct,Completed,8,12,Low,Saturday,True
SYN-B000256,2023-11-18,2023-12-17,2023-12-19,SYN-FAM-01,Family Room,1,2,38.75,0.0,Direct,Cancelled,29,12,Low,Sunday,False
SYN-B000257,2023-12-05,2023-12-18,2023-12-19,SYN-STA-01,Standard Double,,1,32.63,32.63,Travel agent,Completed,13,12,Low,Monday,False
SYN-B000258,2023-12-12,2023-12-18,2023-12-20,SYN-TWI-01,Twin Room,2,2,34.83,69.66,Direct,Completed,6,12,Low,Monday,False
SYN-B000259,2023-12-11,2023-12-20,2023-12-24,SYN-STA-01,Standard Double,2,4,30.87,123.48,Online travel agency,Completed,9,12,Low,Wednesday,False
SYN-B000260,2023-12-04,2023-12-20,2023-12-23,SYN-FAM-01,Family Room,1,3,37.2,0.0,Online travel agency,Cancelled,16,12,Low,Wednesday,False
SYN-B000261,2023-12-22,2023-12-24,2023-12-26,SYN-TWI-01,Twin Room,2,2,30.21,60.42,Direct,Completed,2,12,Low,Sunday,False
SYN-B000262,2023-12-19,2023-12-27,2023-12-30,SYN-SUP-01,Superior Double,1,3,37.51,112.53,Direct,Completed,8,12,Low,Wednesday,False
SYN-B000263,2023-11-22,2023-12-29,2024-01-01,SYN-TWI-01,Twin Room,2,3,36.43,109.29,Online travel agency,Completed,37,12,Low,Friday,True
SYN-B000264,2023-12-25,2023-12-31,2024-01-02,SYN-STA-01,Standard Double,2,2,30.89,61.78,Direct,Completed,6,12,Low,Sunday,False
SYN-B000265,2023-12-21,2024-01-05,2024-01-06,SYN-TWI-01,Twin Room,1,1,37.63,37.63,Direct,Completed,15,1,Low,Friday,True
SYN-B000266,2023-12-26,2024-01-06,2024-01-08,SYN-TWI-01,Twin Room,2,2,36.79,73.58,Online travel agency,Completed,11,1,Low,Saturday,True
SYN-B000267,2023-12-23,2024-01-06,2024-01-09,SYN-SUP-01,Superior Double,1,3,41.31,0.0,Online travel agency,Cancelled,14,1,Low,Saturday,True
SYN-B000268,2023-12-25,2024-01-08,2024-01-09,SYN-STA-01,Standard Double,1,1,33.89,33.89,Direct,Completed,14,1,Low,Monday,False
SYN-B000269,2024-01-12,2024-01-15,2024-01-21,SYN-STA-01,Standard Double,1,6,30.16,180.96,Online travel agency,Completed,3,1,Low,Monday,False
SYN-B000270,2024-01-07,2024-01-19,2024-01-20,SYN-FAM-01,Family Room,1,1,42.74,42.74,Direct,Completed,12,1,Low,Friday,True
SYN-B000271,2024-01-15,2024-01-26,2024-01-31,SYN-FAM-01,Family Room,3,5,42.21,211.05,Online travel agency,Completed,11,1,Low,Friday,True
SYN-B000272,2024-01-14,2024-01-28,2024-02-03,SYN-TWI-01,Twin Room,1,6,32.26,193.56,Online travel agency,Completed,14,1,Low,Sunday,False
SYN-B000273,2024-01-19,2024-01-29,2024-01-30,SYN-SUP-01,Superior Double,2,1,41.61,41.61,Direct,Completed,10,1,Low,Monday,False
SYN-B000274,2024-01-23,2024-02-01,2024-02-07,SYN-STA-01,Standard Double,1,6,30.89,185.34,Online travel agency,Completed,9,2,Low,Thursday,False
SYN-B000275,2023-12-26,2024-02-03,2024-02-04,SYN-TWI-01,Twin Room,2,1,34.92,34.92,Online travel agency,Completed,39,2,Low,Saturday,True
SYN-B000276,2024-01-09,2024-02-03,2024-02-07,SYN-SUP-01,Superior Double,1,4,44.77,179.08,Direct,Completed,25,2,Low,Saturday,True
SYN-B000277,2024-01-29,2024-02-07,2024-02-08,SYN-STA-01,Standard Double,2,1,33.64,33.64,Direct,Completed,9,2,Low,Wednesday,False
SYN-B000278,2024-01-19,2024-02-08,2024-02-10,SYN-TWI-01,Twin Room,2,2,34.58,69.16,Online travel agency,Completed,20,2,Low,Thursday,False
SYN-B000279,2024-02-02,2024-02-10,2024-02-12,SYN-FAM-01,Family Room,1,2,39.49,78.98,Direct,Completed,8,2,Low,Saturday,True
SYN-B000280,2024-02-06,2024-02-14,2024-02-16,SYN-SUP-01,Superior Double,1,2,37.42,0.0,Online travel agency,Cancelled,8,2,Low,Wednesday,False
SYN-B000281,2024-02-11,2024-02-15,2024-02-17,SYN-TWI-01,Twin Room,1,2,35.61,71.22,Direct,Completed,4,2,Low,Thursday,False
SYN-B000282,2024-01-30,2024-02-18,2024-02-20,SYN-STA-01,Standard Double,1,2,33.39,66.78,Direct,Completed,19,2,Low,Sunday,False
SYN-B000283,2024-02-13,2024-02-18,2024-02-20,SYN-SUP-01,Superior Double,1,2,39.35,78.7,Online travel agency,Completed,5,2,Low,Sunday,False
SYN-B000284,2024-01-27,2024-02-20,2024-02-23,SYN-TWI-01,Twin Room,2,3,34.19,0.0,Direct,Cancelled,24,2,Low,Tuesday,False
SYN-B000285,2024-01-21,2024-02-20,2024-02-25,SYN-FAM-01,Family Room,4,5,35.67,0.0,Online travel agency,Cancelled,30,2,Low,Tuesday,False
SYN-B000286,2024-01-22,2024-02-20,2024-02-24,SYN-SUP-01,Superior Double,1,4,39.44,157.76,Direct,Completed,29,2,Low,Tuesday,False
SYN-B000287,2024-02-15,2024-02-22,2024-02-24,SYN-STA-01,Standard Double,2,2,32.03,64.06,Online travel agency,Completed,7,2,Low,Thursday,False
SYN-B000288,2024-02-09,2024-02-23,2024-02-24,SYN-TWI-01,Twin Room,2,1,36.88,36.88,Online travel agency,Completed,14,2,Low,Friday,True
SYN-B000289,2024-02-18,2024-02-24,2024-02-25,SYN-TWI-01,Twin Room,2,1,35.86,35.86,Direct,Completed,6,2,Low,Saturday,True
SYN-B000290,2024-02-14,2024-02-28,2024-03-01,SYN-STA-01,Standard Double,2,2,34.48,0.0,Direct,Cancelled,14,2,Low,Wednesday,False
SYN-B000291,2024-02-23,2024-03-02,2024-03-05,SYN-TWI-01,Twin Room,1,3,34.78,0.0,Travel agent,Cancelled,8,3,Low,Saturday,True
SYN-B000292,2024-02-16,2024-03-02,2024-03-08,SYN-SUP-01,Superior Double,2,6,43.38,0.0,Online travel agency,Cancelled,15,3,Low,Saturday,True
SYN-B000293,2024-02-11,2024-03-03,2024-03-05,SYN-STA-01,Standard Double,2,2,33.97,67.94,Direct,Completed,21,3,Low,Sunday,False
SYN-B000294,2024-01-25,2024-03-05,2024-03-12,SYN-TWI-01,Twin Room,1,7,33.06,231.42,Online travel agency,Completed,40,3,Low,Tuesday,False
SYN-B000295,2024-02-27,2024-03-05,2024-03-07,SYN-FAM-01,Family Room,1,2,39.24,78.48,Direct,Completed,7,3,Low,Tuesday,False
SYN-B000296,2024-02-13,2024-03-08,2024-03-09,SYN-STA-01,Standard Double,1,1,37.18,37.18,Online travel agency,Completed,24,3,Low,Friday,True
SYN-B000297,2024-02-17,2024-03-08,2024-03-12,SYN-FAM-01,Family Room,2,4,41.12,164.48,Online travel agency,Completed,20,3,Low,Friday,True
SYN-B000298,2024-03-13,2024-03-15,2024-03-18,SYN-TWI-01,Twin Room,1,3,35.98,0.0,Online travel agency,Cancelled,2,3,Low,Friday,True
SYN-B000299,2024-02-26,2024-03-17,2024-03-21,SYN-STA-01,Standard Double,2,4,34.65,138.6,Online travel agency,Completed,20,3,Low,Sunday,False
SYN-B000300,2024-03-09,2024-03-20,2024-03-22,SYN-FAM-01,Family Room,3,2,39.06,78.12,Direct,Completed,11,3,Low,Wednesday,False
SYN-B000301,2024-03-17,2024-03-21,2024-03-22,SYN-STA-01,Standard Double,2,1,34.01,34.01,Direct,Completed,4,3,Low,Thursday,False
SYN-B000302,2024-03-13,2024-03-24,2024-03-28,SYN-TWI-01,Twin Room,1,4,33.78,135.12,Direct,Completed,11,3,Low,Sunday,False
SYN-B000303,2024-03-06,2024-03-30,2024-04-03,SYN-SUP-01,Superior Double,2,4,42.49,169.96,Online travel agency,Completed,24,3,Low,Saturday,True
SYN-B000304,2024-02-26,2024-04-01,2024-04-02,SYN-TWI-01,Twin Room,2,1,38.71,38.71,Online travel agency,Completed,35,4,Shoulder,Monday,False
SYN-B000305,2024-03-25,2024-04-02,2024-04-04,SYN-TWI-01,Twin Room,2,2,35.6,71.2,Direct,Completed,8,4,Shoulder,Tuesday,False
SYN-B000306,2024-03-25,2024-04-05,2024-04-08,SYN-STA-01,Standard Double,1,3,39.34,118.02,Online travel agency,Completed,11,4,Shoulder,Friday,True
SYN-B000307,2024-03-03,2024-04-06,2024-04-07,SYN-FAM-01,Family Room,2,1,44.53,44.53,Online travel agency,Completed,34,4,Shoulder,Saturday,True
SYN-B000308,2024-03-18,2024-04-07,2024-04-10,SYN-TWI-01,Twin Room,1,3,34.75,0.0,Online travel agency,Cancelled,20,4,Shoulder,Sunday,False
SYN-B000309,2024-03-14,2024-04-09,2024-04-11,SYN-STA-01,Standard Double,2,2,35.34,70.68,Direct,Completed,26,4,Shoulder,Tuesday,False
SYN-B000310,2024-03-23,2024-04-09,2024-04-11,SYN-TWI-01,Twin Room,2,2,36.37,72.74,Online travel agency,Completed,17,4,Shoulder,Tuesday,False
SYN-B000311,2024-04-03,2024-04-09,2024-04-12,SYN-SUP-01,Superior Double,2,3,44.33,132.99,Direct,Completed,6,4,Shoulder,Tuesday,False
SYN-B000312,2024-04-02,2024-04-11,2024-04-13,SYN-FAM-01,Family Room,4,2,38.81,0.0,Online travel agency,Cancelled,9,4,Shoulder,Thursday,False
SYN-B000313,2024-03-17,2024-04-13,2024-04-15,SYN-STA-01,Standard Double,2,2,37.63,75.26,Online travel agency,Completed,27,4,Shoulder,Saturday,True
SYN-B000314,2024-03-15,2024-04-13,2024-04-16,SYN-TWI-01,Twin Room,1,3,38.01,0.0,Online travel agency,Cancelled,29,4,Shoulder,Saturday,True
SYN-B000315,2024-04-09,2024-04-19,2024-04-25,SYN-STA-01,Standard Double,2,6,39.6,237.6,Travel agent,Completed,10,4,Shoulder,Friday,True
SYN-B000316,2024-03-31,2024-04-19,2024-04-20,SYN-FAM-01,Family Room,4,1,45.21,0.0,Online travel agency,Cancelled,19,4,Shoulder,Friday,True
SYN-B000317,2024-03-31,2024-04-19,2024-04-22,SYN-SUP-01,Superior Double,2,3,47.66,142.98,Online travel agency,Completed,19,4,Shoulder,Friday,True
SYN-B000318,2024-04-17,2024-04-20,2024-04-23,SYN-FAM-01,Family Room,2,3,42.74,128.22,Direct,Completed,3,4,Shoulder,Saturday,True
SYN-B000319,2024-03-29,2024-04-21,2024-04-24,SYN-TWI-01,Twin Room,1,3,38.75,116.25,Online travel agency,Completed,23,4,Shoulder,Sunday,False
SYN-B000320,2024-03-14,2024-04-24,2024-04-27,SYN-FAM-01,Family Room,3,3,40.92,122.76,Travel agent,Completed,41,4,Shoulder,Wednesday,False
SYN-B000321,2024-04-03,2024-04-25,2024-04-28,SYN-TWI-01,Twin Room,1,3,36.99,110.97,Direct,Completed,22,4,Shoulder,Thursday,False
SYN-B000322,2024-04-20,2024-04-27,2024-04-28,SYN-STA-01,Standard Double,2,1,36.34,36.34,Direct,Completed,7,4,Shoulder,Saturday,True
SYN-B000323,2024-04-14,2024-04-27,2024-05-02,SYN-FAM-01,Family Room,2,5,43.7,0.0,Online travel agency,Cancelled,13,4,Shoulder,Saturday,True
SYN-B000324,2024-04-25,2024-04-29,2024-05-02,SYN-FAM-01,Family Room,2,3,40.68,122.04,Travel agent,Completed,4,4,Shoulder,Monday,False
SYN-B000325,2024-04-19,2024-05-01,2024-05-04,SYN-SUP-01,Superior Double,2,3,45.2,135.6,Online travel agency,Completed,12,5,Shoulder,Wednesday,False
SYN-B000326,2024-04-14,2024-05-02,2024-05-04,SYN-FAM-01,Family Room,3,2,41.31,82.62,Direct,Completed,18,5,Shoulder,Thursday,False
SYN-B000327,2024-04-28,2024-05-03,2024-05-07,SYN-STA-01,Standard Double,1,4,37.83,151.32,Direct,Completed,5,5,Shoulder,Friday,True
SYN-B000328,2024-04-30,2024-05-03,2024-05-05,SYN-TWI-01,Twin Room,2,2,38.25,76.5,Online travel agency,Completed,3,5,Shoulder,Friday,True
SYN-B000329,2024-04-29,2024-05-04,2024-05-05,SYN-FAM-01,Family Room,1,1,46.46,0.0,Direct,Cancelled,5,5,Shoulder,Saturday,True
SYN-B000330,2024-04-25,2024-05-06,2024-05-10,SYN-SUP-01,Superior Double,1,4,42.96,171.84,Online travel agency,Completed,11,5,Shoulder,Monday,False
SYN-B000331,2024-04-20,2024-05-08,2024-05-09,SYN-TWI-01,Twin Room,1,1,36.85,36.85,Online travel agency,Completed,18,5,Shoulder,Wednesday,False
SYN-B000332,2024-04-24,2024-05-11,2024-05-14,SYN-FAM-01,Family Room,2,3,43.25,129.75,Direct,Completed,17,5,Shoulder,Saturday,True
SYN-B000333,2024-05-01,2024-05-12,2024-05-16,SYN-STA-01,Standard Double,2,4,35.74,142.96,Online travel agency,Completed,11,5,Shoulder,Sunday,False
SYN-B000334,2024-04-13,2024-05-12,2024-05-15,SYN-SUP-01,Superior Double,1,3,41.25,123.75,Direct,Completed,29,5,Shoulder,Sunday,False
SYN-B000335,2024-05-09,2024-05-14,2024-05-16,SYN-TWI-01,Twin Room,1,2,36.39,72.78,Online travel agency,Completed,5,5,Shoulder,Tuesday,False
SYN-B000336,2024-04-26,2024-05-15,2024-05-19,SYN-SUP-01,Superior Double,2,4,43.84,175.36,Direct,Completed,19,5,Shoulder,Wednesday,False
SYN-B000337,2024-04-26,2024-05-16,2024-05-18,SYN-STA-01,Standard Double,2,2,37.64,0.0,Online travel agency,Cancelled,20,5,Shoulder,Thursday,False
SYN-B000338,2024-04-07,2024-05-16,2024-05-17,SYN-FAM-01,Family Room,1,1,40.77,40.77,Direct,Completed,39,5,Shoulder,Thursday,False
SYN-B000339,2024-05-15,2024-05-17,2024-05-20,SYN-TWI-01,Twin Room,1,3,39.5,118.5,Direct,Completed,2,5,Shoulder,Friday,True
SYN-B000340,2024-05-07,2024-05-19,2024-05-21,SYN-STA-01,Standard Double,2,2,35.01,70.02,Direct,Completed,12,5,Shoulder,Sunday,False
SYN-B000341,2024-05-09,2024-05-19,2024-05-23,SYN-FAM-01,Family Room,2,4,39.1,156.4,Direct,Completed,10,5,Shoulder,Sunday,False
SYN-B000342,2024-05-01,2024-05-20,2024-05-21,SYN-TWI-01,Twin Room,1,1,36.93,36.93,Direct,Completed,19,5,Shoulder,Monday,False
SYN-B000343,2024-05-16,2024-05-20,2024-05-22,SYN-SUP-01,Superior Double,1,2,41.89,83.78,Direct,Completed,4,5,Shoulder,Monday,False
SYN-B000344,2024-04-14,2024-05-24,2024-05-26,SYN-TWI-01,Twin Room,2,2,39.38,78.76,Direct,Completed,40,5,Shoulder,Friday,True
SYN-B000345,2024-05-14,2024-05-24,2024-05-27,SYN-SUP-01,Superior Double,1,3,47.47,142.41,Direct,Completed,10,5,Shoulder,Friday,True
SYN-B000346,2024-05-21,2024-05-27,2024-06-02,SYN-STA-01,Standard Double,2,6,34.76,208.56,Direct,Completed,6,5,Shoulder,Monday,False
SYN-B000347,2024-04-30,2024-05-27,2024-05-30,SYN-SUP-01,Superior Double,1,3,43.61,130.83,Direct,Completed,27,5,Shoulder,Monday,False
SYN-B000348,2024-05-07,2024-05-28,2024-05-30,SYN-TWI-01,Twin Room,2,2,36.9,73.8,Online travel agency,Completed,21,5,Shoulder,Tuesday,False
SYN-B000349,2024-04-27,2024-05-30,2024-05-31,SYN-FAM-01,Family Room,1,1,39.26,39.26,Online travel agency,Completed,33,5,Shoulder,Thursday,False
SYN-B000350,2024-04-13,2024-06-01,2024-06-06,SYN-FAM-01,Family Room,1,5,55.2,276.0,Online travel agency,Completed,49,6,High,Saturday,True
SYN-B000351,2024-05-23,2024-06-01,2024-06-06,SYN-SUP-01,Superior Double,2,5,57.72,288.6,Online travel agency,Completed,9,6,High,Saturday,True
SYN-B000352,2024-04-19,2024-06-03,2024-06-06,SYN-STA-01,Standard Double,2,3,45.86,137.58,Online travel agency,Completed,45,6,High,Monday,False
SYN-B000353,2024-05-08,2024-06-04,2024-06-07,SYN-TWI-01,Twin Room,2,3,47.53,142.59,Online travel agency,Completed,27,6,High,Tuesday,False
SYN-B000354,2024-05-08,2024-06-06,2024-06-07,SYN-STA-01,Standard Double,1,1,42.11,42.11,Online travel agency,Completed,29,6,High,Thursday,False
SYN-B000355,2024-04-11,2024-06-06,2024-06-09,SYN-SUP-01,Superior Double,1,3,50.38,151.14,Online travel agency,Completed,56,6,High,Thursday,False
SYN-B000356,2024-04-29,2024-06-07,2024-06-10,SYN-STA-01,Standard Double,2,3,49.0,147.0,Online travel agency,Completed,39,6,High,Friday,True
SYN-B000357,2024-05-13,2024-06-07,2024-06-08,SYN-TWI-01,Twin Room,1,1,52.32,52.32,Online travel agency,Completed,25,6,High,Friday,True
SYN-B000358,2024-05-25,2024-06-08,2024-06-16,SYN-TWI-01,Twin Room,2,8,51.4,411.2,Online travel agency,Completed,14,6,High,Saturday,True
SYN-B000359,2024-05-28,2024-06-08,2024-06-10,SYN-FAM-01,Family Room,3,2,55.43,110.86,Direct,Completed,11,6,High,Saturday,True
SYN-B000360,2024-05-08,2024-06-09,2024-06-11,SYN-SUP-01,Superior Double,2,2,51.65,103.3,Direct,Completed,32,6,High,Sunday,False
SYN-B000361,2024-04-27,2024-06-10,2024-06-14,SYN-FAM-01,Family Room,1,4,52.22,208.88,Online travel agency,Completed,44,6,High,Monday,False
SYN-B000362,2024-05-27,2024-06-11,2024-06-13,SYN-STA-01,Standard Double,1,2,47.17,0.0,Online travel agency,Cancelled,15,6,High,Tuesday,False
SYN-B000363,2024-04-10,2024-06-12,2024-06-13,SYN-STA-01,Standard Double,2,1,43.82,43.82,Direct,Completed,63,6,High,Wednesday,False
SYN-B000364,2024-03-18,2024-06-12,2024-06-16,SYN-SUP-01,Superior Double,2,4,48.35,0.0,Online travel agency,Cancelled,86,6,High,Wednesday,False
SYN-B000365,2024-01-25,2024-06-13,2024-06-20,SYN-STA-01,Standard Double,2,7,39.54,276.78,Direct,Completed,140,6,High,Thursday,False
SYN-B000366,2024-05-07,2024-06-14,2024-06-16,SYN-FAM-01,Family Room,1,2,51.98,0.0,Online travel agency,Cancelled,38,6,High,Friday,True
SYN-B000367,2024-06-03,2024-06-14,2024-06-19,SYN-SUP-01,Superior Double,1,5,57.3,286.5,Online travel agency,Completed,11,6,High,Friday,True
SYN-B000368,2024-05-11,2024-06-17,2024-06-21,SYN-TWI-01,Twin Room,2,4,47.0,188.0,Online travel agency,Completed,37,6,High,Monday,False
SYN-B000369,2024-05-10,2024-06-17,2024-06-20,SYN-FAM-01,Family Room,3,3,49.26,147.78,Direct,Completed,38,6,High,Monday,False
SYN-B000370,2024-06-08,2024-06-20,2024-06-21,SYN-STA-01,Standard Double,2,1,44.11,44.11,Online travel agency,Completed,12,6,High,Thursday,False
SYN-B000371,2024-01-17,2024-06-20,2024-06-25,SYN-FAM-01,Family Room,2,5,45.79,0.0,Direct,Cancelled,155,6,High,Thursday,False
SYN-B000372,2024-05-26,2024-06-20,2024-06-25,SYN-SUP-01,Superior Double,2,5,55.4,277.0,Online travel agency,Completed,25,6,High,Thursday,False
SYN-B000373,2024-06-05,2024-06-21,2024-06-25,SYN-TWI-01,Twin Room,1,4,51.01,0.0,Online travel agency,Cancelled,16,6,High,Friday,True
SYN-B000374,2024-03-27,2024-06-22,2024-06-24,SYN-STA-01,Standard Double,2,2,42.68,0.0,Online travel agency,Cancelled,87,6,High,Saturday,True
SYN-B000375,2024-06-08,2024-06-22,2024-06-25,SYN-TWI-01,Twin Room,1,3,51.15,153.45,Online travel agency,Completed,14,6,High,Saturday,True
SYN-B000376,2024-05-30,2024-06-22,2024-06-25,SYN-FAM-01,Family Room,4,3,56.35,169.05,Direct,Completed,23,6,High,Saturday,True
SYN-B000377,2024-05-20,2024-06-24,2024-06-28,SYN-STA-01,Standard Double,1,4,42.58,170.32,Travel agent,Completed,35,6,High,Monday,False
SYN-B000378,2024-06-01,2024-06-25,2024-06-28,SYN-FAM-01,Family Room,2,3,48.98,146.94,Direct,Completed,24,6,High,Tuesday,False
SYN-B000379,2024-06-03,2024-06-26,2024-06-28,SYN-TWI-01,Twin Room,1,2,45.74,91.48,Direct,Completed,23,6,High,Wednesday,False
SYN-B000380,2024-06-11,2024-06-27,2024-06-30,SYN-SUP-01,Superior Double,2,3,54.54,163.62,Online travel agency,Completed,16,6,High,Thursday,False
SYN-B000381,2024-05-29,2024-06-28,2024-06-30,SYN-STA-01,Standard Double,2,2,49.92,99.84,Direct,Completed,30,6,High,Friday,True
SYN-B000382,2024-06-11,2024-06-28,2024-07-01,SYN-TWI-01,Twin Room,2,3,47.57,142.71,Direct,Completed,17,6,High,Friday,True
SYN-B000383,2024-06-24,2024-06-28,2024-06-29,SYN-FAM-01,Family Room,4,1,56.9,56.9,Direct,Completed,4,6,High,Friday,True
SYN-B000384,2024-06-02,2024-06-29,2024-06-30,SYN-FAM-01,Family Room,3,1,55.83,55.83,Direct,Completed,27,6,High,Saturday,True
SYN-B000385,2024-05-30,2024-06-30,2024-07-03,SYN-STA-01,Standard Double,2,3,43.6,0.0,Direct,Cancelled,31,6,High,Sunday,False
SYN-B000386,2024-05-16,2024-06-30,2024-07-04,SYN-SUP-01,Superior Double,2,4,52.36,0.0,Direct,Cancelled,45,6,High,Sunday,False
SYN-B000387,2024-05-25,2024-07-01,2024-07-05,SYN-FAM-01,Family Room,4,4,51.94,207.76,Online travel agency,Completed,37,7,High,Monday,False
SYN-B000388,2024-06-23,2024-07-01,2024-07-03,SYN-SUP-01,Superior Double,2,2,53.04,106.08,Direct,Completed,8,7,High,Monday,False
SYN-B000389,2024-05-26,2024-07-02,2024-07-05,SYN-STA-01,Standard Double,2,3,47.26,141.78,Direct,Completed,37,7,High,Tuesday,False
SYN-B000390,2024-06-25,2024-07-03,2024-07-05,SYN-TWI-01,Twin Room,1,2,44.46,88.92,Online travel agency,Completed,8,7,High,Wednesday,False
SYN-B000391,2024-05-25,2024-07-05,2024-07-10,SYN-STA-01,Standard Double,2,5,48.39,241.95,Direct,Completed,41,7,High,Friday,True
SYN-B000392,2024-06-22,2024-07-05,2024-07-08,SYN-SUP-01,Superior Double,2,3,54.49,163.47,Online travel agency,Completed,13,7,High,Friday,True
SYN-B000393,2024-06-17,2024-07-06,2024-07-09,SYN-TWI-01,Twin Room,1,3,51.1,153.3,Direct,Completed,19,7,High,Saturday,True
SYN-B000394,2024-04-08,2024-07-06,2024-07-09,SYN-FAM-01,Family Room,2,3,50.52,151.56,Direct,Completed,89,7,High,Saturday,True
SYN-B000395,2024-06-01,2024-07-09,2024-07-11,SYN-TWI-01,Twin Room,1,2,46.22,92.44,Online travel agency,Completed,38,7,High,Tuesday,False
SYN-B000396,2024-06-12,2024-07-09,2024-07-14,SYN-SUP-01,Superior Double,2,5,55.9,279.5,Direct,Completed,27,7,High,Tuesday,False
SYN-B000397,2024-06-20,2024-07-10,2024-07-12,SYN-STA-01,Standard Double,2,2,43.85,87.7,Travel agent,Completed,20,7,High,Wednesday,False
SYN-B000398,2024-06-01,2024-07-11,2024-07-14,SYN-TWI-01,Twin Room,1,3,44.53,133.59,Direct,Completed,40,7,High,Thursday,False
SYN-B000399,2024-05-28,2024-07-12,2024-07-13,SYN-FAM-01,Family Room,4,1,53.59,53.59,Travel agent,Completed,45,7,High,Friday,True
SYN-B000400,2024-06-26,2024-07-13,2024-07-16,SYN-STA-01,Standard Double,2,3,50.37,151.11,Online travel agency,Completed,17,7,High,Saturday,True
SYN-B000401,2024-06-28,2024-07-13,2024-07-16,SYN-FAM-01,Family Room,3,3,52.27,156.81,Direct,Completed,15,7,High,Saturday,True
SYN-B000402,2024-07-04,2024-07-16,2024-07-21,SYN-TWI-01,Twin Room,2,5,48.53,242.65,Direct,Completed,12,7,High,Tuesday,False
SYN-B000403,2024-06-10,2024-07-16,2024-07-18,SYN-FAM-01,Family Room,2,2,53.98,107.96,Online travel agency,Completed,36,7,High,Tuesday,False
SYN-B000404,2024-07-01,2024-07-17,2024-07-20,SYN-STA-01,Standard Double,2,3,45.56,136.68,Online travel agency,Completed,16,7,High,Wednesday,False
SYN-B000405,2024-04-30,2024-07-17,2024-07-20,SYN-SUP-01,Superior Double,2,3,48.62,145.86,Online travel agency,Completed,78,7,High,Wednesday,False
SYN-B000406,2024-05-26,2024-07-18,2024-07-21,SYN-FAM-01,Family Room,4,3,49.56,148.68,Direct,Completed,53,7,High,Thursday,False
SYN-B000407,2024-06-17,2024-07-20,2024-07-23,SYN-STA-01,Standard Double,1,3,49.29,147.87,Direct,Completed,33,7,High,Saturday,True
SYN-B000408,2024-06-12,2024-07-20,2024-07-22,SYN-SUP-01,Superior Double,1,2,61.27,122.54,Direct,Completed,38,7,High,Saturday,True
SYN-B000409,2024-07-18,2024-07-21,2024-07-26,SYN-FAM-01,Family Room,4,5,48.6,243.0,Online travel agency,Completed,3,7,High,Sunday,False
SYN-B000410,2024-06-14,2024-07-22,2024-07-26,SYN-TWI-01,Twin Room,2,4,45.02,180.08,Direct,Completed,38,7,High,Monday,False
SYN-B000411,2024-06-17,2024-07-23,2024-07-25,SYN-STA-01,Standard Double,1,2,42.71,85.42,Direct,Completed,36,7,High,Tuesday,False
SYN-B000412,2024-06-13,2024-07-23,2024-07-24,SYN-SUP-01,Superior Double,1,1,56.74,56.74,Online travel agency,Completed,40,7,High,Tuesday,False
SYN-B000413,2024-07-11,2024-07-24,2024-07-28,SYN-SUP-01,Superior Double,1,4,55.83,223.32,Direct,Completed,13,7,High,Wednesday,False
SYN-B000414,2024-07-07,2024-07-26,2024-08-01,SYN-STA-01,Standard Double,1,6,47.78,286.68,Direct,Completed,19,7,High,Friday,True
SYN-B000415,2024-05-30,2024-07-26,2024-07-29,SYN-TWI-01,Twin Room,2,3,47.75,143.25,Travel agent,Completed,57,7,High,Friday,True
SYN-B000416,2024-06-12,2024-07-26,2024-07-28,SYN-FAM-01,Family Room,2,2,55.82,111.64,Online travel agency,Completed,44,7,High,Friday,True
SYN-B000417,2024-03-10,2024-07-28,2024-07-31,SYN-FAM-01,Family Room,1,3,50.33,150.99,Direct,Completed,140,7,High,Sunday,False
SYN-B000418,2024-07-01,2024-07-28,2024-08-01,SYN-SUP-01,Superior Double,1,4,51.79,207.16,Online travel agency,Completed,27,7,High,Sunday,False
SYN-B000419,2024-07-14,2024-07-30,2024-07-31,SYN-TWI-01,Twin Room,2,1,47.93,47.93,Online travel agency,Completed,16,7,High,Tuesday,False
SYN-B000420,2024-07-14,2024-07-31,2024-08-05,SYN-TWI-01,Twin Room,1,5,48.28,0.0,Travel agent,Cancelled,17,7,High,Wednesday,False
SYN-B000421,2024-07-08,2024-07-31,2024-08-05,SYN-FAM-01,Family Room,1,5,52.28,261.4,Online travel agency,Completed,23,7,High,Wednesday,False
SYN-B000422,2024-07-18,2024-08-01,2024-08-02,SYN-STA-01,Standard Double,2,1,44.25,0.0,Direct,Cancelled,14,8,High,Thursday,False
SYN-B000423,2024-02-03,2024-08-01,2024-08-04,SYN-TWI-01,Twin Room,2,3,45.56,136.68,Travel agent,Completed,180,8,High,Thursday,False
SYN-B000424,2024-06-18,2024-08-01,2024-08-04,SYN-SUP-01,Superior Double,2,3,56.48,169.44,Direct,Completed,44,8,High,Thursday,False
SYN-B000425,2024-07-22,2024-08-02,2024-08-04,SYN-STA-01,Standard Double,1,2,47.83,95.66,Online travel agency,Completed,11,8,High,Friday,True
SYN-B000426,2024-05-27,2024-08-04,2024-08-09,SYN-STA-01,Standard Double,1,5,42.86,214.3,Online travel agency,Completed,69,8,High,Sunday,False
SYN-B000427,2024-05-29,2024-08-04,2024-08-07,SYN-TWI-01,Twin Room,,3,43.42,130.26,Online travel agency,Completed,67,8,High,Sunday,False
SYN-B000428,2024-07-21,2024-08-04,2024-08-08,SYN-SUP-01,Superior Double,2,4,56.18,224.72,Direct,Completed,14,8,High,Sunday,False
SYN-B000429,2024-07-15,2024-08-05,2024-08-09,SYN-FAM-01,Family Room,4,4,48.69,0.0,Direct,Cancelled,21,8,High,Monday,False
SYN-B000430,2024-07-26,2024-08-07,2024-08-10,SYN-TWI-01,Twin Room,1,3,43.9,131.7,Direct,Completed,12,8,High,Wednesday,False
SYN-B000431,2024-07-24,2024-08-08,2024-08-11,SYN-FAM-01,Family Room,3,3,51.8,155.4,Travel agent,Completed,15,8,High,Thursday,False
SYN-B000432,2024-07-29,2024-08-08,2024-08-13,SYN-SUP-01,Superior Double,1,5,53.18,265.9,Direct,Completed,10,8,High,Thursday,False
SYN-B000433,2024-07-23,2024-08-09,2024-08-12,SYN-STA-01,Standard Double,2,3,46.59,139.77,Online travel agency,Completed,17,8,High,Friday,True
SYN-B000434,2024-04-29,2024-08-10,2024-08-12,SYN-TWI-01,Twin Room,2,2,48.61,97.22,Online travel agency,Completed,103,8,High,Saturday,True
SYN-B000435,2024-07-22,2024-08-12,2024-08-16,SYN-STA-01,Standard Double,1,4,45.65,182.6,Online travel agency,Completed,21,8,High,Monday,False
SYN-B000436,2024-07-07,2024-08-12,2024-08-17,SYN-TWI-01,Twin Room,1,5,46.3,231.5,Online travel agency,Completed,36,8,High,Monday,False
SYN-B000437,2024-06-23,2024-08-13,2024-08-16,SYN-FAM-01,Family Room,1,3,49.92,149.76,Direct,Completed,51,8,High,Tuesday,False
SYN-B000438,2024-07-04,2024-08-16,2024-08-18,SYN-STA-01,Standard Double,2,2,47.28,94.56,Online travel agency,Completed,43,8,High,Friday,True
SYN-B000439,2024-07-17,2024-08-16,2024-08-20,SYN-FAM-01,Family Room,3,4,55.95,223.8,Online travel agency,Completed,30,8,High,Friday,True
SYN-B000440,2024-07-28,2024-08-16,2024-08-20,SYN-SUP-01,Superior Double,1,4,58.05,232.2,Online travel agency,Completed,19,8,High,Friday,True
SYN-B000441,2024-08-13,2024-08-20,2024-08-24,SYN-STA-01,Standard Double,2,4,43.88,175.52,Online travel agency,Completed,7,8,High,Tuesday,False
SYN-B000442,2024-08-12,2024-08-20,2024-08-22,SYN-TWI-01,Twin Room,2,2,45.19,0.0,Direct,Cancelled,8,8,High,Tuesday,False
SYN-B000443,2024-08-05,2024-08-20,2024-08-21,SYN-FAM-01,Family Room,3,1,49.88,0.0,Online travel agency,Cancelled,15,8,High,Tuesday,False
SYN-B000444,2024-08-03,2024-08-21,2024-08-24,SYN-TWI-01,Twin Room,2,3,44.86,134.58,Travel agent,Completed,18,8,High,Wednesday,False
SYN-B000445,2024-08-08,2024-08-21,2024-08-24,SYN-FAM-01,Family Room,2,3,47.98,0.0,Travel agent,Cancelled,13,8,High,Wednesday,False
SYN-B000446,2024-06-23,2024-08-22,2024-08-25,SYN-FAM-01,Family Room,4,3,46.32,138.96,Direct,Completed,60,8,High,Thursday,False
SYN-B000447,2024-07-15,2024-08-24,2024-08-25,SYN-STA-01,Standard Double,2,1,49.36,49.36,Online travel agency,Completed,40,8,High,Saturday,True
SYN-B000448,2024-08-10,2024-08-24,2024-08-27,SYN-TWI-01,Twin Room,1,3,49.49,148.47,Direct,Completed,14,8,High,Saturday,True
SYN-B000449,2024-06-09,2024-08-24,2024-08-31,SYN-SUP-01,Superior Double,1,7,51.27,358.89,Direct,Completed,76,8,High,Saturday,True
SYN-B000450,2024-07-26,2024-08-25,2024-08-28,SYN-FAM-01,Family Room,1,3,52.61,157.83,Direct,Completed,30,8,High,Sunday,False
SYN-B000451,2024-07-24,2024-08-26,2024-08-28,SYN-STA-01,Standard Double,2,2,43.18,86.36,Direct,Completed,33,8,High,Monday,False
SYN-B000452,2024-05-06,2024-08-27,2024-08-31,SYN-TWI-01,Twin Room,2,4,43.4,173.6,Online travel agency,Completed,113,8,High,Tuesday,False
SYN-B000453,2024-08-15,2024-08-28,2024-08-30,SYN-STA-01,Standard Double,1,2,42.72,85.44,Direct,Completed,13,8,High,Wednesday,False
SYN-B000454,2024-08-01,2024-08-28,2024-08-31,SYN-FAM-01,Family Room,4,3,50.71,152.13,Direct,Completed,27,8,High,Wednesday,False
SYN-B000455,2024-08-25,2024-08-30,2024-09-03,SYN-STA-01,Standard Double,1,4,48.67,0.0,Online travel agency,Cancelled,5,8,High,Friday,True
SYN-B000456,2024-07-25,2024-08-31,2024-09-06,SYN-STA-01,Standard Double,1,6,47.41,284.46,Online travel agency,Completed,37,8,High,Saturday,True
SYN-B000457,2024-07-29,2024-08-31,2024-09-06,SYN-FAM-01,Family Room,4,6,54.75,328.5,Online travel agency,Completed,33,8,High,Saturday,True
SYN-B000458,2024-08-23,2024-08-31,2024-09-03,SYN-SUP-01,Superior Double,,3,55.17,165.51,Online travel agency,Completed,8,8,High,Saturday,True
SYN-B000459,2024-08-18,2024-09-03,2024-09-07,SYN-SUP-01,Superior Double,1,4,53.16,0.0,Online travel agency,Cancelled,16,9,High,Tuesday,False
SYN-B000460,2024-08-27,2024-09-05,2024-09-07,SYN-TWI-01,Twin Room,1,2,43.45,86.9,Online travel agency,Completed,9,9,High,Thursday,False
SYN-B000461,2024-08-21,2024-09-05,2024-09-09,SYN-SUP-01,Superior Double,1,4,55.7,222.8,Travel agent,Completed,15,9,High,Thursday,False
SYN-B000462,2024-06-27,2024-09-07,2024-09-09,SYN-STA-01,Standard Double,2,2,42.61,0.0,Direct,Cancelled,72,9,High,Saturday,True
SYN-B000463,2024-08-31,2024-09-07,2024-09-10,SYN-TWI-01,Twin Room,2,3,49.07,147.21,Travel agent,Completed,7,9,High,Saturday,True
SYN-B000464,2024-08-27,2024-09-08,2024-09-11,SYN-STA-01,Standard Double,2,3,42.2,126.6,Online travel agency,Completed,12,9,High,Sunday,False
SYN-B000465,2024-08-24,2024-09-08,2024-09-09,SYN-FAM-01,Family Room,2,1,51.17,51.17,Direct,Completed,15,9,High,Sunday,False
SYN-B000466,2024-08-28,2024-09-09,2024-09-10,SYN-FAM-01,Family Room,3,1,48.08,48.08,Direct,Completed,12,9,High,Monday,False
SYN-B000467,2024-08-03,2024-09-11,2024-09-17,SYN-TWI-01,Twin Room,1,6,44.08,264.48,Direct,Completed,39,9,High,Wednesday,False
SYN-B000468,2024-08-19,2024-09-11,2024-09-12,SYN-FAM-01,Family Room,2,1,48.39,0.0,Travel agent,Cancelled,23,9,High,Wednesday,False
SYN-B000469,2024-08-01,2024-09-12,2024-09-17,SYN-STA-01,Standard Double,1,5,42.5,212.5,Direct,Completed,42,9,High,Thursday,False
SYN-B000470,2024-07-09,2024-09-12,2024-09-14,SYN-FAM-01,Family Room,3,2,46.17,0.0,Direct,Cancelled,65,9,High,Thursday,False
SYN-B000471,2024-07-21,2024-09-12,2024-09-18,SYN-SUP-01,Superior Double,1,6,53.97,323.82,Direct,Completed,53,9,High,Thursday,False
SYN-B000472,2024-09-04,2024-09-13,2024-09-15,SYN-FAM-01,Family Room,1,2,53.11,106.22,Online travel agency,Completed,9,9,High,Friday,True
SYN-B000473,2024-08-16,2024-09-15,2024-09-18,SYN-FAM-01,Family Room,4,3,53.3,159.9,Online travel agency,Completed,30,9,High,Sunday,False
SYN-B000474,2024-08-25,2024-09-18,2024-09-21,SYN-STA-01,Standard Double,2,3,43.7,0.0,Direct,Cancelled,24,9,High,Wednesday,False
SYN-B000475,2024-09-04,2024-09-20,2024-09-24,SYN-STA-01,Standard Double,1,4,51.01,204.04,Travel agent,Completed,16,9,High,Friday,True
SYN-B000476,2024-09-04,2024-09-20,2024-09-23,SYN-TWI-01,Twin Room,1,3,49.26,147.78,Online travel agency,Completed,16,9,High,Friday,True
SYN-B000477,2024-06-28,2024-09-22,2024-09-24,SYN-SUP-01,Superior Double,1,2,49.34,98.68,Online travel agency,Completed,86,9,High,Sunday,False
SYN-B000478,2024-08-09,2024-09-24,2024-09-26,SYN-STA-01,Standard Double,1,2,45.37,90.74,Direct,Completed,46,9,High,Tuesday,False
SYN-B000479,2024-08-18,2024-09-24,2024-09-26,SYN-TWI-01,Twin Room,2,2,43.62,87.24,Direct,Completed,37,9,High,Tuesday,False
SYN-B000480,2024-09-05,2024-09-24,2024-09-26,SYN-SUP-01,Superior Double,2,2,52.55,105.1,Travel agent,Completed,19,9,High,Tuesday,False
SYN-B000481,2024-08-19,2024-09-26,2024-09-28,SYN-TWI-01,Twin Room,1,2,47.71,95.42,Online travel agency,Completed,38,9,High,Thursday,False
SYN-B000482,2024-07-14,2024-09-26,2024-09-27,SYN-FAM-01,Family Room,2,1,45.46,45.46,Online travel agency,Completed,74,9,High,Thursday,False
SYN-B000483,2024-05-04,2024-09-27,2024-10-05,SYN-SUP-01,Superior Double,2,8,51.61,412.88,Online travel agency,Completed,146,9,High,Friday,True
SYN-B000484,2024-07-26,2024-09-30,2024-10-03,SYN-STA-01,Standard Double,1,3,40.72,122.16,Online travel agency,Completed,66,9,High,Monday,False
SYN-B000485,2024-09-22,2024-09-30,2024-10-05,SYN-FAM-01,Family Room,2,5,49.11,0.0,Online travel agency,Cancelled,8,9,High,Monday,False
SYN-B000486,2024-09-19,2024-10-05,2024-10-07,SYN-STA-01,Standard Double,1,2,39.62,79.24,Direct,Completed,16,10,Shoulder,Saturday,True
SYN-B000487,2024-09-17,2024-10-05,2024-10-07,SYN-FAM-01,Family Room,3,2,42.42,84.84,Online travel agency,Completed,18,10,Shoulder,Saturday,True
SYN-B000488,2024-06-25,2024-10-06,2024-10-08,SYN-TWI-01,Twin Room,2,2,35.7,71.4,Direct,Completed,103,10,Shoulder,Sunday,False
SYN-B000489,2024-08-04,2024-10-06,2024-10-13,SYN-SUP-01,Superior Double,1,7,41.39,289.73,Online travel agency,Completed,63,10,Shoulder,Sunday,False
SYN-B000490,2024-09-23,2024-10-07,2024-10-09,SYN-FAM-01,Family Room,1,2,41.97,83.94,Online travel agency,Completed,14,10,Shoulder,Monday,False
SYN-B000491,2024-09-18,2024-10-10,2024-10-13,SYN-TWI-01,Twin Room,1,3,37.36,0.0,Online travel agency,Cancelled,22,10,Shoulder,Thursday,False
SYN-B000492,2024-09-12,2024-10-10,2024-10-12,SYN-FAM-01,Family Room,1,2,42.32,0.0,Online travel agency,Cancelled,28,10,Shoulder,Thursday,False
SYN-B000493,2024-09-28,2024-10-11,2024-10-13,SYN-TWI-01,Twin Room,2,2,38.27,76.54,Direct,Completed,13,10,Shoulder,Friday,True
SYN-B000494,2024-09-09,2024-10-11,2024-10-13,SYN-FAM-01,Family Room,3,2,41.42,0.0,Travel agent,Cancelled,32,10,Shoulder,Friday,True
SYN-B000495,2024-09-25,2024-10-13,2024-10-16,SYN-SUP-01,Superior Double,1,3,44.69,134.07,Direct,Completed,18,10,Shoulder,Sunday,False
SYN-B000496,2024-09-29,2024-10-14,2024-10-16,SYN-FAM-01,Family Room,2,2,42.64,85.28,Direct,Completed,15,10,Shoulder,Monday,False
SYN-B000497,2024-10-07,2024-10-15,2024-10-18,SYN-TWI-01,Twin Room,1,3,35.96,107.88,Online travel agency,Completed,8,10,Shoulder,Tuesday,False
SYN-B000498,2024-10-04,2024-10-16,2024-10-17,SYN-FAM-01,Family Room,1,1,39.57,39.57,Online travel agency,Completed,12,10,Shoulder,Wednesday,False
SYN-B000499,2024-09-25,2024-10-18,2024-10-19,SYN-STA-01,Standard Double,2,1,40.14,40.14,Online travel agency,Completed,23,10,Shoulder,Friday,True
SYN-B000500,2024-10-13,2024-10-19,2024-10-22,SYN-STA-01,Standard Double,2,3,39.02,117.06,Online travel agency,Completed,6,10,Shoulder,Saturday,True
SYN-B000501,2024-10-09,2024-10-21,2024-10-23,SYN-FAM-01,Family Room,2,2,39.98,79.96,Online travel agency,Completed,12,10,Shoulder,Monday,False
SYN-B000502,2024-10-02,2024-10-21,2024-10-24,SYN-SUP-01,Superior Double,2,3,43.67,131.01,Travel agent,Completed,19,10,Shoulder,Monday,False
SYN-B000503,2024-10-09,2024-10-22,2024-10-23,SYN-STA-01,Standard Double,1,1,35.71,0.0,Direct,Cancelled,13,10,Shoulder,Tuesday,False
SYN-B000504,2024-10-11,2024-10-23,2024-10-29,SYN-STA-01,Standard Double,2,6,37.63,225.78,Online travel agency,Completed,12,10,Shoulder,Wednesday,False
SYN-B000505,2024-09-27,2024-10-25,2024-10-29,SYN-SUP-01,Superior Double,1,4,43.86,175.44,Online travel agency,Completed,28,10,Shoulder,Friday,True
SYN-B000506,2024-09-27,2024-10-27,2024-10-30,SYN-FAM-01,Family Room,4,3,41.54,124.62,Online travel agency,Completed,30,10,Shoulder,Sunday,False
SYN-B000507,2024-10-23,2024-10-29,2024-11-02,SYN-STA-01,Standard Double,2,4,36.19,144.76,Direct,Completed,6,10,Shoulder,Tuesday,False
SYN-B000508,2024-10-22,2024-10-30,2024-11-01,SYN-FAM-01,Family Room,1,2,38.91,0.0,Direct,Cancelled,8,10,Shoulder,Wednesday,False
SYN-B000509,2024-10-11,2024-10-31,2024-11-03,SYN-SUP-01,Superior Double,2,3,41.44,124.32,Direct,Completed,20,10,Shoulder,Thursday,False
SYN-B000510,2024-10-17,2024-11-01,2024-11-03,SYN-TWI-01,Twin Room,2,2,35.87,71.74,Online travel agency,Completed,15,11,Low,Friday,True
SYN-B000511,2024-10-27,2024-11-04,2024-11-06,SYN-STA-01,Standard Double,1,2,34.39,68.78,Online travel agency,Completed,8,11,Low,Monday,False
SYN-B000512,2024-10-31,2024-11-08,2024-11-09,SYN-FAM-01,Family Room,3,1,40.76,40.76,Online travel agency,Completed,8,11,Low,Friday,True
SYN-B000513,2024-07-22,2024-11-08,2024-11-12,SYN-SUP-01,Superior Double,1,4,37.87,151.48,Travel agent,Completed,109,11,Low,Friday,True
SYN-B000514,2024-10-27,2024-11-09,2024-11-10,SYN-STA-01,Standard Double,2,1,37.19,37.19,Online travel agency,Completed,13,11,Low,Saturday,True
SYN-B000515,2024-10-07,2024-11-09,2024-11-14,SYN-FAM-01,Family Room,1,5,42.96,214.8,Direct,Completed,33,11,Low,Saturday,True
SYN-B000516,2024-10-14,2024-11-10,2024-11-12,SYN-STA-01,Standard Double,1,2,34.35,68.7,Online travel agency,Completed,27,11,Low,Sunday,False
SYN-B000517,2024-11-08,2024-11-16,2024-11-17,SYN-SUP-01,Superior Double,2,1,40.2,40.2,Travel agent,Completed,8,11,Low,Saturday,True
SYN-B000518,2024-10-29,2024-11-18,2024-11-19,SYN-SUP-01,Superior Double,1,1,39.27,39.27,Online travel agency,Completed,20,11,Low,Monday,False
SYN-B000519,2024-09-22,2024-11-21,2024-11-25,SYN-FAM-01,Family Room,3,4,36.83,147.32,Travel agent,Completed,60,11,Low,Thursday,False
SYN-B000520,2024-11-19,2024-11-28,2024-12-01,SYN-TWI-01,Twin Room,1,3,34.97,104.91,Online travel agency,Completed,9,11,Low,Thursday,False
SYN-B000521,2024-11-23,2024-11-30,2024-12-02,SYN-SUP-01,Superior Double,1,2,44.06,88.12,Direct,Completed,7,11,Low,Saturday,True
SYN-B000522,2024-11-17,2024-12-02,2024-12-06,SYN-TWI-01,Twin Room,2,4,34.06,136.24,Direct,Completed,15,12,Low,Monday,False
SYN-B000523,2024-11-19,2024-12-03,2024-12-07,SYN-SUP-01,Superior Double,2,4,39.8,159.2,Direct,Completed,14,12,Low,Tuesday,False
SYN-B000524,2024-11-30,2024-12-05,2024-12-09,SYN-FAM-01,Family Room,3,4,36.16,0.0,Online travel agency,Cancelled,5,12,Low,Thursday,False
SYN-B000525,2024-11-11,2024-12-06,2024-12-07,SYN-FAM-01,Family Room,1,1,38.96,38.96,Online travel agency,Completed,25,12,Low,Friday,True
SYN-B000526,2024-11-19,2024-12-08,2024-12-10,SYN-FAM-01,Family Room,3,2,37.93,75.86,Direct,Completed,19,12,Low,Sunday,False
SYN-B000527,2024-08-29,2024-12-09,2024-12-11,SYN-TWI-01,Twin Room,2,2,33.03,0.0,Online travel agency,Cancelled,102,12,Low,Monday,False
SYN-B000528,2024-11-25,2024-12-12,2024-12-14,SYN-STA-01,Standard Double,,2,33.94,67.88,Online travel agency,Completed,17,12,Low,Thursday,False
SYN-B000529,2024-12-05,2024-12-13,2024-12-16,SYN-TWI-01,Twin Room,1,3,38.14,114.42,Online travel agency,Completed,8,12,Low,Friday,True
SYN-B000530,2024-12-11,2024-12-17,2024-12-19,SYN-FAM-01,Family Room,1,2,36.85,73.7,Direct,Completed,6,12,Low,Tuesday,False
SYN-B000531,2024-11-29,2024-12-18,2024-12-21,SYN-TWI-01,Twin Room,1,3,31.81,95.43,Online travel agency,Completed,19,12,Low,Wednesday,False
SYN-B000532,2024-12-07,2024-12-21,2024-12-25,SYN-FAM-01,Family Room,1,4,41.35,165.4,Direct,Completed,14,12,Low,Saturday,True
SYN-B000533,2024-11-29,2024-12-23,2024-12-26,SYN-SUP-01,Superior Double,2,3,41.34,124.02,Online travel agency,Completed,24,12,Low,Monday,False
SYN-B000534,2024-12-17,2024-12-26,2024-12-28,SYN-TWI-01,Twin Room,2,2,35.22,70.44,Online travel agency,Completed,9,12,Low,Thursday,False
SYN-B000535,2024-11-21,2024-12-27,2024-12-29,SYN-SUP-01,Superior Double,2,2,43.81,87.62,Direct,Completed,36,12,Low,Friday,True
SYN-B000536,2024-10-17,2024-12-28,2025-01-01,SYN-FAM-01,Family Room,4,4,37.51,150.04,Travel agent,Completed,72,12,Low,Saturday,True
SYN-B000537,2024-11-21,2024-12-29,2024-12-30,SYN-TWI-01,Twin Room,2,1,32.91,32.91,Online travel agency,Completed,38,12,Low,Sunday,False
SYN-B000538,2024-12-14,2024-12-30,2025-01-03,SYN-TWI-01,Twin Room,1,4,33.79,135.16,Direct,Completed,16,12,Low,Monday,False
SYN-B000539,2024-12-19,2025-01-01,2025-01-02,SYN-FAM-01,Family Room,3,1,40.05,40.05,Online travel agency,Completed,13,1,Low,Wednesday,False
SYN-B000540,2024-12-18,2025-01-04,2025-01-06,SYN-STA-01,Standard Double,2,2,36.27,72.54,Direct,Completed,17,1,Low,Saturday,True
SYN-B000541,2024-12-17,2025-01-04,2025-01-06,SYN-SUP-01,Superior Double,2,2,41.3,0.0,Online travel agency,Cancelled,18,1,Low,Saturday,True
SYN-B000542,2024-07-10,2025-01-06,2025-01-07,SYN-TWI-01,Twin Room,2,1,31.89,31.89,Online travel agency,Completed,180,1,Low,Monday,False
SYN-B000543,2024-11-21,2025-01-10,2025-01-12,SYN-STA-01,Standard Double,2,2,35.68,71.36,Direct,Completed,50,1,Low,Friday,True
SYN-B000544,2025-01-01,2025-01-10,2025-01-11,SYN-FAM-01,Family Room,1,1,39.18,39.18,Online travel agency,Completed,9,1,Low,Friday,True
SYN-B000545,2024-12-19,2025-01-11,2025-01-13,SYN-FAM-01,Family Room,2,2,40.16,80.32,Online travel agency,Completed,23,1,Low,Saturday,True
SYN-B000546,2025-01-02,2025-01-17,2025-01-19,SYN-STA-01,Standard Double,1,2,36.44,72.88,Travel agent,Completed,15,1,Low,Friday,True
SYN-B000547,2024-12-26,2025-01-22,2025-01-26,SYN-STA-01,Standard Double,2,4,33.98,135.92,Online travel agency,Completed,27,1,Low,Wednesday,False
SYN-B000548,2025-01-18,2025-01-23,2025-01-26,SYN-FAM-01,Family Room,3,3,38.26,114.78,Travel agent,Completed,5,1,Low,Thursday,False
SYN-B000549,2025-01-15,2025-01-24,2025-01-27,SYN-SUP-01,Superior Double,1,3,44.7,0.0,Online travel agency,Cancelled,9,1,Low,Friday,True
SYN-B000550,2025-01-14,2025-01-31,2025-02-04,SYN-STA-01,Standard Double,1,4,37.43,0.0,Direct,Cancelled,17,1,Low,Friday,True
SYN-B000551,2025-01-23,2025-01-31,2025-02-05,SYN-FAM-01,Family Room,3,5,43.38,216.9,Direct,Completed,8,1,Low,Friday,True
SYN-B000552,2025-01-21,2025-02-01,2025-02-03,SYN-STA-01,Standard Double,2,2,37.05,0.0,Direct,Cancelled,11,2,Low,Saturday,True
SYN-B000553,2025-01-23,2025-02-02,2025-02-04,SYN-STA-01,Standard Double,2,2,33.86,67.72,Online travel agency,Completed,10,2,Low,Sunday,False
SYN-B000554,2025-01-11,2025-02-02,2025-02-04,SYN-TWI-01,Twin Room,1,2,35.56,0.0,Online travel agency,Cancelled,22,2,Low,Sunday,False
SYN-B000555,2025-01-21,2025-02-03,2025-02-08,SYN-SUP-01,Superior Double,2,5,42.15,210.75,Online travel agency,Completed,13,2,Low,Monday,False
SYN-B000556,2025-01-26,2025-02-07,2025-02-09,SYN-TWI-01,Twin Room,2,2,38.14,76.28,Online travel agency,Completed,12,2,Low,Friday,True
SYN-B000557,2024-12-16,2025-02-08,2025-02-11,SYN-SUP-01,Superior Double,1,3,42.0,126.0,Online travel agency,Completed,54,2,Low,Saturday,True
SYN-B000558,2025-02-04,2025-02-09,2025-02-11,SYN-TWI-01,Twin Room,1,2,33.41,66.82,Online travel agency,Completed,5,2,Low,Sunday,False
SYN-B000559,2025-01-24,2025-02-20,2025-02-23,SYN-FAM-01,Family Room,4,3,37.31,111.93,Direct,Completed,27,2,Low,Thursday,False
SYN-B000560,2025-01-23,2025-02-22,2025-02-25,SYN-STA-01,Standard Double,1,3,36.71,110.13,Direct,Completed,30,2,Low,Saturday,True
SYN-B000561,2025-02-17,2025-02-22,2025-02-26,SYN-SUP-01,Superior Double,1,4,41.88,0.0,Online travel agency,Cancelled,5,2,Low,Saturday,True
SYN-B000562,2025-02-08,2025-02-25,2025-03-01,SYN-TWI-01,Twin Room,1,4,36.01,144.04,Online travel agency,Completed,17,2,Low,Tuesday,False
SYN-B000563,2025-02-22,2025-02-27,2025-02-28,SYN-STA-01,Standard Double,2,1,32.03,32.03,Direct,Completed,5,2,Low,Thursday,False
SYN-B000564,2025-02-01,2025-02-27,2025-03-03,SYN-SUP-01,Superior Double,1,4,40.16,160.64,Online travel agency,Completed,26,2,Low,Thursday,False
SYN-B000565,2025-02-22,2025-03-01,2025-03-05,SYN-FAM-01,Family Room,2,4,40.21,160.84,Direct,Completed,7,3,Low,Saturday,True
SYN-B000566,2025-02-17,2025-03-07,2025-03-08,SYN-SUP-01,Superior Double,2,1,42.61,42.61,Direct,Completed,18,3,Low,Friday,True
SYN-B000567,2025-02-05,2025-03-10,2025-03-13,SYN-STA-01,Standard Double,2,3,31.53,94.59,Direct,Completed,33,3,Low,Monday,False
SYN-B000568,2025-03-06,2025-03-12,2025-03-14,SYN-SUP-01,Superior Double,1,2,38.49,76.98,Online travel agency,Completed,6,3,Low,Wednesday,False
SYN-B000569,2025-01-09,2025-03-15,2025-03-17,SYN-SUP-01,Superior Double,1,2,38.76,77.52,Direct,Completed,65,3,Low,Saturday,True
SYN-B000570,2024-12-25,2025-03-16,2025-03-18,SYN-FAM-01,Family Room,2,2,37.02,74.04,Online travel agency,Completed,81,3,Low,Sunday,False
SYN-B000571,2024-12-30,2025-03-18,2025-03-21,SYN-SUP-01,Superior Double,2,3,35.86,107.58,Direct,Completed,78,3,Low,Tuesday,False
SYN-B000572,2025-03-06,2025-03-21,2025-03-25,SYN-TWI-01,Twin Room,1,4,38.09,152.36,Online travel agency,Completed,15,3,Low,Friday,True
SYN-B000573,2025-02-06,2025-03-26,2025-03-30,SYN-STA-01,Standard Double,2,4,35.5,142.0,Online travel agency,Completed,48,3,Low,Wednesday,False
SYN-B000574,2025-02-04,2025-03-26,2025-03-28,SYN-SUP-01,Superior Double,1,2,41.31,82.62,Direct,Completed,50,3,Low,Wednesday,False
SYN-B000575,2025-03-03,2025-03-27,2025-03-29,SYN-TWI-01,Twin Room,1,2,33.44,66.88,Direct,Completed,24,3,Low,Thursday,False
SYN-B000576,2025-03-09,2025-03-28,2025-03-31,SYN-SUP-01,Superior Double,2,3,40.81,122.43,Online travel agency,Completed,19,3,Low,Friday,True
SYN-B000577,2025-02-25,2025-03-29,2025-04-02,SYN-FAM-01,Family Room,3,4,43.22,0.0,Online travel agency,Cancelled,32,3,Low,Saturday,True
SYN-B000578,2025-03-24,2025-03-31,2025-04-02,SYN-SUP-01,Superior Double,2,2,38.12,0.0,Online travel agency,Cancelled,7,3,Low,Monday,False
SYN-B000579,2025-02-01,2025-04-01,2025-04-04,SYN-STA-01,Standard Double,2,3,36.49,109.47,Online travel agency,Completed,59,4,Shoulder,Tuesday,False
SYN-B000580,2025-03-13,2025-04-03,2025-04-06,SYN-TWI-01,Twin Room,1,3,38.99,116.97,Online travel agency,Completed,21,4,Shoulder,Thursday,False
SYN-B000581,2025-03-28,2025-04-05,2025-04-08,SYN-STA-01,Standard Double,1,3,39.75,119.25,Online travel agency,Completed,8,4,Shoulder,Saturday,True
SYN-B000582,2025-03-09,2025-04-05,2025-04-09,SYN-FAM-01,Family Room,4,4,47.04,0.0,Online travel agency,Cancelled,27,4,Shoulder,Saturday,True
SYN-B000583,2025-02-14,2025-04-07,2025-04-10,SYN-TWI-01,Twin Room,2,3,37.25,111.75,Travel agent,Completed,52,4,Shoulder,Monday,False
SYN-B000584,2025-03-13,2025-04-07,2025-04-10,SYN-FAM-01,Family Room,2,3,42.25,126.75,Online travel agency,Completed,25,4,Shoulder,Monday,False
SYN-B000585,2025-04-01,2025-04-11,2025-04-13,SYN-STA-01,Standard Double,2,2,39.68,79.36,Direct,Completed,10,4,Shoulder,Friday,True
SYN-B000586,2025-04-07,2025-04-12,2025-04-14,SYN-TWI-01,Twin Room,2,2,40.91,81.82,Online travel agency,Completed,5,4,Shoulder,Saturday,True
SYN-B000587,2025-03-20,2025-04-12,2025-04-13,SYN-SUP-01,Superior Double,2,1,47.32,47.32,Direct,Completed,23,4,Shoulder,Saturday,True
SYN-B000588,2025-03-15,2025-04-13,2025-04-16,SYN-FAM-01,Family Room,2,3,43.52,130.56,Direct,Completed,29,4,Shoulder,Sunday,False
SYN-B000589,2025-04-01,2025-04-14,2025-04-18,SYN-TWI-01,Twin Room,1,4,38.88,155.52,Online travel agency,Completed,13,4,Shoulder,Monday,False
SYN-B000590,2025-04-10,2025-04-19,2025-04-22,SYN-STA-01,Standard Double,1,3,38.72,116.16,Online travel agency,Completed,9,4,Shoulder,Saturday,True
SYN-B000591,2025-04-10,2025-04-21,2025-04-23,SYN-TWI-01,Twin Room,1,2,36.9,73.8,Online travel agency,Completed,11,4,Shoulder,Monday,False
SYN-B000592,2025-04-14,2025-04-23,2025-04-25,SYN-STA-01,Standard Double,2,2,36.99,73.98,Online travel agency,Completed,9,4,Shoulder,Wednesday,False
SYN-B000593,2025-03-26,2025-04-23,2025-04-24,SYN-TWI-01,Twin Room,1,1,37.39,37.39,Online travel agency,Completed,28,4,Shoulder,Wednesday,False
SYN-B000594,2025-04-23,2025-04-24,2025-04-28,SYN-TWI-01,Twin Room,1,4,36.99,147.96,Direct,Completed,1,4,Shoulder,Thursday,False
SYN-B000595,2025-04-11,2025-04-24,2025-04-25,SYN-FAM-01,Family Room,3,1,42.61,42.61,Travel agent,Completed,13,4,Shoulder,Thursday,False
SYN-B000596,2025-04-02,2025-04-25,2025-04-27,SYN-SUP-01,Superior Double,2,2,46.44,92.88,Travel agent,Completed,23,4,Shoulder,Friday,True
SYN-B000597,2025-04-21,2025-04-27,2025-04-29,SYN-STA-01,Standard Double,2,2,35.17,70.34,Direct,Completed,6,4,Shoulder,Sunday,False
SYN-B000598,2025-04-21,2025-04-27,2025-04-29,SYN-FAM-01,Family Room,4,2,42.34,0.0,Online travel agency,Cancelled,6,4,Shoulder,Sunday,False
SYN-B000599,2025-04-18,2025-04-29,2025-05-01,SYN-TWI-01,Twin Room,2,2,35.48,0.0,Online travel agency,Cancelled,11,4,Shoulder,Tuesday,False
SYN-B000600,2025-04-30,2025-05-02,2025-05-04,SYN-STA-01,Standard Double,2,2,39.79,0.0,Travel agent,Cancelled,2,5,Shoulder,Friday,True
SYN-B000601,2025-04-29,2025-05-03,2025-05-09,SYN-TWI-01,Twin Room,1,6,41.6,249.6,Online travel agency,Completed,4,5,Shoulder,Saturday,True
SYN-B000602,2025-04-08,2025-05-03,2025-05-05,SYN-SUP-01,Superior Double,2,2,46.72,93.44,Online travel agency,Completed,25,5,Shoulder,Saturday,True
SYN-B000603,2025-04-30,2025-05-05,2025-05-08,SYN-STA-01,Standard Double,1,3,36.72,110.16,Direct,Completed,5,5,Shoulder,Monday,False
SYN-B000604,2025-05-03,2025-05-07,2025-05-09,SYN-FAM-01,Family Room,3,2,41.01,82.02,Online travel agency,Completed,4,5,Shoulder,Wednesday,False
SYN-B000605,2025-05-04,2025-05-10,2025-05-14,SYN-STA-01,Standard Double,1,4,38.64,154.56,Direct,Completed,6,5,Shoulder,Saturday,True
SYN-B000606,2025-03-02,2025-05-10,2025-05-13,SYN-SUP-01,Superior Double,1,3,43.61,130.83,Online travel agency,Completed,69,5,Shoulder,Saturday,True
SYN-B000607,2025-04-17,2025-05-11,2025-05-14,SYN-TWI-01,Twin Room,2,3,38.36,115.08,Direct,Completed,24,5,Shoulder,Sunday,False
SYN-B000608,2025-05-05,2025-05-14,2025-05-15,SYN-FAM-01,Family Room,4,1,43.63,43.63,Direct,Completed,9,5,Shoulder,Wednesday,False
SYN-B000609,2025-04-29,2025-05-18,2025-05-19,SYN-TWI-01,Twin Room,1,1,35.22,35.22,Direct,Completed,19,5,Shoulder,Sunday,False
SYN-B000610,2025-04-24,2025-05-18,2025-05-21,SYN-FAM-01,Family Room,3,3,44.0,132.0,Online travel agency,Completed,24,5,Shoulder,Sunday,False
SYN-B000611,2025-05-14,2025-05-19,2025-05-22,SYN-TWI-01,Twin Room,1,3,36.22,0.0,Online travel agency,Cancelled,5,5,Shoulder,Monday,False
SYN-B000612,2025-05-05,2025-05-19,2025-05-20,SYN-SUP-01,Superior Double,1,1,45.71,45.71,Direct,Completed,14,5,Shoulder,Monday,False
SYN-B000613,2025-04-25,2025-05-20,2025-05-21,SYN-SUP-01,Superior Double,1,1,43.06,43.06,Travel agent,Completed,25,5,Shoulder,Tuesday,False
SYN-B000614,2025-05-11,2025-05-21,2025-05-24,SYN-TWI-01,Twin Room,1,3,39.04,117.12,Direct,Completed,10,5,Shoulder,Wednesday,False
SYN-B000615,2025-05-05,2025-05-21,2025-05-24,SYN-FAM-01,Family Room,1,3,40.98,0.0,Direct,Cancelled,16,5,Shoulder,Wednesday,False
SYN-B000616,2025-05-18,2025-05-23,2025-05-25,SYN-FAM-01,Family Room,4,2,47.59,95.18,Online travel agency,Completed,5,5,Shoulder,Friday,True
SYN-B000617,2025-05-08,2025-05-23,2025-05-28,SYN-SUP-01,Superior Double,1,5,45.88,229.4,Online travel agency,Completed,15,5,Shoulder,Friday,True
SYN-B000618,2025-05-14,2025-05-24,2025-05-28,SYN-STA-01,Standard Double,1,4,38.54,154.16,Direct,Completed,10,5,Shoulder,Saturday,True
SYN-B000619,2025-04-20,2025-05-24,2025-05-25,SYN-TWI-01,Twin Room,2,1,38.31,38.31,Direct,Completed,34,5,Shoulder,Saturday,True
SYN-B000620,2025-05-09,2025-05-25,2025-05-28,SYN-TWI-01,Twin Room,1,3,38.24,114.72,Travel agent,Completed,16,5,Shoulder,Sunday,False
SYN-B000621,2025-04-20,2025-05-28,2025-05-31,SYN-FAM-01,Family Room,4,3,44.08,132.24,Online travel agency,Completed,38,5,Shoulder,Wednesday,False
SYN-B000622,2025-05-22,2025-05-30,2025-06-01,SYN-TWI-01,Twin Room,1,2,41.46,82.92,Direct,Completed,8,5,Shoulder,Friday,True
SYN-B000623,2025-05-25,2025-05-30,2025-06-03,SYN-SUP-01,Superior Double,1,4,48.67,194.68,Online travel agency,Completed,5,5,Shoulder,Friday,True
SYN-B000624,2025-05-22,2025-06-01,2025-06-07,SYN-FAM-01,Family Room,3,6,53.86,323.16,Online travel agency,Completed,10,6,High,Sunday,False
SYN-B000625,2025-05-11,2025-06-02,2025-06-05,SYN-TWI-01,Twin Room,1,3,48.12,144.36,Online travel agency,Completed,22,6,High,Monday,False
SYN-B000626,2025-04-23,2025-06-03,2025-06-04,SYN-STA-01,Standard Double,2,1,44.55,44.55,Travel agent,Completed,41,6,High,Tuesday,False
SYN-B000627,2025-05-13,2025-06-03,2025-06-07,SYN-SUP-01,Superior Double,2,4,52.39,209.56,Direct,Completed,21,6,High,Tuesday,False
SYN-B000628,2025-04-23,2025-06-04,2025-06-07,SYN-STA-01,Standard Double,2,3,47.6,142.8,Travel agent,Completed,42,6,High,Wednesday,False
SYN-B000629,2025-03-06,2025-06-07,2025-06-09,SYN-STA-01,Standard Double,1,2,46.43,92.86,Online travel agency,Completed,93,6,High,Saturday,True
SYN-B000630,2025-05-24,2025-06-07,2025-06-13,SYN-TWI-01,Twin Room,1,6,49.18,295.08,Online travel agency,Completed,14,6,High,Saturday,True
SYN-B000631,2025-05-18,2025-06-07,2025-06-09,SYN-FAM-01,Family Room,3,2,53.5,107.0,Direct,Completed,20,6,High,Saturday,True
SYN-B000632,2025-01-21,2025-06-07,2025-06-10,SYN-SUP-01,Superior Double,1,3,56.13,168.39,Direct,Completed,137,6,High,Saturday,True
SYN-B000633,2025-03-01,2025-06-09,2025-06-14,SYN-FAM-01,Family Room,1,5,51.74,258.7,Online travel agency,Completed,100,6,High,Monday,False
SYN-B000634,2025-04-26,2025-06-10,2025-06-16,SYN-STA-01,Standard Double,2,6,47.73,286.38,Direct,Completed,45,6,High,Tuesday,False
SYN-B000635,2025-05-26,2025-06-11,2025-06-15,SYN-SUP-01,Superior Double,1,4,55.44,221.76,Direct,Completed,16,6,High,Wednesday,False
SYN-B000636,2025-03-29,2025-06-13,2025-06-16,SYN-TWI-01,Twin Room,2,3,46.9,140.7,Online travel agency,Completed,76,6,High,Friday,True
SYN-B000637,2025-05-21,2025-06-14,2025-06-18,SYN-FAM-01,Family Room,,4,58.95,235.8,Direct,Completed,24,6,High,Saturday,True
SYN-B000638,2025-05-13,2025-06-15,2025-06-18,SYN-SUP-01,Superior Double,2,3,55.56,0.0,Online travel agency,Cancelled,33,6,High,Sunday,False
SYN-B000639,2025-05-27,2025-06-16,2025-06-22,SYN-SUP-01,Superior Double,2,6,56.48,0.0,Online travel agency,Cancelled,20,6,High,Monday,False
SYN-B000640,2024-12-19,2025-06-17,2025-06-20,SYN-STA-01,Standard Double,1,3,44.67,134.01,Direct,Completed,180,6,High,Tuesday,False
SYN-B000641,2025-04-20,2025-06-17,2025-06-19,SYN-SUP-01,Superior Double,2,2,56.11,112.22,Direct,Completed,58,6,High,Tuesday,False
SYN-B000642,2025-05-18,2025-06-18,2025-06-21,SYN-FAM-01,Family Room,2,3,51.31,153.93,Direct,Completed,31,6,High,Wednesday,False
SYN-B000643,2025-05-14,2025-06-20,2025-06-23,SYN-STA-01,Standard Double,2,3,48.04,0.0,Online travel agency,Cancelled,37,6,High,Friday,True
SYN-B000644,2025-05-30,2025-06-20,2025-06-23,SYN-TWI-01,Twin Room,2,3,51.0,153.0,Direct,Completed,21,6,High,Friday,True
SYN-B000645,2025-05-27,2025-06-20,2025-06-23,SYN-SUP-01,Superior Double,2,3,60.88,182.64,Online travel agency,Completed,24,6,High,Friday,True
SYN-B000646,2025-06-03,2025-06-21,2025-06-23,SYN-FAM-01,Family Room,4,2,54.8,109.6,Travel agent,Completed,18,6,High,Saturday,True
SYN-B000647,2025-04-29,2025-06-23,2025-06-25,SYN-FAM-01,Family Room,3,2,51.1,102.2,Direct,Completed,55,6,High,Monday,False
SYN-B000648,2025-05-26,2025-06-24,2025-06-27,SYN-STA-01,Standard Double,1,3,44.19,132.57,Direct,Completed,29,6,High,Tuesday,False
SYN-B000649,2025-06-10,2025-06-24,2025-06-29,SYN-TWI-01,Twin Room,1,5,47.01,235.05,Travel agent,Completed,14,6,High,Tuesday,False
SYN-B000650,2025-06-14,2025-06-24,2025-06-27,SYN-SUP-01,Superior Double,1,3,52.71,158.13,Online travel agency,Completed,10,6,High,Tuesday,False
SYN-B000651,2025-05-29,2025-06-27,2025-07-01,SYN-STA-01,Standard Double,2,4,46.81,0.0,Online travel agency,Cancelled,29,6,High,Friday,True
SYN-B000652,2025-06-18,2025-06-27,2025-06-30,SYN-FAM-01,Family Room,1,3,59.05,177.15,Direct,Completed,9,6,High,Friday,True
SYN-B000653,2025-06-07,2025-06-29,2025-06-30,SYN-STA-01,Standard Double,1,1,43.99,43.99,Direct,Completed,22,6,High,Sunday,False
SYN-B000654,2025-05-22,2025-06-30,2025-07-01,SYN-TWI-01,Twin Room,2,1,46.65,46.65,Online travel agency,Completed,39,6,High,Monday,False
SYN-B000655,2025-05-17,2025-06-30,2025-07-02,SYN-FAM-01,Family Room,3,2,52.24,104.48,Online travel agency,Completed,44,6,High,Monday,False
SYN-B000656,2025-06-12,2025-07-01,2025-07-05,SYN-STA-01,Standard Double,2,4,43.93,0.0,Travel agent,Cancelled,19,7,High,Tuesday,False
SYN-B000657,2025-03-06,2025-07-01,2025-07-05,SYN-TWI-01,Twin Room,1,4,44.1,176.4,Online travel agency,Completed,117,7,High,Tuesday,False
SYN-B000658,2025-06-14,2025-07-01,2025-07-07,SYN-SUP-01,Superior Double,1,6,51.45,308.7,Online travel agency,Completed,17,7,High,Tuesday,False
SYN-B000659,2025-06-26,2025-07-02,2025-07-03,SYN-STA-01,Standard Double,1,1,43.36,43.36,Travel agent,Completed,6,7,High,Wednesday,False
SYN-B000660,2025-06-05,2025-07-03,2025-07-06,SYN-STA-01,Standard Double,2,3,45.19,0.0,Online travel agency,Cancelled,28,7,High,Thursday,False
SYN-B000661,2025-06-14,2025-07-03,2025-07-10,SYN-FAM-01,Family Room,1,7,52.08,364.56,Online travel agency,Completed,19,7,High,Thursday,False
SYN-B000662,2025-04-14,2025-07-05,2025-07-06,SYN-STA-01,Standard Double,2,1,44.35,44.35,Direct,Completed,82,7,High,Saturday,True
SYN-B000663,2025-05-22,2025-07-05,2025-07-09,SYN-TWI-01,Twin Room,2,4,49.88,199.52,Direct,Completed,44,7,High,Saturday,True
SYN-B000664,2025-06-03,2025-07-06,2025-07-10,SYN-STA-01,Standard Double,1,4,46.31,185.24,Travel agent,Completed,33,7,High,Sunday,False
SYN-B000665,2025-04-23,2025-07-08,2025-07-11,SYN-SUP-01,Superior Double,2,3,52.38,157.14,Direct,Completed,76,7,High,Tuesday,False
SYN-B000666,2025-06-25,2025-07-09,2025-07-13,SYN-TWI-01,Twin Room,1,4,45.64,182.56,Online travel agency,Completed,14,7,High,Wednesday,False
SYN-B000667,2025-06-10,2025-07-10,2025-07-14,SYN-STA-01,Standard Double,1,4,46.32,185.28,Travel agent,Completed,30,7,High,Thursday,False
SYN-B000668,2025-06-30,2025-07-10,2025-07-12,SYN-FAM-01,Family Room,4,2,48.99,0.0,Travel agent,Cancelled,10,7,High,Thursday,False
SYN-B000669,2025-05-14,2025-07-11,2025-07-14,SYN-FAM-01,Family Room,3,3,53.77,161.31,Online travel agency,Completed,58,7,High,Friday,True
SYN-B000670,2025-06-07,2025-07-11,2025-07-17,SYN-SUP-01,Superior Double,2,6,58.29,349.74,Direct,Completed,34,7,High,Friday,True
SYN-B000671,2025-05-30,2025-07-13,2025-07-21,SYN-TWI-01,Twin Room,1,8,48.16,385.28,Online travel agency,Completed,44,7,High,Sunday,False
SYN-B000672,2025-04-15,2025-07-14,2025-07-18,SYN-STA-01,Standard Double,2,4,44.01,176.04,Online travel agency,Completed,90,7,High,Monday,False
SYN-B000673,2025-05-03,2025-07-14,2025-07-16,SYN-FAM-01,Family Room,2,2,46.23,92.46,Travel agent,Completed,72,7,High,Monday,False
SYN-B000674,2025-06-18,2025-07-16,2025-07-20,SYN-FAM-01,Family Room,4,4,52.45,209.8,Online travel agency,Completed,28,7,High,Wednesday,False
SYN-B000675,2025-06-10,2025-07-17,2025-07-18,SYN-SUP-01,Superior Double,1,1,55.87,55.87,Direct,Completed,37,7,High,Thursday,False
SYN-B000676,2025-07-11,2025-07-18,2025-07-22,SYN-STA-01,Standard Double,1,4,47.46,0.0,Online travel agency,Cancelled,7,7,High,Friday,True
SYN-B000677,2025-07-16,2025-07-20,2025-07-26,SYN-STA-01,Standard Double,2,6,46.22,277.32,Online travel agency,Completed,4,7,High,Sunday,False
SYN-B000678,2025-07-11,2025-07-20,2025-07-25,SYN-SUP-01,Superior Double,2,5,57.86,289.3,Travel agent,Completed,9,7,High,Sunday,False
SYN-B000679,2025-07-03,2025-07-21,2025-07-23,SYN-FAM-01,Family Room,2,2,51.21,102.42,Online travel agency,Completed,18,7,High,Monday,False
SYN-B000680,2025-07-16,2025-07-22,2025-07-25,SYN-TWI-01,Twin Room,1,3,48.65,145.95,Online travel agency,Completed,6,7,High,Tuesday,False
SYN-B000681,2025-05-23,2025-07-23,2025-07-26,SYN-FAM-01,Family Room,1,3,48.94,146.82,Online travel agency,Completed,61,7,High,Wednesday,False
SYN-B000682,2025-04-23,2025-07-25,2025-07-30,SYN-TWI-01,Twin Room,1,5,47.74,0.0,Direct,Cancelled,93,7,High,Friday,True
SYN-B000683,2025-06-16,2025-07-26,2025-07-29,SYN-TWI-01,Twin Room,1,3,48.23,144.69,Online travel agency,Completed,40,7,High,Saturday,True
SYN-B000684,2025-07-17,2025-07-26,2025-07-29,SYN-FAM-01,Family Room,2,3,55.46,166.38,Direct,Completed,9,7,High,Saturday,True
SYN-B000685,2025-06-26,2025-07-27,2025-07-29,SYN-STA-01,Standard Double,1,2,47.74,95.48,Online travel agency,Completed,31,7,High,Sunday,False
SYN-B000686,2025-07-13,2025-07-27,2025-07-31,SYN-SUP-01,Superior Double,2,4,56.88,227.52,Direct,Completed,14,7,High,Sunday,False
SYN-B000687,2025-07-26,2025-07-29,2025-08-01,SYN-STA-01,Standard Double,2,3,47.91,143.73,Online travel agency,Completed,3,7,High,Tuesday,False
SYN-B000688,2025-05-07,2025-07-29,2025-07-31,SYN-TWI-01,Twin Room,1,2,45.0,90.0,Direct,Completed,83,7,High,Tuesday,False
SYN-B000689,2025-07-10,2025-07-29,2025-07-31,SYN-FAM-01,Family Room,2,2,50.13,100.26,Online travel agency,Completed,19,7,High,Tuesday,False
SYN-B000690,2025-07-21,2025-07-31,2025-08-04,SYN-TWI-01,Twin Room,2,4,47.88,191.52,Direct,Completed,10,7,High,Thursday,False
SYN-B000691,2025-06-10,2025-07-31,2025-08-04,SYN-SUP-01,Superior Double,2,4,52.92,211.68,Online travel agency,Completed,51,7,High,Thursday,False
SYN-B000692,2025-07-14,2025-08-01,2025-08-03,SYN-STA-01,Standard Double,2,2,47.51,95.02,Direct,Completed,18,8,High,Friday,True
SYN-B000693,2025-07-08,2025-08-01,2025-08-05,SYN-FAM-01,Family Room,4,4,54.48,217.92,Online travel agency,Completed,24,8,High,Friday,True
SYN-B000694,2025-06-03,2025-08-03,2025-08-09,SYN-STA-01,Standard Double,2,6,41.27,247.62,Direct,Completed,61,8,High,Sunday,False
SYN-B000695,2025-05-21,2025-08-04,2025-08-09,SYN-SUP-01,Superior Double,1,5,49.85,249.25,Online travel agency,Completed,75,8,High,Monday,False
SYN-B000696,2025-07-18,2025-08-05,2025-08-08,SYN-FAM-01,Family Room,3,3,52.04,156.12,Direct,Completed,18,8,High,Tuesday,False
SYN-B000697,2025-07-19,2025-08-06,2025-08-10,SYN-TWI-01,Twin Room,1,4,48.44,193.76,Online travel agency,Completed,18,8,High,Wednesday,False
SYN-B000698,2025-07-10,2025-08-08,2025-08-12,SYN-FAM-01,Family Room,1,4,55.92,223.68,Online travel agency,Completed,29,8,High,Friday,True
SYN-B000699,2025-07-18,2025-08-09,2025-08-12,SYN-STA-01,Standard Double,1,3,46.68,140.04,Direct,Completed,22,8,High,Saturday,True
SYN-B000700,2025-07-29,2025-08-09,2025-08-15,SYN-SUP-01,Superior Double,2,6,57.98,0.0,Online travel agency,Cancelled,11,8,High,Saturday,True
SYN-B000701,2025-07-18,2025-08-10,2025-08-14,SYN-TWI-01,Twin Room,2,4,46.15,184.6,Direct,Completed,23,8,High,Sunday,False
SYN-B000702,2025-05-11,2025-08-11,2025-08-15,SYN-SUP-01,Superior Double,2,4,49.4,197.6,Online travel agency,Completed,92,8,High,Monday,False
SYN-B000703,2025-06-30,2025-08-13,2025-08-16,SYN-STA-01,Standard Double,2,3,48.12,144.36,Online travel agency,Completed,44,8,High,Wednesday,False
SYN-B000704,2025-05-10,2025-08-13,2025-08-19,SYN-FAM-01,Family Room,4,6,48.53,291.18,Direct,Completed,95,8,High,Wednesday,False
SYN-B000705,2025-07-05,2025-08-14,2025-08-18,SYN-TWI-01,Twin Room,2,4,45.2,180.8,Online travel agency,Completed,40,8,High,Thursday,False
SYN-B000706,2025-05-27,2025-08-15,2025-08-18,SYN-SUP-01,Superior Double,1,3,53.77,161.31,Online travel agency,Completed,80,8,High,Friday,True
SYN-B000707,2025-07-31,2025-08-17,2025-08-23,SYN-STA-01,Standard Double,1,6,44.17,265.02,Online travel agency,Completed,17,8,High,Sunday,False
SYN-B000708,2025-06-13,2025-08-18,2025-08-22,SYN-SUP-01,Superior Double,1,4,48.78,195.12,Online travel agency,Completed,66,8,High,Monday,False
SYN-B000709,2025-07-26,2025-08-19,2025-08-22,SYN-TWI-01,Twin Room,2,3,48.7,146.1,Online travel agency,Completed,24,8,High,Tuesday,False
SYN-B000710,2025-06-09,2025-08-20,2025-08-26,SYN-FAM-01,Family Room,4,6,50.98,305.88,Travel agent,Completed,72,8,High,Wednesday,False
SYN-B000711,2025-07-09,2025-08-22,2025-08-25,SYN-TWI-01,Twin Room,1,3,50.42,151.26,Direct,Completed,44,8,High,Friday,True
SYN-B000712,2025-07-13,2025-08-23,2025-08-26,SYN-STA-01,Standard Double,1,3,51.0,153.0,Online travel agency,Completed,41,8,High,Saturday,True
SYN-B000713,2025-06-24,2025-08-26,2025-08-27,SYN-TWI-01,Twin Room,2,1,43.1,43.1,Online travel agency,Completed,63,8,High,Tuesday,False
SYN-B000714,2025-03-24,2025-08-26,2025-08-30,SYN-FAM-01,Family Room,3,4,51.59,206.36,Direct,Completed,155,8,High,Tuesday,False
SYN-B000715,2025-08-23,2025-08-27,2025-08-30,SYN-TWI-01,Twin Room,1,3,44.46,133.38,Direct,Completed,4,8,High,Wednesday,False
SYN-B000716,2025-03-25,2025-08-27,2025-09-01,SYN-SUP-01,Superior Double,2,5,52.51,262.55,Travel agent,Completed,155,8,High,Wednesday,False
SYN-B000717,2025-08-18,2025-08-28,2025-09-04,SYN-STA-01,Standard Double,1,7,44.04,308.28,Online travel agency,Completed,10,8,High,Thursday,False
SYN-B000718,2025-08-03,2025-08-31,2025-09-02,SYN-TWI-01,Twin Room,2,2,46.99,93.98,Travel agent,Completed,28,8,High,Sunday,False
SYN-B000719,2025-05-27,2025-08-31,2025-09-04,SYN-FAM-01,Family Room,3,4,47.18,188.72,Travel agent,Completed,96,8,High,Sunday,False
SYN-B000720,2025-08-13,2025-09-01,2025-09-03,SYN-SUP-01,Superior Double,2,2,54.36,108.72,Travel agent,Completed,19,9,High,Monday,False
SYN-B000721,2025-08-10,2025-09-02,2025-09-04,SYN-TWI-01,Twin Room,1,2,48.82,0.0,Travel agent,Cancelled,23,9,High,Tuesday,False
SYN-B000722,2025-08-12,2025-09-04,2025-09-08,SYN-TWI-01,Twin Room,1,4,47.37,189.48,Direct,Completed,23,9,High,Thursday,False
SYN-B000723,2025-06-27,2025-09-04,2025-09-08,SYN-SUP-01,Superior Double,1,4,50.69,202.76,Online travel agency,Completed,69,9,High,Thursday,False
SYN-B000724,2025-08-18,2025-09-05,2025-09-08,SYN-STA-01,Standard Double,2,3,50.31,150.93,Direct,Completed,18,9,High,Friday,True
SYN-B000725,2025-07-17,2025-09-06,2025-09-12,SYN-FAM-01,Family Room,1,6,54.97,329.82,Direct,Completed,51,9,High,Saturday,True
SYN-B000726,2025-05-25,2025-09-08,2025-09-11,SYN-STA-01,Standard Double,1,3,44.45,133.35,Direct,Completed,106,9,High,Monday,False
SYN-B000727,2025-08-28,2025-09-08,2025-09-15,SYN-TWI-01,Twin Room,2,7,46.19,323.33,Direct,Completed,11,9,High,Monday,False
SYN-B000728,2025-08-16,2025-09-08,2025-09-11,SYN-SUP-01,Superior Double,2,3,53.9,161.7,Travel agent,Completed,23,9,High,Monday,False
SYN-B000729,2025-08-17,2025-09-12,2025-09-17,SYN-SUP-01,Superior Double,2,5,55.67,278.35,Online travel agency,Completed,26,9,High,Friday,True
SYN-B000730,2025-08-04,2025-09-13,2025-09-19,SYN-FAM-01,Family Room,2,6,57.0,342.0,Travel agent,Completed,40,9,High,Saturday,True
SYN-B000731,2025-09-08,2025-09-14,2025-09-17,SYN-STA-01,Standard Double,2,3,44.41,133.23,Direct,Completed,6,9,High,Sunday,False
SYN-B000732,2025-07-06,2025-09-15,2025-09-21,SYN-TWI-01,Twin Room,1,6,45.85,0.0,Direct,Cancelled,71,9,High,Monday,False
SYN-B000733,2025-08-17,2025-09-17,2025-09-21,SYN-SUP-01,Superior Double,1,4,57.54,0.0,Online travel agency,Cancelled,31,9,High,Wednesday,False
SYN-B000734,2025-08-30,2025-09-18,2025-09-23,SYN-STA-01,Standard Double,2,5,44.81,224.05,Online travel agency,Completed,19,9,High,Thursday,False
SYN-B000735,2025-08-11,2025-09-18,2025-09-23,SYN-TWI-01,Twin Room,2,5,44.29,221.45,Direct,Completed,38,9,High,Thursday,False
SYN-B000736,2025-09-05,2025-09-18,2025-09-23,SYN-SUP-01,Superior Double,1,5,56.75,283.75,Direct,Completed,13,9,High,Thursday,False
SYN-B000737,2025-04-19,2025-09-23,2025-09-27,SYN-STA-01,Standard Double,2,4,42.11,168.44,Online travel agency,Completed,157,9,High,Tuesday,False
SYN-B000738,2025-07-20,2025-09-23,2025-09-27,SYN-SUP-01,Superior Double,1,4,53.88,215.52,Direct,Completed,65,9,High,Tuesday,False
SYN-B000739,2025-08-25,2025-09-24,2025-09-28,SYN-TWI-01,Twin Room,1,4,47.78,191.12,Online travel agency,Completed,30,9,High,Wednesday,False
SYN-B000740,2025-07-03,2025-09-24,2025-09-28,SYN-FAM-01,Family Room,2,4,50.0,0.0,Online travel agency,Cancelled,83,9,High,Wednesday,False
SYN-B000741,2025-09-12,2025-09-26,2025-09-30,SYN-FAM-01,Family Room,1,4,58.98,235.92,Direct,Completed,14,9,High,Friday,True
SYN-B000742,2025-07-30,2025-09-27,2025-09-29,SYN-STA-01,Standard Double,2,2,51.3,102.6,Direct,Completed,59,9,High,Saturday,True
SYN-B000743,2025-09-03,2025-09-27,2025-10-02,SYN-SUP-01,Superior Double,1,5,56.94,284.7,Direct,Completed,24,9,High,Saturday,True
SYN-B000744,2025-07-25,2025-09-29,2025-10-02,SYN-STA-01,Standard Double,2,3,44.47,133.41,Online travel agency,Completed,66,9,High,Monday,False
SYN-B000745,2025-08-14,2025-09-30,2025-10-01,SYN-FAM-01,Family Room,3,1,53.92,53.92,Travel agent,Completed,47,9,High,Tuesday,False
SYN-B000746,2025-09-20,2025-10-02,2025-10-04,SYN-TWI-01,Twin Room,1,2,36.87,73.74,Travel agent,Completed,12,10,Shoulder,Thursday,False
SYN-B000747,2025-09-23,2025-10-03,2025-10-06,SYN-STA-01,Standard Double,1,3,38.87,116.61,Online travel agency,Completed,10,10,Shoulder,Friday,True
SYN-B000748,2025-09-22,2025-10-05,2025-10-07,SYN-SUP-01,Superior Double,2,2,43.31,86.62,Travel agent,Completed,13,10,Shoulder,Sunday,False
SYN-B000749,2025-09-22,2025-10-07,2025-10-12,SYN-FAM-01,Family Room,3,5,43.27,216.35,Direct,Completed,15,10,Shoulder,Tuesday,False
SYN-B000750,2025-09-25,2025-10-08,2025-10-13,SYN-STA-01,Standard Double,2,5,37.83,189.15,Direct,Completed,13,10,Shoulder,Wednesday,False
SYN-B000751,2025-10-02,2025-10-09,2025-10-12,SYN-SUP-01,Superior Double,2,3,45.2,135.6,Direct,Completed,7,10,Shoulder,Thursday,False
SYN-B000752,2025-09-29,2025-10-12,2025-10-13,SYN-TWI-01,Twin Room,1,1,38.72,38.72,Online travel agency,Completed,13,10,Shoulder,Sunday,False
SYN-B000753,2025-09-23,2025-10-13,2025-10-16,SYN-TWI-01,Twin Room,2,3,37.14,0.0,Online travel agency,Cancelled,20,10,Shoulder,Monday,False
SYN-B000754,2025-09-26,2025-10-13,2025-10-16,SYN-FAM-01,Family Room,3,3,39.5,118.5,Travel agent,Completed,17,10,Shoulder,Monday,False
SYN-B000755,2025-09-24,2025-10-18,2025-10-20,SYN-FAM-01,Family Room,1,2,46.6,93.2,Online travel agency,Completed,24,10,Shoulder,Saturday,True
SYN-B000756,2025-09-19,2025-10-18,2025-10-24,SYN-SUP-01,Superior Double,1,6,49.62,297.72,Online travel agency,Completed,29,10,Shoulder,Saturday,True
SYN-B000757,2025-10-08,2025-10-20,2025-10-23,SYN-FAM-01,Family Room,2,3,42.09,0.0,Online travel agency,Cancelled,12,10,Shoulder,Monday,False
SYN-B000758,2025-10-22,2025-10-24,2025-10-26,SYN-SUP-01,Superior Double,2,2,46.7,93.4,Direct,Completed,2,10,Shoulder,Friday,True
SYN-B000759,2025-10-13,2025-10-25,2025-10-30,SYN-STA-01,Standard Double,1,5,41.35,206.75,Direct,Completed,12,10,Shoulder,Saturday,True
SYN-B000760,2025-09-01,2025-10-25,2025-10-26,SYN-TWI-01,Twin Room,2,1,38.9,38.9,Direct,Completed,54,10,Shoulder,Saturday,True
SYN-B000761,2025-10-11,2025-10-25,2025-10-28,SYN-FAM-01,Family Room,3,3,46.24,138.72,Online travel agency,Completed,14,10,Shoulder,Saturday,True
SYN-B000762,2025-10-26,2025-10-28,2025-10-31,SYN-FAM-01,Family Room,3,3,40.34,121.02,Direct,Completed,2,10,Shoulder,Tuesday,False
SYN-B000763,2025-10-19,2025-11-01,2025-11-03,SYN-FAM-01,Family Room,2,2,41.5,83.0,Online travel agency,Completed,13,11,Low,Saturday,True
SYN-B000764,2025-10-23,2025-11-03,2025-11-06,SYN-SUP-01,Superior Double,1,3,39.83,119.49,Online travel agency,Completed,11,11,Low,Monday,False
SYN-B000765,2025-10-25,2025-11-04,2025-11-07,SYN-FAM-01,Family Room,4,3,37.17,111.51,Direct,Completed,10,11,Low,Tuesday,False
SYN-B000766,2025-10-24,2025-11-06,2025-11-07,SYN-TWI-01,Twin Room,1,1,33.11,33.11,Online travel agency,Completed,13,11,Low,Thursday,False
SYN-B000767,2025-10-01,2025-11-08,2025-11-11,SYN-TWI-01,Twin Room,2,3,34.99,104.97,Online travel agency,Completed,38,11,Low,Saturday,True
SYN-B000768,2025-10-22,2025-11-08,2025-11-10,SYN-FAM-01,Family Room,3,2,40.27,0.0,Online travel agency,Cancelled,17,11,Low,Saturday,True
SYN-B000769,2025-10-27,2025-11-09,2025-11-11,SYN-STA-01,Standard Double,1,2,33.33,66.66,Online travel agency,Completed,13,11,Low,Sunday,False
SYN-B000770,2025-11-01,2025-11-13,2025-11-17,SYN-FAM-01,Family Room,3,4,40.5,162.0,Direct,Completed,12,11,Low,Thursday,False
SYN-B000771,2025-11-10,2025-11-14,2025-11-20,SYN-STA-01,Standard Double,2,6,35.07,210.42,Online travel agency,Completed,4,11,Low,Friday,True
SYN-B000772,2025-11-02,2025-11-15,2025-11-18,SYN-TWI-01,Twin Room,1,3,37.15,111.45,Direct,Completed,13,11,Low,Saturday,True
SYN-B000773,2025-10-21,2025-11-15,2025-11-17,SYN-SUP-01,Superior Double,2,2,41.89,83.78,Direct,Completed,25,11,Low,Saturday,True
SYN-B000774,2025-11-14,2025-11-18,2025-11-19,SYN-FAM-01,Family Room,2,1,39.59,0.0,Online travel agency,Cancelled,4,11,Low,Tuesday,False
SYN-B000775,2025-11-14,2025-11-19,2025-11-20,SYN-TWI-01,Twin Room,1,1,32.54,32.54,Direct,Completed,5,11,Low,Wednesday,False
SYN-B000776,2025-11-10,2025-11-21,2025-11-23,SYN-TWI-01,Twin Room,2,2,38.38,76.76,Direct,Completed,11,11,Low,Friday,True
SYN-B000777,2025-09-09,2025-11-23,2025-11-25,SYN-STA-01,Standard Double,2,2,32.21,64.42,Online travel agency,Completed,75,11,Low,Sunday,False
SYN-B000778,2025-11-13,2025-11-26,2025-11-28,SYN-SUP-01,Superior Double,2,2,42.52,85.04,Direct,Completed,13,11,Low,Wednesday,False
SYN-B000779,2025-11-20,2025-11-27,2025-11-28,SYN-TWI-01,Twin Room,1,1,35.17,35.17,Online travel agency,Completed,7,11,Low,Thursday,False
SYN-B000780,2025-10-04,2025-11-29,2025-12-02,SYN-STA-01,Standard Double,1,3,35.42,106.26,Online travel agency,Completed,56,11,Low,Saturday,True
SYN-B000781,2025-11-22,2025-12-03,2025-12-05,SYN-STA-01,Standard Double,2,2,35.13,70.26,Direct,Completed,11,12,Low,Wednesday,False
SYN-B000782,2025-12-03,2025-12-08,2025-12-10,SYN-FAM-01,Family Room,4,2,38.95,77.9,Direct,Completed,5,12,Low,Monday,False
SYN-B000783,2025-11-19,2025-12-12,2025-12-13,SYN-FAM-01,Family Room,1,1,43.23,0.0,Online travel agency,Cancelled,23,12,Low,Friday,True
SYN-B000784,2025-11-26,2025-12-14,2025-12-16,SYN-TWI-01,Twin Room,2,2,34.65,69.3,Direct,Completed,18,12,Low,Sunday,False
SYN-B000785,2025-12-04,2025-12-14,2025-12-16,SYN-SUP-01,Superior Double,1,2,38.6,77.2,Online travel agency,Completed,10,12,Low,Sunday,False
SYN-B000786,2025-12-05,2025-12-16,2025-12-18,SYN-TWI-01,Twin Room,1,2,32.53,65.06,Online travel agency,Completed,11,12,Low,Tuesday,False
SYN-B000787,2025-11-25,2025-12-18,2025-12-20,SYN-STA-01,Standard Double,1,2,35.1,70.2,Direct,Completed,23,12,Low,Thursday,False
SYN-B000788,2025-12-14,2025-12-23,2025-12-25,SYN-TWI-01,Twin Room,2,2,33.95,67.9,Online travel agency,Completed,9,12,Low,Tuesday,False
SYN-B000789,2025-11-24,2025-12-25,2025-12-28,SYN-SUP-01,Superior Double,1,3,41.56,124.68,Direct,Completed,31,12,Low,Thursday,False
SYN-B000790,2025-12-05,2025-12-26,2025-12-29,SYN-STA-01,Standard Double,2,3,38.21,114.63,Online travel agency,Completed,21,12,Low,Friday,True
SYN-B000791,2025-12-14,2025-12-28,2025-12-30,SYN-TWI-01,Twin Room,1,2,33.9,67.8,Online travel agency,Completed,14,12,Low,Sunday,False
SYN-B000792,2025-12-09,2025-12-30,2026-01-01,SYN-FAM-01,Family Room,1,2,38.85,77.7,Travel agent,Completed,21,12,Low,Tuesday,False
