booking_id,booking_date,check_in,check_out,room_id,room_type,guests,nights,room_rate,revenue,booking_channel,booking_status,lead_time
SYN-B000001,2022-12-25,2023-01-01,2023-01-05,SYN-STA-05,Standard,1.0,4,63.32,253.28,Direct,Completed,7
SYN-B000002,2022-11-23,2023-01-01,2023-01-05,SYN-STA-09,Standard,2.0,4,59.97,239.88,Online travel agency,Completed,39
SYN-B000003,2022-12-11,2023-01-01,2023-01-02,SYN-DEL-01,Deluxe,2.0,1,89.39,89.39,Online travel agency,Completed,21
SYN-B000004,2022-12-07,2023-01-01,2023-01-03,SYN-DEL-04,Deluxe,1.0,2,93.49,186.98,Online travel agency,Completed,25
SYN-B000005,2022-12-25,2023-01-02,2023-01-07,SYN-STA-06,Standard,2.0,5,63.51,317.55,Direct,Completed,8
SYN-B000006,2022-12-21,2023-01-02,2023-01-04,SYN-DEL-05,Deluxe,1.0,2,86.46,172.92,Online travel agency,Completed,12
SYN-B000007,2022-12-29,2023-01-03,2023-01-04,SYN-STA-10,Standard,2.0,1,62.26,0.0,Online travel agency,Cancelled,5
SYN-B000008,2022-12-28,2023-01-03,2023-01-04,SYN-FAM-03,Family,1.0,1,116.97,116.97,Travel agent,Completed,6
SYN-B000009,2022-12-14,2023-01-04,2023-01-07,SYN-STA-08,Standard,1.0,3,64.91,0.0,Online travel agency,Cancelled,21
SYN-B000010,2022-11-21,2023-01-04,2023-01-06,SYN-DEL-05,Deluxe,2.0,2,86.95,-1.0,Direct,Completed,44
SYN-B000011,2022-10-24,2023-01-05,2023-01-09,SYN-STA-04,Standard,2.0,4,59.02,236.08,Online travel agency,Completed,73
SYN-B000012,2022-12-30,2023-01-05,2023-01-08,SYN-STA-10,Standard,1.0,3,60.62,181.86,Direct,Completed,6
SYN-B000013,2022-12-28,2023-01-05,2023-01-08,SYN-DEL-04,Deluxe,2.0,3,94.68,284.04,Direct,Completed,8
SYN-B000014,2023-01-01,2023-01-06,2023-01-07,SYN-STA-03,Standard,1.0,1,71.8,71.8,Travel agent, completed ,5
SYN-B000015,2023-01-01,2023-01-06,2023-01-08,SYN-DEL-05,Deluxe,2.0,2,106.32,212.64,Direct,Completed,5
SYN-B000016,2022-12-30,2023-01-06,2023-01-09,SYN-FAM-01,Family,1.0,3,134.8,-1.0,Online travel agency,Completed,7
SYN-B000017,2022-11-22,2023-01-06,2023-01-07,SYN-FAM-02,Family,2.0,1,128.68,128.68,Direct,Completed,45
SYN-B000018,2022-12-28,2023-01-07,2023-01-11,SYN-STA-02, standard ,2.0,4,71.08,284.32,Direct,Completed,10
SYN-B000019,2022-12-23,2023-01-07,2023-01-10,SYN-STA-07,Standard,1.0,3,70.52,211.56,Direct,Completed,15
SYN-B000020,2022-12-30,2023-01-07,2023-01-08,SYN-DEL-02,Deluxe,2.0,1,102.63,102.63,Online travel agency,Completed,8
SYN-B000021,2022-12-28,2023-01-08,2023-01-09,SYN-DEL-04,Deluxe,2.0,1,89.22,89.22,Direct,Completed,11
SYN-B000022,2022-12-28,2023-01-09,2023-01-10,SYN-STA-03,Standard,1.0,1,62.93,0.0,Direct,Cancelled,12
SYN-B000023,2022-08-21,2023-01-09,2023-01-10,SYN-DEL-01,Deluxe,1.0,1,84.96,84.96,Direct,Completed,141
SYN-B000024,2022-12-19,2023-01-09,2023-01-11,SYN-DEL-04,Deluxe,1.0,2,95.71,191.42,Direct,Completed,21
SYN-B000025,2023-01-08,2023-01-12,2023-01-14,SYN-STA-03,Standard,1.0,2,64.5,129.0,Direct,Completed,4
SYN-B000026,2022-12-06,2023-01-12,2023-01-14,SYN-STA-09,Standard,2.0,2,62.42,124.84,Online travel agency,Completed,37
SYN-B000027,2022-11-25,2023-01-12,2023-01-13,SYN-DEL-05,Deluxe,1.0,1,94.31,94.31,Online travel agency,Completed,48
SYN-B000028,2022-12-11,2023-01-13,2023-01-14,SYN-STA-05,Standard,2.0,1,71.64,71.64,Online travel agency,Completed,33
SYN-B000029,2022-11-21,2023-01-13,2023-01-16,SYN-DEL-05,Deluxe,2.0,3,101.7,0.0,Online travel agency, cancelled ,53
SYN-B000030,2022-12-29,2023-01-14,2023-01-19,SYN-STA-04,Standard,2.0,5,65.78,328.9,Direct,Completed,16
SYN-B000031,2022-12-28,2023-01-14,2023-01-15,SYN-STA-05,Standard,2.0,1,71.03,71.03,Direct,Completed,17
SYN-B000032,2023-01-11,2023-01-14,2023-01-15,SYN-STA-06,Standard,1.0,-1,66.83,66.83,Online travel agency,Completed,3
SYN-B000033,2023-01-06,2023-01-14,2023-01-20,SYN-STA-07,Standard,2.0,6,71.77,430.62,Direct,Completed,8
SYN-B000034,2023-01-03,2023-01-14,2023-01-16,SYN-STA-09,Standard,2.0,2,70.65,141.3,Online travel agency,Completed,11
SYN-B000035,2023-01-01,2023-01-14,2023-01-16,SYN-STA-10,Standard,2.0,2,66.3,0.0,Online travel agency,Cancelled,13
SYN-B000036,2022-12-11,2023-01-14,2023-01-17,SYN-FAM-01,Family,1.0,3,129.11,387.33,Online travel agency,Completed,34
SYN-B000037,2022-12-30,2023-01-15,2023-01-16,SYN-STA-02,Standard,1.0,1,63.08,63.08,Direct,Completed,16
SYN-B000038,2022-12-10,2023-01-15,2023-01-17,SYN-DEL-01,Deluxe,2.0,2,93.51,187.02,Online travel agency,Completed,36
SYN-B000039,2023-01-05,2023-01-16,2023-01-18,SYN-FAM-03,Family,1.0,2,117.66,235.32,Direct,Completed,11
SYN-B000040,2023-01-09,2023-01-17,2023-01-21,SYN-STA-01,Standard,2.0,4,65.67,262.68,Direct,Completed,8
SYN-B000041,2022-12-23,2023-01-17,2023-01-19,SYN-DEL-01,Deluxe,2.0,2,96.66,193.32,Direct,Completed,25
SYN-B000042,2023-01-06,2023-01-17,2023-01-20,SYN-FAM-02,Family,3.0,3,113.77,341.31,Direct,Completed,11
SYN-B000043,2023-01-06,2023-01-18,2023-01-21,SYN-STA-09,Standard,2.0,3,58.95,176.85,Online travel agency,Completed,12
SYN-B000044,2022-12-20,2023-01-19,2023-01-23,SYN-STA-10,Standard,1.0,4,65.44,0.0,Direct,Cancelled,30
SYN-B000045,2023-01-02,2023-01-19,2023-01-21,SYN-DEL-04,Deluxe,2.0,2,91.05,182.1,Travel agent,Completed,17
SYN-B000046,2023-01-03,2023-01-20,2023-01-23,SYN-STA-04,Standard,2.0,3,67.95,203.85,Travel agent,Completed,17
SYN-B000047,2023-01-10,2023-01-20,2023-01-21,SYN-STA-08,Standard,1.0,1,69.43,69.43,Online travel agency,Completed,10
SYN-B000048,2023-01-17,2023-01-20,2023-01-25,SYN-DEL-02,Deluxe,2.0,5,96.05,480.25,Direct,Completed,3
SYN-B000049,2023-01-11,2023-01-21,2023-01-23,SYN-STA-01,Standard,2.0,2,71.2,142.4,Direct,Completed,10
SYN-B000050,2023-01-18,2023-01-21,2023-01-25,SYN-STA-06,Standard,1.0,4,67.12,268.48,Direct,Completed,3
SYN-B000051,2022-12-30,2023-01-21,2023-01-22,SYN-STA-07,Standard,2.0,1,73.89,73.89,Online travel agency,Completed,22
SYN-B000052,2023-01-11,2023-01-21,2023-01-26,SYN-STA-09,Standard,1.0,5,68.59,0.0,Online travel agency,Cancelled,10
SYN-B000053,2023-01-14,2023-01-21,2023-01-23,SYN-STA-10,Standard,2.0,2,69.05,138.1,Online travel agency,Completed,7
SYN-B000054,2022-12-23,2023-01-23,2023-01-27,SYN-DEL-01,Deluxe,2.0,4,86.27,0.0,Travel agent,Cancelled,31
SYN-B000055,2023-01-11,2023-01-23,2023-01-26,SYN-DEL-04,Deluxe,2.0,3,86.49,259.47,Direct,Completed,12
SYN-B000056,2023-01-18,2023-01-24,2023-01-25,SYN-STA-01,Standard,2.0,1,62.17,62.17,Direct,Completed,6
SYN-B000057,2023-01-01,2023-01-24,2023-01-27,SYN-FAM-02,Family,4.0,3,113.26,339.78,Direct,Completed,23
SYN-B000058,2023-01-22,2023-01-24,2023-01-25,SYN-FAM-03,Family,1.0,1,111.92,111.92,Direct,Completed,2
SYN-B000059,2023-01-14,2023-01-25,2023-01-28,SYN-STA-02, standard ,2.0,3,65.38,196.14,Online travel agency,Completed,11
SYN-B000060,2023-01-22,2023-01-25,2023-01-26,SYN-DEL-03,Deluxe,1.0,1,86.27,86.27,Direct,Completed,3
SYN-B000061,2023-01-20,2023-01-26,2023-01-27,SYN-STA-04,Standard,1.0,1,65.92,65.92,Direct,Completed,6
SYN-B000062,2023-01-08,2023-01-26,2023-01-29,SYN-STA-05,Standard,1.0,3,63.16,189.48,Online travel agency,Completed,18
SYN-B000063,2023-01-06,2023-01-26,2023-01-28,SYN-STA-07,Standard,1.0,2,62.96,0.0,Online travel agency,Cancelled,20
SYN-B000064,2023-01-18,2023-01-27,2023-01-30,SYN-STA-04,Standard,1.0,3,71.25,213.75,Online travel agency,Completed,9
SYN-B000065,2022-12-11,2023-01-27,2023-01-29,SYN-STA-06,Standard,1.0,2,67.31,134.62,Online travel agency,Completed,47
SYN-B000066,2022-12-12,2023-01-27,2023-01-31,SYN-DEL-05,Deluxe,1.0,4,108.14,0.0,Online travel agency,Cancelled,46
SYN-B000067,2023-01-13,2023-01-28,2023-01-30,SYN-DEL-02,Deluxe,1.0,2,100.29,200.58,Direct,Completed,15
SYN-B000068,2023-01-14,2023-01-28,2023-01-29,SYN-DEL-03,Deluxe,2.0,1,98.6,98.6,Online travel agency,Completed,14
SYN-B000069,2023-01-10,2023-01-28,2023-01-31,SYN-DEL-04,Deluxe,2.0,3,104.13,312.39,Online travel agency,Completed,18
SYN-B000070,2023-01-15,2023-01-28,2023-01-30,SYN-DEL-05,Deluxe,1.0,2,108.2,216.4,Online travel agency,Completed,13
SYN-B000071,2022-12-19,2023-01-28,2023-01-29,SYN-FAM-03,Family,3.0,1,140.39,0.0,Online travel agency,Cancelled,40
SYN-B000072,2023-01-15,2023-01-30,2023-02-01,SYN-STA-01,Standard,2.0,2,61.6,0.0,Online travel agency,Cancelled,-1
SYN-B000073,2023-01-08,2023-01-31,2023-02-04,SYN-STA-04,Standard,1.0,4,58.74,234.96,Direct,Completed,23
SYN-B000074,2023-01-18,2023-02-01,2023-02-04,SYN-STA-01,Standard,1.0,3,65.42,196.26,Online travel agency,Completed,14
SYN-B000075,2023-01-01,2023-02-01,2023-02-04,SYN-STA-05,Standard,1.0,3,63.24,189.72,Direct,Completed,31
SYN-B000076,2023-01-22,2023-02-01,2023-02-06,SYN-FAM-03,Family,2.0,5,118.42,592.1,Direct,Completed,10
SYN-B000077,2023-01-08,2023-02-02,2023-02-03,SYN-DEL-05,Deluxe,2.0,1,86.04,86.04,Online travel agency,Completed,25
SYN-B000078,2023-01-23,2023-02-03,2023-02-05,SYN-STA-03,Standard,1.0,2,71.18,142.36,Direct,Completed,11
SYN-B000079,2023-01-20,2023-02-03,2023-02-08,SYN-STA-07,Standard,1.0,5,68.88,344.4,Direct,Completed,14
SYN-B000080,2023-01-06,2023-02-03,2023-02-07,SYN-STA-08,Standard,2.0,4,70.09,280.36,Online travel agency,Completed,28
SYN-B000081,2023-01-30,2023-02-03,2023-02-11,SYN-DEL-02,Deluxe,1.0,8,99.67,797.36,Direct, completed ,4
SYN-B000082,2023-01-20,2023-02-03,2023-02-06,SYN-DEL-05,Deluxe,1.0,3,106.42,319.26,Direct,Completed,14
SYN-B000083,2023-01-22,2023-02-03,2023-02-05,SYN-FAM-01,Family,1.0,2,129.19,258.38,Travel agent,Completed,12
SYN-B000084,2023-01-14,2023-02-04,2023-02-05,SYN-STA-04, standard ,1.0,1,71.09,71.09,Direct,Completed,21
SYN-B000085,2023-01-24,2023-02-04,2023-02-06,SYN-STA-05,Standard,2.0,2,71.28,142.56,Online travel agency,Completed,11
SYN-B000086,2023-01-11,2023-02-04,2023-02-08,SYN-DEL-01,Deluxe,2.0,4,100.46,401.84,Direct,Completed,24
SYN-B000087,2023-01-25,2023-02-05,2023-02-07,SYN-STA-10,Standard,1.0,2,58.91,0.0,Online travel agency,Cancelled,11
SYN-B000088,2023-01-24,2023-02-05,2023-02-08,SYN-FAM-01,Family,1.0,3,120.91,362.73,Online travel agency,Completed,12
SYN-B000089,2023-01-22,2023-02-06,2023-02-09,SYN-STA-01,Standard,1.0,3,61.99,185.97,Online travel agency,Completed,15
SYN-B000090,2023-01-27,2023-02-06,2023-02-07,SYN-STA-05,Standard,1.0,1,61.49,61.49,Direct,Completed,10
SYN-B000091,2023-01-23,2023-02-06,2023-02-09,SYN-STA-09,Standard,2.0,3,59.95,179.85,Travel agent,Completed,14
SYN-B000092,2023-02-02,2023-02-07,2023-02-08,SYN-STA-03,Standard,1.0,1,61.64,61.64,Online travel agency,Completed,5
SYN-B000093,2023-02-03,2023-02-07,2023-02-08,SYN-FAM-03,Family,4.0,1,115.61,115.61,Online travel agency,Completed,4
SYN-B000094,2023-02-03,2023-02-08,2023-02-10,SYN-STA-05,Standard,2.0,2,59.26,118.52,Online travel agency,Completed,5
SYN-B000095,2023-02-01,2023-02-08,2023-02-11,SYN-STA-10,Standard,1.0,3,63.08,189.24,Direct,Completed,7
SYN-B000096,2023-02-05,2023-02-08,2023-02-09,SYN-DEL-04,Deluxe,1.0,1,87.55,0.0,Online travel agency,Cancelled,3
SYN-B000097,2023-01-31,2023-02-09,2023-02-11,SYN-STA-01,Standard,2.0,2,59.79,119.58,Online travel agency,Completed,9
SYN-B000098,2022-12-20,2023-02-09,2023-02-11,SYN-STA-09,Standard,2.0,2,61.19,122.38,Online travel agency,Completed,51
SYN-B000099,2023-01-08,2023-02-10,2023-02-11,SYN-DEL-03,Deluxe,2.0,1,103.03,103.03,Direct,Completed,33
SYN-B000100,2022-12-25,2023-02-10,2023-02-15,SYN-DEL-04,Deluxe,2.0,5,103.23,516.15,Direct,Completed,47
SYN-B000101,2022-12-18,2023-02-10,2023-02-11,SYN-DEL-05,Deluxe,1.0,1,105.24,0.0,Online travel agency,Cancelled,54
SYN-B000102,2023-01-13,2023-02-10,2023-02-14,SYN-FAM-03,Family,4.0,4,139.24,-1.0,Direct,Completed,28
SYN-B000103,2023-02-10,2023-02-11,2023-02-14,SYN-STA-06,Standard,2.0,3,64.64,193.92,Online travel agency,Completed,1
SYN-B000104,2023-01-19,2023-02-11,2023-02-14,SYN-DEL-01,Deluxe,2.0,3,102.51,0.0,Online travel agency,Cancelled,23
SYN-B000105,2023-01-25,2023-02-11,2023-02-14,SYN-DEL-05,Deluxe,1.0,3,98.75,296.25,Online travel agency,Completed,17
SYN-B000106,2023-01-12,2023-02-11,2023-02-13,SYN-FAM-01,Family,1.0,2,142.47,284.94,Direct,Completed,30
SYN-B000107,2023-01-22,2023-02-11,2023-02-15,SYN-FAM-02,Family,2.0,4,142.78,571.12,Direct,Completed,20
SYN-B000108,2023-01-31,2023-02-12,2023-02-15,SYN-STA-01,Standard,2.0,3,59.39,178.17,Travel agent,Completed,12
SYN-B000109,2023-02-01,2023-02-12,2023-02-14,SYN-STA-02,Standard,2.0,2,61.48,122.96,Travel agent,Completed,11
SYN-B000110,2023-01-23,2023-02-12,2023-02-15,SYN-STA-03,Standard,1.0,3,64.99,0.0,Travel agent,Cancelled,20
SYN-B000111,2023-02-11,2023-02-12,2023-02-18,SYN-STA-10,Standard,1.0,6,56.32,337.92,Online travel agency,Completed,1
SYN-B000112,2023-01-24,2023-02-12,2023-02-13,SYN-DEL-01,Deluxe,1.0,1,92.53,92.53,Online travel agency,Completed,19
SYN-B000113,2023-02-09,2023-02-12,2023-02-13,SYN-DEL-02,Deluxe,2.0,1,84.15,84.15,Travel agent,Completed,3
SYN-B000114,2023-02-03,2023-02-13,2023-02-14,SYN-STA-04,Standard,2.0,1,65.33,65.33,Direct,Completed,10
SYN-B000115,2023-01-13,2023-02-14,2023-02-16,SYN-STA-02,Standard,1.0,2,62.55,125.1,Direct,Completed,32
SYN-B000116,2023-02-04,2023-02-14,2023-02-17,SYN-DEL-03,Deluxe,1.0,3,91.06,273.18,Travel agent,Completed,10
SYN-B000117,2023-02-01,2023-02-14,2023-02-16,SYN-FAM-01,Family,2.0,2,119.9,239.8,Direct,Completed,13
SYN-B000118,2023-02-02,2023-02-15,2023-02-19,SYN-STA-01,Standard,2.0,4,61.11,244.44,Online travel agency,Completed,13
SYN-B000119,2022-12-20,2023-02-16,2023-02-18,SYN-STA-06,Standard,2.0,2,65.11,130.22,Direct,Completed,58
SYN-B000120,2023-02-02,2023-02-16,2023-02-18,SYN-DEL-02,Deluxe,2.0,2,86.59,173.18,Online travel agency,Completed,14
SYN-B000121,2023-02-05,2023-02-17,2023-02-19,SYN-STA-03,Standard,1.0,2,71.83,143.66,Direct,Completed,12
SYN-B000122,2023-02-14,2023-02-17,2023-02-19,SYN-STA-05,Standard,1.0,2,67.45,134.9,Direct,Completed,3
SYN-B000123,2023-02-15,2023-02-17,2023-02-18,SYN-FAM-03,Family,4.0,1,125.02,125.02,Online travel agency,Completed,2
SYN-B000124,2023-02-15,2023-02-18,2023-02-20,SYN-STA-04,Standard,2.0,2,67.14,134.28,Travel agent,Completed,3
SYN-B000125,2023-02-11,2023-02-18,2023-02-21,SYN-STA-08,Standard,2.0,3,67.17,201.51,Direct,Completed,7
SYN-B000126,2023-01-21,2023-02-18,2023-02-19,SYN-DEL-03,Deluxe,1.0,1,97.84,97.84,Direct,Completed,-1
SYN-B000127,2023-01-12,2023-02-19,2023-02-22,SYN-DEL-02,Deluxe,1.0,3,86.8,260.4,Online travel agency,Completed,38
SYN-B000128,2023-02-09,2023-02-20,2023-02-22,SYN-DEL-03,Deluxe,1.0,2,94.54,189.08,Online travel agency,Completed,11
SYN-B000129,2023-02-18,2023-02-21,2023-02-24,SYN-STA-01,Standard,2.0,3,54.95,0.0,Direct,Cancelled,3
SYN-B000130,2023-02-05,2023-02-21,2023-02-24,SYN-STA-08,Standard,2.0,3,65.53,196.59,Direct,Completed,16
SYN-B000131,2023-02-09,2023-02-22,2023-02-24,SYN-STA-01,Standard,2.0,2,64.39,128.78,Online travel agency,Completed,13
SYN-B000132,2023-02-14,2023-02-22,2023-02-25,SYN-FAM-02,Family,4.0,3,125.89,377.67,Direct,Completed,8
SYN-B000133,2023-02-14,2023-02-23,2023-02-25,SYN-STA-07,Standard,2.0,2,61.12,0.0,Online travel agency,Cancelled,9
SYN-B000134,2023-02-19,2023-02-23,2023-02-26,SYN-STA-09,Standard,2.0,3,65.13,-1.0,Online travel agency,Completed,4
SYN-B000135,2022-12-17,2023-02-23,2023-02-28,SYN-DEL-05,Deluxe,1.0,5,82.75,413.75,Online travel agency,Completed,68
SYN-B000136,2023-02-19,2023-02-24,2023-03-01,SYN-STA-02,Standard,2.0,5,66.13,330.65,Direct,Completed,5
SYN-B000137,2023-02-17,2023-02-24,2023-02-25,SYN-STA-04,Standard,1.0,1,70.82,70.82,Online travel agency,Completed,7
SYN-B000138,2023-01-07,2023-02-24,2023-02-27,SYN-DEL-02,Deluxe,2.0,3,104.54,313.62,Online travel agency,Completed,48
SYN-B000139,2023-02-16,2023-02-24,2023-02-27,SYN-DEL-04,Deluxe,1.0,3,103.1,309.3,Travel agent,Completed,8
SYN-B000140,2023-02-19,2023-02-25,2023-03-01,SYN-STA-04,Standard,1.0,4,67.4,269.6,Direct,Completed,6
SYN-B000141,2022-12-29,2023-02-25,2023-03-01,SYN-STA-07,Standard,2.0,4,69.65,278.6,Online travel agency,Completed,58
SYN-B000142,2023-01-17,2023-02-25,2023-03-01,SYN-DEL-01, deluxe ,2.0,4,98.34,393.36,Travel agent,Completed,39
SYN-B000143,2023-02-11,2023-02-25,2023-02-26,SYN-DEL-03,Deluxe,2.0,1,105.12,105.12,Online travel agency,Completed,14
SYN-B000144,2023-02-11,2023-02-25,2023-02-27,SYN-FAM-02,Family,1.0,2,133.37,266.74,Direct,Completed,14
SYN-B000145,2023-02-14,2023-03-01,2023-03-04,SYN-STA-01,Standard,1.0,3,73.35,0.0,Online travel agency,Cancelled,15
SYN-B000146,2023-02-21,2023-03-01,2023-03-02,SYN-STA-04,Standard,1.0,1,71.9,71.9,Direct,Completed,8
SYN-B000147,2023-02-17,2023-03-01,2023-03-04,SYN-STA-08,Standard,2.0,3,71.85,215.55,Travel agent,Completed,12
SYN-B000148,2023-02-27,2023-03-01,2023-03-04,SYN-FAM-03,Family,1.0,3,149.81,449.43,Online travel agency,Completed,2
SYN-B000149,2023-02-18,2023-03-02,2023-03-05,SYN-STA-03,Standard,1.0,3,74.23,222.69,Direct,Completed,12
SYN-B000150,2023-02-06,2023-03-02,2023-03-04,SYN-STA-06,Standard,1.0,2,77.37,0.0,Travel agent,Cancelled,24
SYN-B000151,2023-01-28,2023-03-02,2023-03-06,SYN-DEL-02,Deluxe,2.0,4,104.39,417.56,Direct,Completed,33
SYN-B000152,2023-02-24,2023-03-03,2023-03-05,SYN-STA-04,Standard,2.0,2,87.62,175.24,Online travel agency,Completed,7
SYN-B000153,2023-02-26,2023-03-03,2023-03-06,SYN-STA-07,Standard,2.0,3,79.85,239.55,Travel agent,Completed,5
SYN-B000154,2022-12-20,2023-03-03,2023-03-04,SYN-STA-09,Standard,2.0,1,77.4,77.4,Online travel agency,Completed,73
SYN-B000155,2023-02-19,2023-03-03,2023-03-06,SYN-FAM-02,Family,2.0,3,158.24,0.0,Online travel agency,Cancelled,12
SYN-B000156,2023-01-06,2023-03-04,2023-03-05,SYN-STA-06,Standard,1.0,1,80.06,80.06,Direct,Completed,57
SYN-B000157,2023-02-15,2023-03-04,2023-03-06,SYN-STA-08,Standard,1.0,2,84.31,168.62,Online travel agency,Completed,17
SYN-B000158,2023-02-25,2023-03-04,2023-03-06,SYN-STA-09,Standard,2.0,2,88.46,176.92,Direct,Completed,7
SYN-B000159,2023-02-14,2023-03-04,2023-03-07,SYN-STA-10,Standard,2.0,3,88.85,266.55,Online travel agency,Completed,18
SYN-B000160,2023-02-26,2023-03-04,2023-03-07,SYN-DEL-04,Deluxe,1.0,3,122.9,368.7,Online travel agency,Completed,6
SYN-B000161,2023-01-10,2023-03-04,2023-03-05,SYN-FAM-02,Family,3.0,1,154.42,154.42,Direct,Completed,53
SYN-B000162,2023-02-24,2023-03-06,2023-03-08,SYN-STA-02,Standard,1.0,2,72.87,145.74,Direct,Completed,10
SYN-B000163,2023-03-01,2023-03-06,2023-03-09,SYN-DEL-01,Deluxe,1.0,3,113.26,339.78,Direct,Completed,5
SYN-B000164,2023-02-03,2023-03-07,2023-03-10,SYN-STA-03,Standard,1.0,3,72.88,218.64,Direct,Completed,32
SYN-B000165,2023-03-04,2023-03-07,2023-03-08,SYN-STA-04,Standard,1.0,1,73.01,0.0,Direct,Cancelled,3
SYN-B000166,2023-03-02,2023-03-07,2023-03-08,SYN-STA-09,Standard,1.0,1,78.86,78.86,Online travel agency,Completed,5
SYN-B000167,2023-02-28,2023-03-08,2023-03-11,SYN-STA-06,Standard,2.0,3,77.69,233.07,Direct,Completed,8
SYN-B000168,2023-02-14,2023-03-08,2023-03-10,SYN-STA-08,Standard,2.0,2,74.03,148.06,Online travel agency,Completed,22
SYN-B000169,2023-02-17,2023-03-09,2023-03-11,SYN-STA-02,Standard,1.0,2,79.23,158.46,Online travel agency,Completed,20
SYN-B000170,2023-02-18,2023-03-09,2023-03-11,SYN-STA-07,Standard,2.0,2,78.87,157.74,Online travel agency,Completed,19
SYN-B000171,2023-03-03,2023-03-09,2023-03-12,SYN-STA-09,Standard,1.0,3,75.11,0.0,Online travel agency,Cancelled,6
SYN-B000172,2023-02-18,2023-03-09,2023-03-12,SYN-DEL-01,Deluxe,1.0,3,109.24,327.72,Online travel agency,Completed,19
SYN-B000173,2023-01-26,2023-03-09,2023-03-10,SYN-DEL-02,Deluxe,2.0,1,104.56,104.56,Online travel agency,Completed,42
SYN-B000174,2023-02-16,2023-03-10,2023-03-13,SYN-STA-01,Standard,1.0,3,82.38,247.14,Direct,Completed,22
SYN-B000175,2023-02-28,2023-03-10,2023-03-14,SYN-STA-04,Standard,2.0,4,81.95,327.8,Direct,Completed,10
SYN-B000176,2023-02-26,2023-03-10,2023-03-12,SYN-STA-08,Standard,1.0,2,82.44,164.88,Online travel agency,Completed,12
SYN-B000177,2023-01-08,2023-03-10,2023-03-14,SYN-FAM-03,Family,1.0,4,157.26,0.0, online travel agency ,Cancelled,61
SYN-B000178,2022-12-16,2023-03-11,2023-03-13,SYN-DEL-02,Deluxe,2.0,2,111.47,222.94,Online travel agency,Completed,85
SYN-B000179,2023-03-05,2023-03-11,2023-03-13,SYN-DEL-03,Deluxe,1.0,2,118.76,237.52,Online travel agency,Completed,6
SYN-B000180,2023-03-07,2023-03-11,2023-03-12,SYN-FAM-03,Family,2.0,-1,166.87,0.0,Direct,Cancelled,4
SYN-B000181,2023-02-19,2023-03-12,2023-03-14,SYN-FAM-01,Family,4.0,2,149.59,299.18,Direct,Completed,21
SYN-B000182,2023-02-16,2023-03-12,2023-03-13,SYN-FAM-03, family ,2.0,1,153.46,153.46,Direct,Completed,24
SYN-B000183,2023-03-04,2023-03-13,2023-03-14,SYN-STA-01,Standard,1.0,1,73.89,73.89,Online travel agency,Completed,9
SYN-B000184,2023-02-09,2023-03-13,2023-03-17,SYN-STA-02,Standard,2.0,4,71.12,284.48,Direct,Completed,32
SYN-B000185,2023-03-02,2023-03-13,2023-03-16,SYN-STA-07,Standard,1.0,3,72.61,217.83,Direct,Completed,11
SYN-B000186,2023-01-28,2023-03-13,2023-03-15,SYN-DEL-03,Deluxe,2.0,2,112.44,224.88,Online travel agency,Completed,44
SYN-B000187,2023-02-09,2023-03-14,2023-03-17,SYN-STA-08,Standard,2.0,3,71.86,215.58,Online travel agency,Completed,33
SYN-B000188,2023-02-08,2023-03-14,2023-03-17,SYN-STA-09,Standard,1.0,3,77.3,231.9,Direct,Completed,34
SYN-B000189,2023-03-06,2023-03-14,2023-03-17,SYN-DEL-01,Deluxe,1.0,3,111.27,333.81,Direct,Completed,8
SYN-B000190,2023-03-08,2023-03-15,2023-03-17,SYN-DEL-03,Deluxe,2.0,2,106.01,212.02,Travel agent,Completed,7
SYN-B000191,2023-03-07,2023-03-15,2023-03-18,SYN-DEL-05,Deluxe,2.0,3,114.33,342.99,Online travel agency,Completed,8
SYN-B000192,2023-03-09,2023-03-16,2023-03-18,SYN-STA-10,Standard,2.0,2,74.14,0.0,Online travel agency,Cancelled,7
SYN-B000193,2023-03-15,2023-03-17,2023-03-19,SYN-STA-05,Standard,1.0,2,84.93,0.0,Online travel agency,Cancelled,2
SYN-B000194,2023-01-25,2023-03-17,2023-03-21,SYN-STA-10,Standard,1.0,4,80.91,323.64,Direct,Completed,51
SYN-B000195,2023-02-12,2023-03-17,2023-03-18,SYN-DEL-04,Deluxe,2.0,1,127.23,127.23,Online travel agency,Completed,33
SYN-B000196,2023-03-04,2023-03-17,2023-03-21,SYN-FAM-01, family ,4.0,4,163.42,653.68,Online travel agency,Completed,13
SYN-B000197,2023-03-07,2023-03-17,2023-03-20,SYN-FAM-02,Family,4.0,3,158.06,474.18,Travel agent,Completed,10
SYN-B000198,2023-03-13,2023-03-18,2023-03-19,SYN-STA-06,Standard,1.0,1,81.25,0.0,Online travel agency,Cancelled,5
SYN-B000199,2023-02-04,2023-03-18,2023-03-19,SYN-STA-08,Standard,1.0,1,88.16,88.16,Direct,Completed,42
SYN-B000200,2023-03-06,2023-03-19,2023-03-23,SYN-STA-01,Standard,1.0,4,74.43,297.72,Online travel agency,Completed,13
SYN-B000201,2023-02-12,2023-03-19,2023-03-21,SYN-STA-07,Standard,1.0,2,79.05,158.1,Online travel agency,Completed,35
SYN-B000202,2023-02-26,2023-03-19,2023-03-21,SYN-STA-09,Standard,1.0,2,77.22,154.44,Online travel agency,Completed,21
SYN-B000203,2023-03-02,2023-03-19,2023-03-20,SYN-DEL-04,Deluxe,2.0,1,110.76,0.0,Travel agent,Cancelled,17
SYN-B000204,2023-03-17,2023-03-20,2023-03-22,SYN-STA-05,Standard,2.0,2,70.54,141.08,Direct,Completed,3
SYN-B000205,2023-03-02,2023-03-20,2023-03-22,SYN-DEL-01,Deluxe,2.0,2,105.04,210.08,Online travel agency,Completed,18
SYN-B000206,2023-03-09,2023-03-20,2023-03-24,SYN-DEL-03,Deluxe,1.0,4,103.82,415.28,Online travel agency, completed ,11
SYN-B000207,2023-02-26,2023-03-20,2023-03-22,SYN-DEL-04,Deluxe,2.0,2,114.21,228.42,Direct,Completed,22
SYN-B000208,2023-02-13,2023-03-21,2023-03-27,SYN-STA-02,Standard,1.0,6,75.54,453.24,Online travel agency,Completed,36
SYN-B000209,2023-03-14,2023-03-21,2023-03-25,SYN-STA-07,Standard,1.0,4,77.91,311.64,Online travel agency,Completed,7
SYN-B000210,2023-03-09,2023-03-22,2023-03-24,SYN-DEL-05,Deluxe,1.0,2,109.89,219.78,Direct,Completed,13
SYN-B000211,2023-03-13,2023-03-22,2023-03-25,SYN-FAM-03,Family,1.0,3,146.43,439.29,Direct,Completed,9
SYN-B000212,2023-02-08,2023-03-23,2023-03-25,SYN-STA-09,Standard,2.0,2,72.8,145.6,Direct,Completed,43
SYN-B000213,2023-03-12,2023-03-24,2023-03-26,SYN-STA-01,Standard,1.0,2,84.33,168.66,Online travel agency,Completed,12
SYN-B000214,2023-03-06,2023-03-24,2023-03-25,SYN-STA-08, standard ,1.0,1,81.48,81.48,Travel agent,Completed,18
SYN-B000215,2023-03-10,2023-03-24,2023-03-26,SYN-STA-10,Standard,2.0,2,84.57,0.0,Travel agent,Cancelled,14
SYN-B000216,2023-03-14,2023-03-24,2023-03-27,SYN-DEL-04,Deluxe,2.0,3,120.22,0.0,Online travel agency,Cancelled,10
SYN-B000217,2023-03-05,2023-03-24,2023-03-26,SYN-FAM-02,Family,2.0,2,154.47,308.94,Online travel agency,Completed,19
SYN-B000218,2023-03-09,2023-03-25,2023-03-29,SYN-STA-03,Standard,2.0,4,81.23,0.0,Online travel agency,Cancelled,16
SYN-B000219,2023-03-05,2023-03-25,2023-03-31,SYN-STA-06,Standard,1.0,6,82.14,0.0,Travel agent,Cancelled,20
SYN-B000220,2023-03-11,2023-03-25,2023-03-28,SYN-DEL-02,Deluxe,1.0,3,123.41,370.23,Direct,Completed,14
SYN-B000221,2023-02-19,2023-03-25,2023-03-26,SYN-DEL-03,Deluxe,1.0,1,121.0,121.0,Direct,Completed,34
SYN-B000222,2023-03-20,2023-03-26,2023-04-01,SYN-STA-04,Standard,1.0,6,74.93,449.58,Online travel agency,Completed,6
SYN-B000223,2023-03-23,2023-03-26,2023-03-28,SYN-STA-05,Standard,2.0,2,72.15,144.3,Direct,Completed,3
SYN-B000224,2023-03-16,2023-03-26,2023-03-29,SYN-STA-06,Standard,1.0,3,75.87,227.61,Online travel agency,Completed,10
SYN-B000225,2023-03-18,2023-03-26,2023-03-31,SYN-DEL-01,Deluxe,2.0,5,109.36,546.8,Online travel agency,Completed,8
SYN-B000226,2023-02-06,2023-03-27,2023-03-30,SYN-STA-01,Standard,1.0,3,72.59,217.77,Direct,Completed,49
SYN-B000227,2023-03-18,2023-03-27,2023-03-30,SYN-STA-02,Standard,1.0,3,77.32,231.96,Online travel agency,Completed,9
SYN-B000228,2023-02-26,2023-03-27,2023-03-29,SYN-DEL-05,Deluxe,2.0,2,103.88,207.76,Online travel agency,Completed,29
SYN-B000229,2023-03-19,2023-03-27,2023-03-29,SYN-FAM-03,Family,3.0,2,145.51,291.02,Direct,Completed,8
SYN-B000230,2023-03-01,2023-03-28,2023-03-29,SYN-STA-03,Standard,1.0,1,72.5,72.5,Direct,Completed,27
SYN-B000231,2023-03-14,2023-03-28,2023-03-30,SYN-STA-05,Standard,2.0,2,76.06,152.12,Direct,Completed,14
SYN-B000232,2023-03-22,2023-03-28,2023-03-30,SYN-STA-08,Standard,2.0,2,78.88,157.76,Direct,Completed,6
SYN-B000233,2023-03-02,2023-03-28,2023-04-02,SYN-STA-09,Standard,2.0,5,71.84,359.2,Online travel agency,Completed,26
SYN-B000234,2023-03-21,2023-03-28,2023-03-31,SYN-DEL-03,Deluxe,2.0,3,105.53,0.0,Travel agent,Cancelled,7
SYN-B000235,2023-03-22,2023-03-28,2023-04-01,SYN-FAM-01,Family,3.0,4,146.1,584.4,Online travel agency,Completed,6
SYN-B000236,2023-03-27,2023-03-29,2023-03-31,SYN-STA-07,Standard,2.0,2,72.02,144.04,Direct,Completed,2
SYN-B000237,2023-03-19,2023-03-29,2023-03-31,SYN-FAM-03,Family,3.0,2,139.03,278.06,Online travel agency,Completed,10
SYN-B000238,2023-03-23,2023-03-30,2023-04-01,SYN-STA-06,Standard,1.0,2,75.66,151.32,Direct,Completed,7
SYN-B000239,2023-02-21,2023-03-30,2023-04-02,SYN-STA-08,Standard,2.0,3,76.39,229.17,Online travel agency,Completed,37
SYN-B000240,2023-03-24,2023-03-30,2023-04-01,SYN-DEL-05,Deluxe,2.0,2,105.52,211.04,Direct,Completed,6
SYN-B000241,2023-03-20,2023-03-31,2023-04-03,SYN-STA-03,Standard,2.0,3,79.95,239.85,Direct,Completed,11
SYN-B000242,2023-03-21,2023-03-31,2023-04-02,SYN-STA-07,Standard,2.0,-1,79.76,0.0,Online travel agency,Cancelled,10
SYN-B000243,2023-03-05,2023-03-31,2023-04-04,SYN-DEL-01,Deluxe,1.0,4,120.63,0.0,Travel agent,Cancelled,26
SYN-B000244,2023-03-18,2023-04-01,2023-04-04,SYN-STA-01,Standard,1.0,3,81.52,0.0,Online travel agency,Cancelled,14
SYN-B000245,2023-02-27,2023-04-01,2023-04-05,SYN-STA-02,Standard,2.0,4,88.28,353.12,Online travel agency,Completed,33
SYN-B000246,2023-03-20,2023-04-01,2023-04-03,SYN-DEL-02,Deluxe,2.0,2,123.13,246.26,Online travel agency,Completed,12
SYN-B000247,2023-02-15,2023-04-01,2023-04-03,SYN-DEL-04,Deluxe,1.0,2,128.86,257.72,Online travel agency,Completed,45
SYN-B000248,2023-02-20,2023-04-01,2023-04-04,SYN-FAM-02,Family,2.0,3,169.59,508.77,Online travel agency,Completed,40
SYN-B000249,2023-03-22,2023-04-02,2023-04-04,SYN-STA-06,Standard,2.0,2,73.35,146.7,Online travel agency,Completed,11
SYN-B000250,2023-03-21,2023-04-02,2023-04-03,SYN-FAM-03,Family,1.0,1,152.89,152.89,Direct,Completed,12
SYN-B000251,2023-03-15,2023-04-03,2023-04-08,SYN-STA-01,Standard,2.0,5,73.22,366.1,Direct,Completed,19
SYN-B000252,2023-03-23,2023-04-03,2023-04-05,SYN-STA-08,Standard,1.0,2,73.48,146.96,Direct,Completed,11
SYN-B000253,2023-03-27,2023-04-03,2023-04-04,SYN-STA-10,Standard,1.0,1,79.0,79.0,Direct,Completed,7
SYN-B000254,2023-02-24,2023-04-03,2023-04-04,SYN-DEL-02,Deluxe,1.0,1,104.15,104.15,Online travel agency,Completed,38
SYN-B000255,2023-03-05,2023-04-03,2023-04-05,SYN-FAM-01,Family,1.0,2,148.68,297.36,Online travel agency,Completed,29
SYN-B000256,2023-03-31,2023-04-03,2023-04-04,SYN-FAM-03,Family,4.0,1,139.54,139.54,Direct,Completed,3
SYN-B000257,2023-03-25,2023-04-04,2023-04-05,SYN-STA-04,Standard,2.0,1,79.18,79.18,Direct,Completed,10
SYN-B000258,2023-01-30,2023-04-04,2023-04-05,SYN-STA-09,Standard,1.0,1,71.95,71.95,Online travel agency,Completed,64
SYN-B000259,2023-03-20,2023-04-04,2023-04-07,SYN-DEL-03,Deluxe,2.0,3,109.89,329.67,Travel agent,Completed,15
SYN-B000260,2023-02-09,2023-04-04,2023-04-05,SYN-DEL-04,Deluxe,1.0,1,107.21,0.0,Online travel agency,Cancelled,54
SYN-B000261,2023-03-28,2023-04-04,2023-04-05,SYN-DEL-05,Deluxe,1.0,1,108.52,108.52,Online travel agency,Completed,7
SYN-B000262,2023-03-12,2023-04-04,2023-04-05,SYN-FAM-02,Family,3.0,1,152.25,152.25,Online travel agency,Completed,23
SYN-B000263,2023-03-27,2023-04-05,2023-04-06,SYN-STA-04,Standard,2.0,1,76.81,76.81,Direct,Completed,9
SYN-B000264,2023-03-18,2023-04-05,2023-04-08,SYN-STA-06,Standard,2.0,3,77.81,233.43,Direct,Completed,18
SYN-B000265,2023-03-23,2023-04-05,2023-04-08,SYN-STA-09,Standard,1.0,3,71.51,214.53,Online travel agency,Completed,13
SYN-B000266,2023-03-22,2023-04-05,2023-04-06,SYN-STA-10,Standard,2.0,1,73.7,73.7,Travel agent,Completed,14
SYN-B000267,2023-03-04,2023-04-05,2023-04-07,SYN-FAM-02,Family,3.0,2,153.2,306.4,Online travel agency,Completed,32
SYN-B000268,2023-03-29,2023-04-06,2023-04-08,SYN-STA-03,Standard,2.0,2,71.21,0.0,Online travel agency,Cancelled,8
SYN-B000269,2023-04-02,2023-04-06,2023-04-08,SYN-STA-05,Standard,1.0,2,79.06,158.12,Direct,Completed,4
SYN-B000270,2023-03-19,2023-04-07,2023-04-09,SYN-STA-02,Standard,1.0,2,85.4,170.8,Direct,Completed,19
SYN-B000271,2023-04-02,2023-04-07,2023-04-09,SYN-STA-07,Standard,1.0,2,83.87,167.74,Online travel agency,Completed,5
SYN-B000272,2023-03-14,2023-04-07,2023-04-10,SYN-DEL-02,Deluxe,2.0,3,124.67,0.0,Direct,Cancelled,24
SYN-B000273,2023-03-08,2023-04-07,2023-04-12,SYN-DEL-03,Deluxe,2.0,5,117.07,0.0,Online travel agency,Cancelled,30
SYN-B000274,2023-03-09,2023-04-07,2023-04-11,SYN-DEL-04,Deluxe,1.0,4,123.3,493.2,Direct,Completed,29
SYN-B000275,2023-03-30,2023-04-07,2023-04-10,SYN-DEL-05,Deluxe,2.0,3,123.56,370.68,Direct,Completed,8
SYN-B000276,2023-03-28,2023-04-07,2023-04-09,SYN-FAM-01,Family,4.0,2,162.46,324.92,Direct,Completed,10
SYN-B000277,2023-04-05,2023-04-08,2023-04-09,SYN-STA-04,Standard,1.0,1,83.95,83.95,Direct,Completed,3
SYN-B000278,2023-03-04,2023-04-08,2023-04-11,SYN-STA-10,Standard,1.0,3,85.49,256.47,Direct,Completed,35
SYN-B000279,2023-03-15,2023-04-08,2023-04-11,SYN-DEL-01,Deluxe,2.0,3,122.08,366.24,Direct,Completed,24
SYN-B000280,2023-04-02,2023-04-08,2023-04-12,SYN-FAM-03,Family,1.0,4,161.22,644.88,Online travel agency,Completed,6
SYN-B000281,2023-03-05,2023-04-09,2023-04-10,SYN-STA-01,Standard,2.0,1,77.16,0.0,Travel agent,Cancelled,35
SYN-B000282,2023-03-29,2023-04-09,2023-04-10,SYN-STA-02,Standard,2.0,1,78.01,0.0,Online travel agency,Cancelled,11
SYN-B000283,2023-03-30,2023-04-09,2023-04-11,SYN-STA-08,Standard,1.0,2,70.99,141.98,Direct,Completed,10
SYN-B000284,2023-02-11,2023-04-09,2023-04-12,SYN-STA-09,Standard,1.0,3,76.43,229.29,Online travel agency,Completed,57
SYN-B000285,2023-03-25,2023-04-09,2023-04-11,SYN-DEL-03,Deluxe,1.0,2,110.83,221.66,Travel agent,Completed,15
SYN-B000286,2023-03-31,2023-04-09,2023-04-10,SYN-FAM-02,Family,3.0,1,136.42,136.42,Direct,Completed,9
SYN-B000287,2023-03-20,2023-04-10,2023-04-11,SYN-STA-02,Standard,1.0,1,73.53,73.53,Direct,Completed,21
SYN-B000288,2023-03-17,2023-04-10,2023-04-11,SYN-DEL-02,Deluxe,2.0,1,115.31,115.31,Online travel agency,Completed,24
SYN-B000289,2023-03-21,2023-04-10,2023-04-14,SYN-DEL-05,Deluxe,1.0,4,111.58,446.32,Online travel agency,Completed,20
SYN-B000290,2023-04-10,2023-04-12,2023-04-15,SYN-STA-04,Standard,1.0,3,77.85,0.0,Online travel agency,Cancelled,2
SYN-B000291,2023-03-23,2023-04-12,2023-04-16,SYN-DEL-01,Deluxe,,4,116.06,464.24,Online travel agency,Completed,20
SYN-B000292,2023-01-30,2023-04-12,2023-04-16,SYN-FAM-03,Family,3.0,4,135.19,540.76,Direct,Completed,72
SYN-B000293,2023-04-03,2023-04-13,2023-04-14,SYN-STA-01,Standard,1.0,1,70.65,0.0,Online travel agency,Cancelled,10
SYN-B000294,2023-04-06,2023-04-13,2023-04-16,SYN-STA-02,Standard,1.0,3,78.5,235.5,Direct,Completed,7
SYN-B000295,2023-03-22,2023-04-13,2023-04-15,SYN-STA-05,Standard,1.0,2,78.17,0.0,Travel agent,Cancelled,22
SYN-B000296,2023-03-30,2023-04-14,2023-04-20,SYN-STA-04,Standard,2.0,6,83.45,500.7,Direct,Completed,15
SYN-B000297,2023-03-12,2023-04-14,2023-04-17,SYN-STA-05,Standard,2.0,3,86.94,260.82,Direct,Completed,33
SYN-B000298,2023-03-22,2023-04-14,2023-04-17,SYN-STA-09,Standard,1.0,3,79.83,239.49,Direct,Completed,23
SYN-B000299,2023-03-31,2023-04-14,2023-04-20,SYN-STA-10,Standard,2.0,6,88.39,530.34,Online travel agency,Completed,14
SYN-B000300,2023-02-21,2023-04-14,2023-04-16,SYN-DEL-02,Deluxe,1.0,2,124.9,249.8,Online travel agency,Completed,52
SYN-B000301,2023-03-24,2023-04-14,2023-04-15,SYN-FAM-01,Family,3.0,1,158.06,158.06,Travel agent,Completed,21
SYN-B000302,2023-03-12,2023-04-15,2023-04-16,SYN-DEL-03,Deluxe,1.0,1,124.52,124.52,Online travel agency,Completed,34
SYN-B000303,2023-03-15,2023-04-15,2023-04-17,SYN-DEL-04,Deluxe,1.0,2,116.25,232.5,Online travel agency,Completed,31
SYN-B000304,2023-03-30,2023-04-15,2023-04-16,SYN-DEL-05,Deluxe,2.0,1,119.46,119.46,Direct,Completed,16
SYN-B000305,2023-03-17,2023-04-15,2023-04-17,SYN-FAM-02,Family,4.0,2,155.75,311.5,Direct, completed ,-1
SYN-B000306,2023-03-30,2023-04-16,2023-04-18,SYN-STA-02,Standard,1.0,2,74.28,148.56,Online travel agency,Completed,17
SYN-B000307,2023-04-02,2023-04-16,2023-04-17,SYN-STA-03,Standard,2.0,1,76.0,76.0,Online travel agency,Completed,14
SYN-B000308,2022-12-28,2023-04-16,2023-04-17,SYN-DEL-03,Deluxe,1.0,1,103.24,103.24,Direct,Completed,109
SYN-B000309,2023-01-04,2023-04-16,2023-04-17,SYN-DEL-05,Deluxe,2.0,1,101.93,101.93,Travel agent,Completed,102
SYN-B000310,2023-04-08,2023-04-16,2023-04-19,SYN-FAM-03,Family,1.0,3,143.78,0.0,Direct,Cancelled,8
SYN-B000311,2023-03-29,2023-04-17,2023-04-20,SYN-STA-03,Standard,2.0,3,74.45,223.35,Direct,Completed,19
SYN-B000312,2023-04-08,2023-04-18,2023-04-24,SYN-STA-07,Standard,2.0,6,77.02,462.12,Travel agent,Completed,10
SYN-B000313,2023-03-30,2023-04-18,2023-04-19,SYN-DEL-01,Deluxe,1.0,1,112.86,0.0,Online travel agency,Cancelled,-1
SYN-B000314,2023-04-06,2023-04-18,2023-04-19,SYN-DEL-04,Deluxe,1.0,1,109.53,109.53,Online travel agency,Completed,12
SYN-B000315,2023-04-13,2023-04-19,2023-04-22,SYN-STA-01,Standard,1.0,3,75.11,225.33,Direct,Completed,6
SYN-B000316,2023-03-09,2023-04-19,2023-04-22,SYN-DEL-05,Deluxe,1.0,3,110.33,330.99,Travel agent,Completed,41
SYN-B000317,2023-03-28,2023-04-19,2023-04-22,SYN-FAM-03,Family,1.0,3,146.08,438.24,Direct,Completed,22
SYN-B000318,2023-04-13,2023-04-20,2023-04-21,SYN-STA-05,Standard,2.0,1,70.68,70.68,Direct,Completed,7
SYN-B000319,2023-04-07,2023-04-20,2023-04-25,SYN-STA-06,Standard,1.0,5,74.38,0.0,Online travel agency,Cancelled,13
SYN-B000320,2023-04-10,2023-04-20,2023-04-25,SYN-STA-09,Standard,1.0,5,72.94,364.7,Online travel agency,Completed,10
SYN-B000321,2023-04-13,2023-04-21,2023-04-24,SYN-STA-02,Standard,2.0,3,85.44,256.32,Direct,Completed,8
SYN-B000322,2023-04-03,2023-04-21,2023-04-23,SYN-STA-10,Standard,2.0,2,85.05,170.1,Direct,Completed,18
SYN-B000323,2023-04-16,2023-04-21,2023-04-25,SYN-DEL-01,Deluxe,1.0,4,120.89,483.56,Direct,Completed,5
SYN-B000324,2023-04-18,2023-04-21,2023-04-23,SYN-DEL-02,Deluxe,2.0,2,118.82,237.64,Online travel agency,Completed,3
SYN-B000325,2023-04-16,2023-04-21,2023-04-22,SYN-DEL-03,Deluxe,1.0,1,129.9,0.0,Direct,Cancelled,5
SYN-B000326,2023-04-11,2023-04-22,2023-04-26,SYN-STA-05,Standard,1.0,4,84.23,336.92,Online travel agency,Completed,11
SYN-B000327,2023-04-02,2023-04-22,2023-04-24,SYN-DEL-03,Deluxe,1.0,2,126.23,252.46,Direct,Completed,20
SYN-B000328,2023-03-21,2023-04-22,2023-04-28,SYN-DEL-04,Deluxe,2.0,6,121.66,729.96,Online travel agency,Completed,32
SYN-B000329,2023-04-05,2023-04-22,2023-04-25,SYN-DEL-05,Deluxe,1.0,3,120.92,362.76,Direct,Completed,17
SYN-B000330,2023-04-11,2023-04-22,2023-04-26,SYN-FAM-01,Family,4.0,4,162.6,650.4,Online travel agency,Completed,11
SYN-B000331,2023-04-20,2023-04-22,2023-04-24,SYN-FAM-02,Family,2.0,2,154.47,308.94,Online travel agency,Completed,2
SYN-B000332,2023-04-17,2023-04-22,2023-04-23,SYN-FAM-03,Family,1.0,1,156.74,156.74,Direct,Completed,5
SYN-B000333,2023-04-18,2023-04-23,2023-04-26,SYN-STA-01,Standard,1.0,3,71.12,213.36,Travel agent,Completed,5
SYN-B000334,2023-04-08,2023-04-23,2023-04-25,SYN-STA-06,Standard,2.0,2,73.6,147.2,Online travel agency,Completed,15
SYN-B000335,2023-04-17,2023-04-23,2023-04-25,SYN-STA-08,Standard,2.0,2,71.8,143.6,Direct,Completed,6
SYN-B000336,2023-03-15,2023-04-23,2023-04-24,SYN-STA-10,Standard,2.0,1,74.94,74.94,Direct,Completed,39
SYN-B000337,2023-04-21,2023-04-23,2023-04-26,SYN-FAM-03,Family,1.0,3,144.42,433.26,Direct,Completed,2
SYN-B000338,2023-04-12,2023-04-24,2023-04-26,SYN-STA-07,Standard,2.0,2,73.56,147.12,Direct,Completed,12
SYN-B000339,2023-04-14,2023-04-24,2023-04-28,SYN-STA-10,Standard,1.0,4,71.87,287.48,Direct, completed ,10
SYN-B000340,2023-04-05,2023-04-24,2023-04-25,SYN-DEL-03,Deluxe,1.0,1,110.64,110.64,Direct,Completed,19
SYN-B000341,2023-04-17,2023-04-25,2023-04-27,SYN-STA-03,Standard,1.0,2,77.67,155.34,Direct,Completed,8
SYN-B000342,2023-03-16,2023-04-25,2023-04-27,SYN-FAM-02,Family,4.0,2,144.0,288.0,Direct,Completed,40
SYN-B000343,2023-04-16,2023-04-26,2023-04-29,SYN-STA-02,Standard,1.0,3,76.96,230.88,Direct,Completed,10
SYN-B000344,2023-04-09,2023-04-26,2023-04-28,SYN-FAM-03,Family,4.0,2,152.14,304.28,Direct,Completed,17
SYN-B000345,2023-03-31,2023-04-27,2023-04-30,SYN-STA-01,Standard,1.0,3,76.34,229.02,Direct,Completed,27
SYN-B000346,2023-04-06,2023-04-27,2023-04-29,SYN-STA-03,Standard,2.0,2,75.36,150.72,Online travel agency,Completed,21
SYN-B000347,2023-03-25,2023-04-27,2023-04-28,SYN-STA-07,Standard,1.0,1,72.18,72.18,Online travel agency,Completed,33
SYN-B000348,2023-04-03,2023-04-28,2023-04-30,SYN-STA-04,Standard,1.0,2,84.19,168.38,Online travel agency,Completed,25
SYN-B000349,2023-04-23,2023-04-28,2023-05-03,SYN-STA-05,Standard,2.0,5,83.83,419.15,Online travel agency,Completed,5
SYN-B000350,2023-04-05,2023-04-28,2023-04-30,SYN-STA-08,Standard,2.0,2,88.12,176.24,Online travel agency,Completed,23
SYN-B000351,2023-04-19,2023-04-28,2023-05-03,SYN-DEL-04,Deluxe,1.0,5,122.82,614.1,Direct,Completed,9
SYN-B000352,2023-03-30,2023-04-28,2023-05-01,SYN-DEL-05,Deluxe,1.0,3,115.9,347.7,Online travel agency,Completed,29
SYN-B000353,2023-04-11,2023-04-28,2023-04-30,SYN-FAM-02,Family,1.0,2,160.38,320.76,Direct,Completed,17
SYN-B000354,2023-04-15,2023-04-28,2023-04-29,SYN-FAM-03,Family,3.0,1,171.4,171.4,Online travel agency,Completed,13
SYN-B000355,2023-04-18,2023-04-29,2023-05-04,SYN-STA-06,Standard,1.0,5,86.01,0.0,Online travel agency,Cancelled,11
SYN-B000356,2023-04-21,2023-04-29,2023-04-30,SYN-STA-10,Standard,1.0,1,86.25,0.0,Online travel agency,Cancelled,8
SYN-B000357,2023-04-12,2023-04-29,2023-05-01,SYN-DEL-03,Deluxe,1.0,2,118.84,237.68,Direct,Completed,17
SYN-B000358,2023-04-06,2023-04-29,2023-05-03,SYN-FAM-01,Family,4.0,-1,166.28,665.12,Online travel agency,Completed,23
SYN-B000359,2023-04-21,2023-04-29,2023-05-01,SYN-FAM-03,Family,1.0,2,154.04,308.08,Direct,Completed,8
SYN-B000360,2023-03-28,2023-04-30,2023-05-01,SYN-STA-02,Standard,2.0,1,78.35,78.35,Direct,Completed,33
SYN-B000361,2023-04-24,2023-04-30,2023-05-02,SYN-STA-04,Standard,2.0,2,77.46,154.92,Direct,Completed,6
SYN-B000362,2023-04-12,2023-04-30,2023-05-03,SYN-STA-06,Standard,1.0,3,74.79,224.37,Online travel agency,Completed,18
SYN-B000363,2023-03-14,2023-04-30,2023-05-02,SYN-STA-09,Standard,1.0,2,71.85,143.7,Online travel agency,Completed,47
SYN-B000364,2023-04-25,2023-04-30,2023-05-01,SYN-DEL-02,Deluxe,1.0,1,116.06,116.06,Travel agent,Completed,5
SYN-B000365,2023-03-28,2023-05-01,2023-05-05,SYN-STA-01,Standard,1.0,4,79.48,317.92,Online travel agency,Completed,34
SYN-B000366,2023-04-12,2023-05-01,2023-05-02,SYN-STA-07,Standard,1.0,1,76.8,76.8,Online travel agency,Completed,19
SYN-B000367,2023-04-11,2023-05-01,2023-05-04,SYN-STA-08,Standard,2.0,3,72.45,217.35,Direct,Completed,20
SYN-B000368,2023-04-25,2023-05-01,2023-05-02,SYN-DEL-01,Deluxe,2.0,1,108.72,108.72,Online travel agency,Completed,6
SYN-B000369,2023-04-18,2023-05-02,2023-05-03,SYN-STA-04,Standard,1.0,1,78.96,-1.0,Online travel agency, completed ,14
SYN-B000370,2023-03-19,2023-05-02,2023-05-04,SYN-STA-10,Standard,2.0,2,78.18,156.36,Travel agent,Completed,44
SYN-B000371,2023-04-12,2023-05-02,2023-05-03,SYN-FAM-02,Family,1.0,1,150.92,150.92,Direct,Completed,20
SYN-B000372,2023-03-18,2023-05-02,2023-05-04,SYN-FAM-03,Family,4.0,2,136.62,0.0,Online travel agency,Cancelled,45
SYN-B000373,2023-04-26,2023-05-03,2023-05-06,SYN-STA-02,Standard,1.0,3,77.39,232.17,Online travel agency,Completed,7
SYN-B000374,2023-04-21,2023-05-03,2023-05-04,SYN-STA-05,Standard,2.0,1,76.72,76.72,Direct,Completed,12
SYN-B000375,2023-04-22,2023-05-03,2023-05-06,SYN-STA-07,Standard,2.0,3,77.2,231.6,Online travel agency,Completed,11
SYN-B000376,2023-03-27,2023-05-03,2023-05-05,SYN-DEL-02,Deluxe,1.0,2,111.2,0.0,Online travel agency,Cancelled,37
SYN-B000377,2023-04-23,2023-05-03,2023-05-05,SYN-DEL-03,Deluxe,1.0,2,107.63,215.26,Direct,Completed,10
SYN-B000378,2023-03-07,2023-05-03,2023-05-04,SYN-FAM-02,Family,1.0,1,149.53,149.53,Online travel agency,Completed,57
SYN-B000379,2023-04-19,2023-05-04,2023-05-06,SYN-STA-04,Standard,2.0,2,77.68,155.36,Direct,Completed,15
SYN-B000380,2023-04-26,2023-05-04,2023-05-06,SYN-STA-05,Standard,2.0,2,78.38,156.76,Travel agent,Completed,8
SYN-B000381,2023-05-02,2023-05-04,2023-05-06,SYN-STA-06,Standard,2.0,2,77.48,154.96,Direct,Completed,2
SYN-B000382,2023-04-20,2023-05-04,2023-05-05,SYN-STA-08,Standard,2.0,1,76.02,76.02,Direct,Completed,14
SYN-B000383,2023-04-18,2023-05-04,2023-05-07,SYN-STA-09,Standard,2.0,3,73.27,0.0,Direct,Cancelled,16
SYN-B000384,2023-04-18,2023-05-04,2023-05-06,SYN-FAM-01,Family,4.0,2,152.17,304.34,Direct,Completed,16
SYN-B000385,2023-04-24,2023-05-04,2023-05-06,SYN-FAM-02,Family,3.0,2,150.96,0.0,Online travel agency,Cancelled,10
SYN-B000386,2023-05-01,2023-05-05,2023-05-06,SYN-STA-08,Standard,2.0,1,83.2,83.2,Direct,Completed,4
SYN-B000387,2023-04-16,2023-05-05,2023-05-08,SYN-STA-09,Standard,2.0,3,88.96,266.88,Direct,Completed,19
SYN-B000388,2023-05-01,2023-05-05,2023-05-07,SYN-DEL-01,Deluxe,1.0,2,119.32,238.64,Online travel agency,Completed,4
SYN-B000389,2023-02-24,2023-05-05,2023-05-08,SYN-DEL-04,Deluxe,2.0,3,110.42,331.26,Direct,Completed,70
SYN-B000390,2023-04-30,2023-05-06,2023-05-08,SYN-STA-02,Standard,1.0,2,86.73,173.46,Online travel agency,Completed,6
SYN-B000391,2023-04-22,2023-05-06,2023-05-09,SYN-STA-03,Standard,1.0,3,80.85,242.55,Direct,Completed,14
SYN-B000392,2023-03-21,2023-05-06,2023-05-10,SYN-STA-04,Standard,2.0,4,81.97,327.88,Direct,Completed,46
SYN-B000393,2023-04-17,2023-05-06,2023-05-07,SYN-STA-06,Standard,1.0,1,86.35,86.35,Online travel agency,Completed,19
SYN-B000394,2023-04-24,2023-05-06,2023-05-09,SYN-STA-10,Standard,2.0,3,79.87,239.61,Online travel agency,Completed,12
SYN-B000395,2023-04-26,2023-05-06,2023-05-08,SYN-DEL-05, deluxe ,2.0,2,121.06,242.12,Travel agent,Completed,10
SYN-B000396,2023-04-16,2023-05-06,2023-05-09,SYN-FAM-02,Family,2.0,3,157.54,472.62,Direct,Completed,20
SYN-B000397,2023-04-25,2023-05-07,2023-05-10,SYN-STA-06,Standard,2.0,3,76.45,0.0,Online travel agency,Cancelled,12
SYN-B000398,2023-04-23,2023-05-07,2023-05-10,SYN-STA-07,Standard,2.0,3,78.14,234.42,Direct,Completed,14
SYN-B000399,2023-04-07,2023-05-07,2023-05-09,SYN-STA-08,Standard,2.0,2,77.62,155.24,Direct,Completed,30
SYN-B000400,2023-04-27,2023-05-08,2023-05-11,SYN-STA-05,Standard,2.0,3,72.14,216.42,Travel agent,Completed,11
SYN-B000401,2023-04-29,2023-05-08,2023-05-13,SYN-STA-06,Standard,2.0,5,72.46,362.3,Direct,Completed,9
SYN-B000402,2023-04-26,2023-05-08,2023-05-11,SYN-DEL-02,Deluxe,1.0,3,109.3,327.9,Direct,Completed,12
SYN-B000403,2023-05-02,2023-05-08,2023-05-12,SYN-DEL-04,Deluxe,1.0,4,107.0,428.0,Direct,Completed,6
SYN-B000404,2023-04-30,2023-05-08,2023-05-10,SYN-DEL-05,Deluxe,1.0,2,105.72,211.44,Direct,Completed,8
SYN-B000405,2023-04-24,2023-05-08,2023-05-09,SYN-FAM-01,Family,3.0,1,141.05,0.0,Online travel agency,Cancelled,14
SYN-B000406,2023-05-03,2023-05-09,2023-05-11,SYN-STA-01,Standard,2.0,2,71.62,0.0,Online travel agency,Cancelled,6
SYN-B000407,2023-05-01,2023-05-09,2023-05-11,SYN-STA-09,Standard,1.0,2,71.25,142.5,Travel agent,Completed,8
SYN-B000408,2023-05-01,2023-05-09,2023-05-12,SYN-DEL-03,Deluxe,2.0,3,112.11,336.33, direct ,Completed,8
SYN-B000409,2023-04-22,2023-05-09,2023-05-10,SYN-FAM-01,Family,4.0,1,152.73,152.73,Direct,Completed,17
SYN-B000410,2023-04-06,2023-05-10,2023-05-12,SYN-STA-02,Standard,1.0,2,72.7,145.4,Online travel agency,Completed,34
SYN-B000411,2023-04-12,2023-05-11,2023-05-13,SYN-STA-01,Standard,1.0,2,72.01,144.02,Direct,Completed,29
SYN-B000412,2023-03-05,2023-05-11,2023-05-15,SYN-STA-04,Standard,1.0,4,67.53,270.12,Online travel agency,Completed,67
SYN-B000413,2023-05-06,2023-05-11,2023-05-13,SYN-STA-08,Standard,2.0,2,75.95,151.9,Online travel agency,Completed,5
SYN-B000414,2023-05-05,2023-05-11,2023-05-14,SYN-STA-09,Standard,1.0,3,70.95,212.85,Online travel agency,Completed,6
SYN-B000415,2023-03-08,2023-05-11,2023-05-13,SYN-STA-10,Standard,1.0,2,66.88,133.76,Online travel agency,Completed,64
SYN-B000416,2023-04-22,2023-05-11,2023-05-12,SYN-FAM-01,Family,1.0,1,152.38,152.38,Direct,Completed,19
SYN-B000417,2023-05-04,2023-05-12,2023-05-17,SYN-STA-03,Standard,2.0,5,84.7,423.5,Direct,Completed,8
SYN-B000418,2023-05-05,2023-05-12,2023-05-13,SYN-DEL-01,Deluxe,1.0,1,122.17,0.0,Direct,Cancelled,7
SYN-B000419,2023-05-04,2023-05-12,2023-05-14,SYN-DEL-02,Deluxe,1.0,2,124.46,248.92,Travel agent,Completed,8
SYN-B000420,2023-05-02,2023-05-12,2023-05-14,SYN-DEL-04,Deluxe,2.0,2,119.86,0.0,Online travel agency,Cancelled,10
SYN-B000421,2023-05-05,2023-05-12,2023-05-13,SYN-FAM-01,Family,3.0,1,167.43,167.43,Online travel agency,Completed,7
SYN-B000422,2023-05-04,2023-05-12,2023-05-13,SYN-FAM-02,Family,2.0,1,160.62,160.62,Online travel agency,Completed,8
SYN-B000423,2023-04-24,2023-05-13,2023-05-17,SYN-STA-01,Standard,2.0,4,81.34,0.0,Direct,Cancelled,19
SYN-B000424,2023-05-02,2023-05-13,2023-05-16,SYN-STA-07,Standard,2.0,3,86.89,260.67,Direct,Completed,11
SYN-B000425,2023-05-02,2023-05-13,2023-05-16,SYN-DEL-01,Deluxe,2.0,3,117.63,0.0,Direct,Cancelled,11
SYN-B000426,2023-05-02,2023-05-13,2023-05-15,SYN-DEL-04,Deluxe,1.0,2,125.51,251.02,Direct,Completed,11
SYN-B000427,2023-05-11,2023-05-13,2023-05-15,SYN-DEL-05,Deluxe,1.0,2,117.09,0.0,Online travel agency,Cancelled,2
SYN-B000428,2023-04-30,2023-05-13,2023-05-15,SYN-FAM-03,Family,4.0,2,165.56,331.12,Direct,Completed,13
SYN-B000429,2023-04-15,2023-05-14,2023-05-16,SYN-STA-01,Standard,2.0,2,72.7,145.4,Online travel agency,Completed,29
SYN-B000430,2023-04-26,2023-05-14,2023-05-17,SYN-STA-08,Standard,2.0,3,73.56,220.68,Online travel agency,Completed,18
SYN-B000431,2023-05-03,2023-05-14,2023-05-18,SYN-DEL-01,Deluxe,1.0,4,112.53,450.12,Online travel agency, completed ,11
SYN-B000432,2023-05-07,2023-05-14,2023-05-18,SYN-DEL-02,Deluxe,1.0,4,112.77,451.08,Direct,Completed,7
SYN-B000433,2023-05-13,2023-05-14,2023-05-16,SYN-FAM-01,Family,4.0,2,152.68,305.36,Online travel agency,Completed,1
SYN-B000434,2023-05-05,2023-05-15,2023-05-18,SYN-STA-10,Standard,1.0,3,76.95,230.85,Direct,Completed,10
SYN-B000435,2023-05-01,2023-05-15,2023-05-19,SYN-DEL-03,Deluxe,2.0,4,112.96,451.84,Direct,Completed,14
SYN-B000436,2023-05-07,2023-05-15,2023-05-17,SYN-DEL-04,Deluxe,2.0,2,113.97,227.94,Travel agent,Completed,8
SYN-B000437,2023-05-10,2023-05-16,2023-05-18,SYN-STA-02,Standard,2.0,2,78.23,156.46,Direct,Completed,6
SYN-B000438,2023-05-10,2023-05-16,2023-05-17,SYN-STA-06,Standard,1.0,1,70.58,70.58,Direct,Completed,6
SYN-B000439,2023-05-08,2023-05-16,2023-05-17,SYN-STA-09,Standard,2.0,1,73.35,0.0,Online travel agency,Cancelled,8
SYN-B000440,2023-04-23,2023-05-16,2023-05-20,SYN-FAM-03,Family,4.0,4,142.09,568.36,Direct,Completed,23
SYN-B000441,2023-05-01,2023-05-17,2023-05-19,SYN-STA-03,Standard,2.0,2,73.7,147.4,Online travel agency, completed ,16
SYN-B000442,2023-04-16,2023-05-17,2023-05-18,SYN-STA-04,Standard,2.0,1,72.46,72.46,Direct,Completed,31
SYN-B000443,2023-04-26,2023-05-17,2023-05-18,SYN-STA-07,Standard,2.0,1,76.82,76.82,Online travel agency,Completed,21
SYN-B000444,2023-05-11,2023-05-17,2023-05-19,SYN-STA-08, standard ,1.0,2,75.06,150.12,Direct,Completed,6
SYN-B000445,2023-05-05,2023-05-18,2023-05-20,SYN-STA-07,Standard,1.0,2,75.22,0.0,Online travel agency,Cancelled,13
SYN-B000446,2023-05-04,2023-05-18,2023-05-20,SYN-STA-09,Standard,2.0,2,71.86,143.72,Online travel agency,Completed,14
SYN-B000447,2023-05-14,2023-05-18,2023-05-20,SYN-STA-10,Standard,2.0,2,71.93,143.86,Direct,Completed,4
SYN-B000448,2023-04-26,2023-05-18,2023-05-21,SYN-DEL-01,Deluxe,2.0,3,110.66,331.98,Direct,Completed,22
SYN-B000449,2023-04-28,2023-05-18,2023-05-19,SYN-DEL-04,Deluxe,1.0,1,115.57,115.57,Direct,Completed,20
SYN-B000450,2023-04-12,2023-05-18,2023-05-20,SYN-FAM-02,Family,3.0,2,153.43,306.86,Online travel agency,Completed,36
SYN-B000451,2023-05-17,2023-05-19,2023-05-21,SYN-STA-01,Standard,1.0,2,84.82,0.0,Online travel agency,Cancelled,2
SYN-B000452,2023-05-13,2023-05-19,2023-05-23,SYN-STA-02,Standard,1.0,4,86.61,346.44,Direct,Completed,6
SYN-B000453,2023-05-10,2023-05-19,2023-05-22,SYN-STA-03,Standard,1.0,3,87.65,262.95,Online travel agency,Completed,9
SYN-B000454,2023-05-16,2023-05-19,2023-05-20,SYN-STA-04,Standard,2.0,1,80.62,80.62,Online travel agency,Completed,3
SYN-B000455,2023-05-15,2023-05-19,2023-05-22,SYN-STA-05,Standard,1.0,3,80.14,240.42,Online travel agency,Completed,4
SYN-B000456,2023-05-08,2023-05-19,2023-05-22,SYN-STA-08,Standard,2.0,3,79.38,238.14,Online travel agency,Completed,11
SYN-B000457,2023-05-12,2023-05-19,2023-05-21,SYN-DEL-02,Deluxe,1.0,2,119.05,238.1,Direct,Completed,7
SYN-B000458,2023-05-12,2023-05-19,2023-05-20,SYN-DEL-05,Deluxe,1.0,1,124.13,124.13,Online travel agency,Completed,7
SYN-B000459,2023-05-06,2023-05-19,2023-05-24,SYN-FAM-01,Family,4.0,-1,154.37,771.85,Direct,Completed,13
SYN-B000460,2023-05-06,2023-05-20,2023-05-21,SYN-STA-01,Standard,1.0,1,83.55,83.55,Direct,Completed,14
SYN-B000461,2023-05-13,2023-05-20,2023-05-23,SYN-STA-04,Standard,1.0,3,82.65,247.95,Online travel agency,Completed,7
SYN-B000462,2023-04-17,2023-05-20,2023-05-23,SYN-STA-06,Standard,2.0,3,79.45,238.35,Direct,Completed,33
SYN-B000463,2023-05-06,2023-05-20,2023-05-21,SYN-STA-07,Standard,2.0,1,82.84,82.84,Online travel agency,Completed,-1
SYN-B000464,2023-05-09,2023-05-20,2023-05-22,SYN-STA-10,Standard,1.0,2,85.09,170.18,Online travel agency,Completed,11
SYN-B000465,2023-05-05,2023-05-20,2023-05-25,SYN-DEL-04,Deluxe,2.0,5,118.35,591.75,Online travel agency,Completed,15
SYN-B000466,2023-05-04,2023-05-20,2023-05-21,SYN-DEL-05,Deluxe,1.0,1,116.89,116.89,Direct,Completed,16
SYN-B000467,2023-03-06,2023-05-20,2023-05-22,SYN-FAM-02,Family,1.0,2,151.72,303.44,Travel agent,Completed,75
SYN-B000468,2023-02-15,2023-05-20,2023-05-22,SYN-FAM-03,Family,2.0,2,145.38,0.0,Online travel agency,Cancelled,94
SYN-B000469,2023-05-14,2023-05-21,2023-05-22,SYN-STA-09,Standard,1.0,1,78.74,78.74,Direct,Completed,7
SYN-B000470,2023-04-28,2023-05-21,2023-05-22,SYN-DEL-05,Deluxe,1.0,1,107.27,0.0,Online travel agency,Cancelled,23
SYN-B000471,2023-05-10,2023-05-21,2023-05-23,SYN-FAM-03,Family,3.0,2,138.09,276.18,Online travel agency,Completed,11
SYN-B000472,2023-05-07,2023-05-22,2023-05-25,SYN-STA-03,Standard,2.0,3,74.34,223.02,Online travel agency,Completed,15
SYN-B000473,2023-05-10,2023-05-22,2023-05-25,SYN-STA-05,Standard,2.0,3,73.45,0.0,Direct,Cancelled,12
SYN-B000474,2023-05-19,2023-05-23,2023-05-28,SYN-STA-02,Standard,2.0,5,75.49,377.45,Direct,Completed,4
SYN-B000475,2023-02-24,2023-05-23,2023-05-26,SYN-STA-04,Standard,1.0,3,71.21,213.63,Online travel agency,Completed,88
SYN-B000476,2023-04-08,2023-05-23,2023-05-25,SYN-STA-05,Standard,2.0,2,73.52,147.04,Online travel agency,Completed,45
SYN-B000477,2023-05-17,2023-05-23,2023-05-26,SYN-STA-06,Standard,2.0,3,72.76,218.28,Direct,Completed,6
SYN-B000478,2023-05-04,2023-05-23,2023-05-25,SYN-STA-08,Standard,1.0,2,71.28,142.56,Direct,Completed,19
SYN-B000479,2023-05-05,2023-05-23,2023-05-24,SYN-DEL-01,Deluxe,1.0,1,109.18,109.18,Online travel agency,Completed,18
SYN-B000480,2023-05-18,2023-05-23,2023-05-24,SYN-DEL-05,Deluxe,1.0,1,112.19,112.19,Online travel agency,Completed,5
SYN-B000481,2023-04-15,2023-05-23,2023-05-25,SYN-FAM-03,Family,3.0,2,137.51,275.02,Online travel agency,Completed,38
SYN-B000482,2023-05-15,2023-05-24,2023-05-31,SYN-STA-09,Standard,2.0,7,76.3,534.1,Direct, completed ,9
SYN-B000483,2023-05-16,2023-05-24,2023-05-25,SYN-STA-10,Standard,1.0,1,74.35,74.35,Online travel agency,Completed,8
SYN-B000484,2022-11-25,2023-05-24,2023-05-25,SYN-DEL-02,Deluxe,2.0,1,105.66,105.66,Online travel agency,Completed,180
SYN-B000485,2023-04-06,2023-05-24,2023-05-26,SYN-DEL-03,Deluxe,2.0,2,113.74,227.48,Direct, completed ,48
SYN-B000486,2023-04-24,2023-05-24,2023-05-26,SYN-DEL-05,Deluxe,1.0,2,110.82,221.64,Online travel agency,Completed,30
SYN-B000487,2023-05-17,2023-05-25,2023-05-28,SYN-STA-07,Standard,1.0,3,71.82,215.46,Direct,Completed,8
SYN-B000488,2023-05-19,2023-05-25,2023-05-26,SYN-STA-10,Standard,2.0,1,77.47,77.47,Online travel agency,Completed,6
SYN-B000489,2023-04-24,2023-05-25,2023-05-26,SYN-DEL-01,Deluxe,1.0,1,116.07,0.0,Online travel agency,Cancelled,31
SYN-B000490,2023-05-17,2023-05-25,2023-05-27,SYN-DEL-02,Deluxe,1.0,2,111.93,223.86,Direct,Completed,8
SYN-B000491,2023-04-13,2023-05-26,2023-05-29,SYN-STA-01,Standard,1.0,3,81.02,243.06,Direct,Completed,43
SYN-B000492,2023-04-21,2023-05-26,2023-05-27,SYN-STA-03,Standard,2.0,1,88.64,88.64,Online travel agency,Completed,35
SYN-B000493,2023-05-19,2023-05-26,2023-05-29,SYN-STA-04,Standard,2.0,3,86.49,259.47,Direct,Completed,7
SYN-B000494,2023-03-30,2023-05-26,2023-05-28,SYN-STA-08,Standard,1.0,2,80.03,0.0,Online travel agency,Cancelled,57
SYN-B000495,2023-05-10,2023-05-26,2023-05-29,SYN-DEL-01,Deluxe,2.0,3,116.74,350.22,Direct,Completed,16
SYN-B000496,2023-05-17,2023-05-26,2023-05-28,SYN-DEL-03,Deluxe,2.0,2,130.58,261.16,Online travel agency,Completed,9
SYN-B000497,2023-04-27,2023-05-26,2023-05-27,SYN-DEL-04,Deluxe,2.0,1,129.3,129.3,Direct,Completed,29
SYN-B000498,2023-05-08,2023-05-26,2023-05-29,SYN-DEL-05, deluxe ,2.0,3,128.53,385.59,Direct,Completed,18
SYN-B000499,2023-05-12,2023-05-26,2023-05-29,SYN-FAM-01,Family,2.0,3,154.85,464.55,Direct,Completed,14
SYN-B000500,2023-05-14,2023-05-26,2023-05-27,SYN-FAM-03,Family,3.0,1,154.63,154.63,Online travel agency,Completed,12
SYN-B000501,2023-05-22,2023-05-27,2023-05-29,SYN-STA-05,Standard,2.0,2,80.43,160.86,Direct,Completed,5
SYN-B000502,2023-05-20,2023-05-27,2023-05-29,SYN-STA-06,Standard,2.0,2,82.05,164.1,Direct,Completed,7
SYN-B000503,2023-05-01,2023-05-27,2023-06-01,SYN-STA-08, standard ,1.0,5,81.96,409.8,Online travel agency,Completed,26
SYN-B000504,2023-05-21,2023-05-27,2023-05-28,SYN-STA-10,Standard,2.0,1,85.01,85.01,Online travel agency,Completed,6
SYN-B000505,2023-05-15,2023-05-27,2023-05-31,SYN-DEL-04,Deluxe,1.0,4,118.41,473.64,Direct,Completed,12
SYN-B000506,2023-04-24,2023-05-27,2023-05-30,SYN-FAM-03,Family,3.0,3,156.06,468.18,Direct,Completed,33
SYN-B000507,2023-05-19,2023-05-28,2023-05-30,SYN-STA-03,Standard,2.0,2,70.67,0.0,Online travel agency,Cancelled,9
SYN-B000508,2023-04-21,2023-05-28,2023-05-29,SYN-STA-10,Standard,2.0,1,77.27,77.27,Online travel agency,Completed,37
SYN-B000509,2023-04-29,2023-05-29,2023-06-01,SYN-STA-05,Standard,1.0,3,75.63,0.0,Online travel agency,Cancelled,30
SYN-B000510,2023-05-23,2023-05-29,2023-06-03,SYN-DEL-03,Deluxe,2.0,5,104.02,520.1,Direct,Completed,6
SYN-B000511,2023-05-01,2023-05-29,2023-06-01,SYN-FAM-01,Family,3.0,3,137.5,412.5,Online travel agency,Completed,28
SYN-B000512,2023-05-20,2023-05-29,2023-06-01,SYN-FAM-02,Family,2.0,3,137.33,411.99,Online travel agency,Completed,9
SYN-B000513,2023-05-20,2023-05-30,2023-06-01,SYN-STA-01,Standard,2.0,2,76.52,153.04,Direct,Completed,10
SYN-B000514,2023-05-10,2023-05-30,2023-06-02,SYN-STA-03,Standard,1.0,3,72.55,217.65,Direct,Completed,20
SYN-B000515,2023-05-15,2023-05-30,2023-06-01,SYN-STA-05,Standard,1.0,2,73.74,147.48,Online travel agency,Completed,15
SYN-B000516,2023-05-26,2023-05-30,2023-06-02,SYN-STA-06,Standard,1.0,3,75.26,0.0,Direct,Cancelled,4
SYN-B000517,2023-05-16,2023-05-30,2023-06-01,SYN-STA-07,Standard,2.0,2,77.99,155.98,Online travel agency,Completed,14
SYN-B000518,2023-04-03,2023-05-31,2023-06-03,SYN-STA-02,Standard,2.0,3,75.76,227.28,Direct,Completed,58
SYN-B000519,2023-05-23,2023-05-31,2023-06-01,SYN-STA-06,Standard,1.0,1,75.41,75.41,Online travel agency,Completed,8
SYN-B000520,2023-05-10,2023-05-31,2023-06-01,SYN-DEL-02,Deluxe,1.0,1,114.27,0.0,Online travel agency,Cancelled,21
SYN-B000521,2023-05-18,2023-05-31,2023-06-01,SYN-DEL-04,Deluxe,1.0,1,115.33,115.33,Online travel agency,Completed,13
SYN-B000522,2023-04-28,2023-05-31,2023-06-05,SYN-DEL-05,Deluxe,2.0,5,116.56,582.8,Direct,Completed,33
SYN-B000523,2023-05-15,2023-05-31,2023-06-01,SYN-FAM-03,Family,4.0,1,151.77,0.0,Direct,Cancelled,16
SYN-B000524,2023-05-08,2023-06-01,2023-06-04,SYN-STA-05,Standard,2.0,3,94.91,284.73,Online travel agency,Completed,24
SYN-B000525,2023-05-16,2023-06-01,2023-06-07,SYN-STA-10,Standard,1.0,6,104.55,627.3,Travel agent,Completed,16
SYN-B000526,2022-12-03,2023-06-01,2023-06-04,SYN-DEL-01,Deluxe,1.0,3,132.22,396.66,Direct,Completed,180
SYN-B000527,2023-04-23,2023-06-01,2023-06-02,SYN-DEL-02,Deluxe,2.0,1,144.68,144.68,Online travel agency,Completed,39
SYN-B000528,2023-04-22,2023-06-01,2023-06-07,SYN-DEL-04,Deluxe,1.0,6,148.82,0.0,Direct,Cancelled,40
SYN-B000529,2023-02-06,2023-06-01,2023-06-03,SYN-FAM-01,Family,3.0,2,187.82,375.64,Travel agent,Completed,115
SYN-B000530,2023-05-28,2023-06-02,2023-06-05,SYN-STA-04, standard ,1.0,3,111.14,333.42,Online travel agency,Completed,5
SYN-B000531,2023-05-17,2023-06-02,2023-06-07,SYN-STA-08,Standard,1.0,5,105.06,525.3,Online travel agency,Completed,16
SYN-B000532,2023-05-15,2023-06-02,2023-06-03,SYN-STA-09, standard ,2.0,1,114.79,114.79,Online travel agency,Completed,18
SYN-B000533,2023-05-12,2023-06-02,2023-06-04,SYN-DEL-02,Deluxe,1.0,2,166.94,333.88,Online travel agency,Completed,21
SYN-B000534,2023-05-12,2023-06-02,2023-06-05,SYN-DEL-04,Deluxe,1.0,3,158.69,476.07,Online travel agency,Completed,21
SYN-B000535,2023-05-27,2023-06-02,2023-06-05,SYN-FAM-02,Family,2.0,3,206.61,619.83,Online travel agency,Completed,6
SYN-B000536,2023-05-01,2023-06-02,2023-06-05,SYN-FAM-03,Family,2.0,3,204.08,612.24,Travel agent,Completed,32
SYN-B000537,2023-03-30,2023-06-03,2023-06-05,SYN-STA-06,Standard,2.0,2,104.91,209.82,Online travel agency,Completed,65
SYN-B000538,2023-05-01,2023-06-03,2023-06-04,SYN-STA-07,Standard,1.0,1,108.65,108.65,Online travel agency,Completed,33
SYN-B000539,2023-05-28,2023-06-03,2023-06-06,SYN-FAM-01,Family,3.0,3,213.8,641.4,Direct,Completed,6
SYN-B000540,2023-04-22,2023-06-04,2023-06-07,SYN-STA-01,Standard,2.0,3,98.91,296.73,Online travel agency,Completed,43
SYN-B000541,2023-04-29,2023-06-04,2023-06-06,SYN-STA-02,Standard,1.0,2,100.05,200.1,Direct,Completed,36
SYN-B000542,2023-04-21,2023-06-04,2023-06-07,SYN-STA-05,Standard,2.0,3,93.38,280.14,Direct,Completed,44
SYN-B000543,2023-05-08,2023-06-04,2023-06-10,SYN-STA-07,Standard,2.0,6,99.34,0.0,Travel agent,Cancelled,27
SYN-B000544,2023-05-08,2023-06-04,2023-06-10,SYN-STA-09,Standard,1.0,6,99.73,598.38,Online travel agency,Completed,27
SYN-B000545,2023-03-26,2023-06-04,2023-06-08,SYN-DEL-01,Deluxe,1.0,4,132.38,529.52,Direct,Completed,70
SYN-B000546,2023-05-14,2023-06-04,2023-06-10,SYN-DEL-03,Deluxe,1.0,6,137.48,824.88,Direct,Completed,21
SYN-B000547,2023-05-16,2023-06-05,2023-06-09,SYN-STA-04,Standard,1.0,4,99.55,398.2,Online travel agency,Completed,20
SYN-B000548,2023-05-12,2023-06-05,2023-06-06,SYN-STA-07,Standard,1.0,1,101.31,101.31,Online travel agency,Completed,24
SYN-B000549,2023-05-22,2023-06-05,2023-06-10,SYN-DEL-02,Deluxe,2.0,5,153.37,766.85,Online travel agency,Completed,14
SYN-B000550,2023-04-25,2023-06-05,2023-06-08,SYN-DEL-05,Deluxe,1.0,3,148.11,444.33,Online travel agency,Completed,41
SYN-B000551,2023-05-09,2023-06-05,2023-06-06,SYN-FAM-02,Family,2.0,1,182.4,182.4,Travel agent,Completed,27
SYN-B000552,2023-05-18,2023-06-06,2023-06-12,SYN-STA-06,Standard,2.0,6,98.98,0.0,Direct,Cancelled,19
SYN-B000553,2023-03-30,2023-06-07,2023-06-09,SYN-STA-02,Standard,2.0,2,95.78,191.56,Direct,Completed,69
SYN-B000554,2023-04-10,2023-06-07,2023-06-12,SYN-STA-06,Standard,,5,98.48,492.4,Direct,Completed,58
SYN-B000555,2023-03-26,2023-06-07,2023-06-08,SYN-STA-07,Standard,2.0,1,90.65,90.65,Online travel agency,Completed,73
SYN-B000556,2023-05-17,2023-06-07,2023-06-09,SYN-STA-08,Standard,1.0,2,97.67,195.34,Travel agent,Completed,21
SYN-B000557,2023-05-09,2023-06-07,2023-06-09,SYN-STA-10,Standard,2.0,2,103.15,206.3,Online travel agency,Completed,29
SYN-B000558,2023-05-13,2023-06-07,2023-06-08,SYN-DEL-04,Deluxe,1.0,1,151.94,151.94,Online travel agency,Completed,25
SYN-B000559,2023-02-16,2023-06-07,2023-06-09,SYN-FAM-02,Family,1.0,2,174.0,348.0,Online travel agency,Completed,111
SYN-B000560,2023-05-06,2023-06-07,2023-06-09,SYN-FAM-03,Family,2.0,2,191.94,383.88,Direct,Completed,32
SYN-B000561,2023-05-28,2023-06-08,2023-06-09,SYN-STA-03,Standard,2.0,1,99.86,0.0,Direct,Cancelled,11
SYN-B000562,2023-04-14,2023-06-08,2023-06-12,SYN-STA-05,Standard,1.0,4,100.38,401.52,Direct,Completed,55
SYN-B000563,2023-04-29,2023-06-08,2023-06-09,SYN-DEL-04,Deluxe,2.0,1,146.12,0.0,Online travel agency,Cancelled,40
SYN-B000564,2023-03-26,2023-06-09,2023-06-13,SYN-STA-01,Standard,1.0,4,101.24,404.96,Direct,Completed,75
SYN-B000565,2023-03-21,2023-06-09,2023-06-12,SYN-STA-03,Standard,1.0,3,102.53,0.0,Direct,Cancelled,80
SYN-B000566,2023-03-07,2023-06-09,2023-06-10,SYN-STA-04,Standard,2.0,1,104.66,0.0,Direct,Cancelled,94
SYN-B000567,2023-05-21,2023-06-09,2023-06-13,SYN-STA-07,Standard,2.0,4,106.76,427.04,Direct,Completed,19
SYN-B000568,2023-02-26,2023-06-09,2023-06-11,SYN-STA-08,Standard,1.0,2,106.11,212.22,Online travel agency,Completed,103
SYN-B000569,2023-05-01,2023-06-09,2023-06-15,SYN-DEL-01,Deluxe,,6,153.71,922.26,Direct,Completed,39
SYN-B000570,2023-05-15,2023-06-09,2023-06-14,SYN-FAM-01,Family,1.0,5,212.43,1062.15,Online travel agency,Completed,25
SYN-B000571,2023-03-11,2023-06-09,2023-06-14,SYN-FAM-02,Family,2.0,5,202.18,0.0,Online travel agency,Cancelled,90
SYN-B000572,2023-05-31,2023-06-09,2023-06-13,SYN-FAM-03,Family,4.0,4,205.01,820.04,Online travel agency,Completed,9
SYN-B000573,2023-05-16,2023-06-10,2023-06-12,SYN-STA-02,Standard,2.0,2,110.35,0.0,Online travel agency,Cancelled,25
SYN-B000574,2023-05-23,2023-06-10,2023-06-13,SYN-STA-03,Standard,2.0,3,108.08,324.24,Online travel agency,Completed,18
SYN-B000575,2023-04-29,2023-06-10,2023-06-12,SYN-STA-04,Standard,1.0,2,111.32,222.64,Direct,Completed,42
SYN-B000576,2023-04-18,2023-06-10,2023-06-13,SYN-STA-09,Standard,2.0,3,105.74,317.22,Direct,Completed,53
SYN-B000577,2023-05-27,2023-06-10,2023-06-13,SYN-STA-10,Standard,1.0,3,107.23,321.69,Online travel agency,Completed,14
SYN-B000578,2023-05-20,2023-06-10,2023-06-16,SYN-DEL-02,Deluxe,1.0,6,154.65,0.0,Online travel agency,Cancelled,21
SYN-B000579,2023-05-23,2023-06-10,2023-06-13,SYN-DEL-05,Deluxe,2.0,3,170.82,512.46,Direct,Completed,18
SYN-B000580,2023-05-09,2023-06-10,2023-06-14,SYN-FAM-02,Family,3.0,4,223.07,892.28,Online travel agency,Completed,32
SYN-B000581,2023-05-22,2023-06-11,2023-06-13,SYN-STA-02,Standard,2.0,2,100.11,200.22,Online travel agency,Completed,20
SYN-B000582,2023-05-03,2023-06-11,2023-06-15,SYN-STA-08,Standard,1.0,4,97.69,390.76,Online travel agency,Completed,39
SYN-B000583,2023-05-17,2023-06-11,2023-06-16,SYN-DEL-02,Deluxe,2.0,5,152.31,761.55,Online travel agency,Completed,25
SYN-B000584,2023-05-25,2023-06-11,2023-06-17,SYN-DEL-03,Deluxe,2.0,6,148.56,0.0,Online travel agency,Cancelled,17
SYN-B000585,2023-05-26,2023-06-12,2023-06-17,SYN-STA-04,Standard,2.0,5,101.45,507.25,Online travel agency,Completed,17
SYN-B000586,2023-06-06,2023-06-12,2023-06-15,SYN-STA-06,Standard,1.0,3,99.94,299.82,Direct,Completed,6
SYN-B000587,2023-06-09,2023-06-12,2023-06-16,SYN-DEL-03,Deluxe,2.0,4,143.94,575.76,Online travel agency,Completed,3
SYN-B000588,2023-05-19,2023-06-12,2023-06-18,SYN-DEL-04, deluxe ,1.0,6,145.11,870.66,Travel agent,Completed,24
SYN-B000589,2023-05-29,2023-06-13,2023-06-16,SYN-STA-07,Standard,1.0,3,97.2,291.6,Online travel agency,Completed,15
SYN-B000590,2023-05-29,2023-06-13,2023-06-16,SYN-STA-09,Standard,2.0,3,101.4,304.2,Direct,Completed,15
SYN-B000591,2023-05-22,2023-06-13,2023-06-17,SYN-DEL-05,Deluxe,2.0,4,144.55,578.2,Online travel agency,Completed,22
SYN-B000592,2023-04-17,2023-06-14,2023-06-17,SYN-STA-03,Standard,2.0,3,100.5,301.5,Direct,Completed,58
SYN-B000593,2023-05-20,2023-06-14,2023-06-16,SYN-STA-05,Standard,2.0,2,99.68,0.0,Online travel agency,Cancelled,25
SYN-B000594,2023-05-26,2023-06-14,2023-06-16,SYN-STA-10,Standard,2.0,2,104.49,208.98,Direct, completed ,19
SYN-B000595,2023-05-22,2023-06-14,2023-06-17,SYN-FAM-01,Family,4.0,3,192.19,576.57,Online travel agency,Completed,23
SYN-B000596,2023-05-27,2023-06-14,2023-06-18,SYN-FAM-02,Family,1.0,4,181.76,727.04,Online travel agency,Completed,18
SYN-B000597,2023-04-05,2023-06-14,2023-06-16,SYN-FAM-03,Family,2.0,2,178.66,357.32,Direct,Completed,70
SYN-B000598,2023-06-10,2023-06-15,2023-06-19,SYN-STA-05,Standard,1.0,4,102.72,410.88,Travel agent,Completed,5
SYN-B000599,2023-06-02,2023-06-15,2023-06-18,SYN-STA-06,Standard,2.0,3,96.44,289.32,Online travel agency,Completed,13
SYN-B000600,2023-05-28,2023-06-15,2023-06-21,SYN-STA-08,Standard,1.0,6,96.23,577.38,Online travel agency,Completed,18
SYN-B000601,2023-05-17,2023-06-16,2023-06-24,SYN-STA-02,Standard,2.0,8,108.85,870.8,Direct,Completed,30
SYN-B000602,2022-12-18,2023-06-16,2023-06-23,SYN-STA-07,Standard,2.0,7,108.59,760.13,Direct,Completed,180
SYN-B000603,2023-05-24,2023-06-16,2023-06-18,SYN-STA-09,Standard,2.0,2,112.03,224.06,Online travel agency,Completed,23
SYN-B000604,2023-05-01,2023-06-16,2023-06-20,SYN-STA-10,Standard,2.0,4,111.88,447.52,Direct,Completed,46
SYN-B000605,2023-06-02,2023-06-16,2023-06-19,SYN-DEL-02,Deluxe,1.0,3,156.98,470.94,Online travel agency,Completed,14
SYN-B000606,2023-06-02,2023-06-16,2023-06-17,SYN-FAM-03,Family,2.0,1,209.29,209.29,Direct,Completed,14
SYN-B000607,2023-05-27,2023-06-17,2023-06-19,SYN-STA-01,Standard,2.0,2,104.9,209.8,Travel agent,Completed,21
SYN-B000608,2023-05-17,2023-06-17,2023-06-19,SYN-STA-03,Standard,1.0,2,107.51,215.02,Online travel agency,Completed,31
SYN-B000609,2023-04-27,2023-06-17,2023-06-20,SYN-DEL-01,Deluxe,1.0,3,169.72,509.16,Online travel agency,Completed,51
SYN-B000610,2023-06-08,2023-06-17,2023-06-19,SYN-DEL-05,Deluxe,1.0,2,157.35,314.7,Direct,Completed,9
SYN-B000611,2023-06-05,2023-06-17,2023-06-19,SYN-FAM-01,Family,4.0,2,216.3,432.6,Online travel agency,Completed,12
SYN-B000612,2023-02-21,2023-06-17,2023-06-23,SYN-FAM-03,Family,3.0,6,212.63,1275.78,Online travel agency,Completed,116
SYN-B000613,2023-05-02,2023-06-18,2023-06-21,SYN-DEL-03, deluxe ,2.0,3,140.92,422.76,Online travel agency,Completed,47
SYN-B000614,2023-05-26,2023-06-18,2023-06-22,SYN-DEL-04,Deluxe,2.0,4,136.79,547.16,Direct,Completed,23
SYN-B000615,2023-04-21,2023-06-18,2023-06-20,SYN-FAM-02,Family,3.0,2,184.99,369.98,Direct,Completed,58
SYN-B000616,2023-03-07,2023-06-19,2023-06-23,SYN-STA-01,Standard,1.0,4,96.99,387.96,Direct,Completed,104
SYN-B000617,2023-05-22,2023-06-19,2023-06-22,SYN-STA-03,Standard,2.0,3,103.87,0.0,Direct,Cancelled,28
SYN-B000618,2023-05-20,2023-06-19,2023-06-22,SYN-STA-05,Standard,2.0,3,96.18,288.54,Online travel agency, completed ,-1
SYN-B000619,2023-06-07,2023-06-19,2023-06-23,SYN-STA-06,Standard,1.0,4,100.52,402.08,Direct,Completed,12
SYN-B000620,2023-05-27,2023-06-19,2023-06-20,SYN-STA-09,Standard,1.0,1,104.81,104.81,Direct, completed ,23
SYN-B000621,2023-06-08,2023-06-19,2023-06-25,SYN-DEL-05,Deluxe,2.0,6,151.29,0.0,Online travel agency,Cancelled,11
SYN-B000622,2023-04-29,2023-06-20,2023-06-23,SYN-STA-04,Standard,1.0,3,101.17,303.51,Online travel agency,Completed,52
SYN-B000623,2023-06-04,2023-06-20,2023-06-23,SYN-STA-09,Standard,1.0,3,100.11,300.33,Online travel agency,Completed,16
SYN-B000624,2023-04-14,2023-06-20,2023-06-25,SYN-STA-10,Standard,2.0,5,96.61,483.05,Direct,Completed,67
SYN-B000625,2023-05-29,2023-06-20,2023-06-23,SYN-DEL-01,Deluxe,1.0,3,147.34,442.02,Online travel agency,Completed,22
SYN-B000626,2023-05-29,2023-06-20,2023-06-23,SYN-DEL-02,Deluxe,2.0,3,139.18,0.0,Online travel agency,Cancelled,22
SYN-B000627,2023-05-28,2023-06-20,2023-06-27,SYN-FAM-01,Family,2.0,7,182.89,1280.23,Direct,Completed,23
SYN-B000628,2023-05-27,2023-06-20,2023-06-21,SYN-FAM-02,Family,2.0,1,198.43,198.43,Online travel agency,Completed,-1
SYN-B000629,2023-06-11,2023-06-21,2023-06-23,SYN-DEL-03,Deluxe,1.0,2,146.92,293.84,Online travel agency,Completed,10
SYN-B000630,2023-05-07,2023-06-21,2023-06-22,SYN-DEL-05,Deluxe,1.0,1,145.65,145.65,Direct,Completed,45
SYN-B000631,2023-05-13,2023-06-21,2023-06-23,SYN-FAM-02,Family,4.0,2,189.98,379.96,Online travel agency,Completed,39
SYN-B000632,2023-04-08,2023-06-22,2023-06-24,SYN-STA-08,Standard,1.0,2,91.02,182.04,Travel agent,Completed,75
SYN-B000633,2023-05-03,2023-06-22,2023-06-26,SYN-DEL-05,Deluxe,2.0,4,143.2,572.8, travel agent ,Completed,50
SYN-B000634,2023-03-06,2023-06-23,2023-06-27,SYN-STA-01,Standard,1.0,4,104.29,417.16,Direct,Completed,109
SYN-B000635,2023-05-15,2023-06-23,2023-06-28,SYN-STA-03,Standard,2.0,5,111.62,558.1,Online travel agency,Completed,39
SYN-B000636,2023-06-04,2023-06-23,2023-06-26,SYN-STA-04,Standard,2.0,3,116.0,348.0,Online travel agency,Completed,19
SYN-B000637,2023-06-05,2023-06-23,2023-06-27,SYN-STA-06,Standard,1.0,4,110.9,443.6,Direct,Completed,18
SYN-B000638,2023-04-30,2023-06-23,2023-06-25,SYN-STA-07,Standard,1.0,2,110.75,221.5,Online travel agency,Completed,54
SYN-B000639,2023-04-17,2023-06-23,2023-06-26,SYN-STA-09,Standard,2.0,3,104.15,312.45,Online travel agency,Completed,67
SYN-B000640,2023-04-30,2023-06-23,2023-06-26,SYN-DEL-01,Deluxe,2.0,3,170.35,511.05,Online travel agency,Completed,54
SYN-B000641,2022-12-25,2023-06-23,2023-06-25,SYN-FAM-02,Family,2.0,2,212.47,424.94,Direct,Completed,180
SYN-B000642,2023-06-16,2023-06-23,2023-06-26,SYN-FAM-03,Family,4.0,3,207.04,621.12,Direct,Completed,7
SYN-B000643,2023-05-09,2023-06-24,2023-06-27,SYN-STA-02,Standard,2.0,3,111.11,333.33,Online travel agency,Completed,46
SYN-B000644,2023-06-12,2023-06-24,2023-06-29,SYN-STA-05,Standard,1.0,5,108.59,0.0,Online travel agency,Cancelled,12
SYN-B000645,2023-06-04,2023-06-24,2023-06-25,SYN-DEL-02,Deluxe,2.0,1,171.16,171.16,Direct,Completed,20
SYN-B000646,2023-04-16,2023-06-24,2023-06-28,SYN-DEL-03,Deluxe,2.0,4,146.53,586.12,Direct,Completed,69
SYN-B000647,2023-02-21,2023-06-24,2023-06-26,SYN-DEL-04,Deluxe,2.0,2,153.36,306.72,Travel agent,Completed,123
SYN-B000648,2023-03-25,2023-06-25,2023-07-02,SYN-STA-05,Standard,2.0,7,95.85,670.95,Online travel agency,Completed,92
SYN-B000649,2023-06-04,2023-06-25,2023-06-29,SYN-STA-08,Standard,1.0,4,97.03,388.12,Direct,Completed,21
SYN-B000650,2023-03-19,2023-06-25,2023-06-29,SYN-STA-10,Standard,1.0,4,94.67,378.68,Online travel agency,Completed,98
SYN-B000651,2023-01-28,2023-06-26,2023-06-30,SYN-STA-07,Standard,2.0,4,95.56,382.24,Direct,Completed,149
SYN-B000652,2023-06-15,2023-06-26,2023-06-30,SYN-DEL-05,Deluxe,2.0,4,142.7,570.8,Direct,Completed,11
SYN-B000653,2023-06-11,2023-06-26,2023-06-29,SYN-FAM-02,Family,4.0,3,193.64,0.0,Online travel agency,Cancelled,15
SYN-B000654,2023-05-12,2023-06-27,2023-07-01,SYN-STA-01,Standard,2.0,4,101.44,405.76,Direct,Completed,46
SYN-B000655,2023-05-29,2023-06-27,2023-07-02,SYN-STA-06,Standard,2.0,5,96.12,480.6,Direct,Completed,29
SYN-B000656,2023-06-04,2023-06-27,2023-07-06,SYN-STA-09,Standard,2.0,9,102.7,924.3,Online travel agency,Completed,23
SYN-B000657,2023-05-21,2023-06-27,2023-06-28,SYN-DEL-01,Deluxe,1.0,1,136.58,136.58,Direct,Completed,37
SYN-B000658,2023-05-11,2023-06-27,2023-06-30,SYN-DEL-02,Deluxe,2.0,3,153.56,460.68,Online travel agency,Completed,47
SYN-B000659,2023-06-05,2023-06-27,2023-06-29,SYN-DEL-04,Deluxe,2.0,2,147.15,294.3,Online travel agency,Completed,22
SYN-B000660,2023-01-08,2023-06-27,2023-06-29,SYN-FAM-01,Family,4.0,2,171.34,342.68,Direct,Completed,170
SYN-B000661,2023-06-20,2023-06-28,2023-06-30,SYN-STA-04,Standard,1.0,2,96.93,193.86,Travel agent,Completed,8
SYN-B000662,2023-06-09,2023-06-28,2023-07-01,SYN-DEL-01,Deluxe,2.0,3,151.42,454.26,Direct,Completed,19
SYN-B000663,2023-05-27,2023-06-28,2023-07-01,SYN-DEL-03,Deluxe,1.0,3,143.05,0.0,Direct,Cancelled,32
SYN-B000664,2023-06-08,2023-06-29,2023-07-03,SYN-STA-02,Standard,2.0,4,95.77,383.08,Online travel agency,Completed,21
SYN-B000665,2023-05-31,2023-06-29,2023-07-05,SYN-STA-08,Standard,2.0,6,95.21,571.26,Online travel agency,Completed,29
SYN-B000666,2023-06-19,2023-06-29,2023-07-04,SYN-STA-10,Standard,1.0,5,93.18,465.9,Direct,Completed,10
SYN-B000667,2023-06-06,2023-06-29,2023-07-02,SYN-DEL-03,Deluxe,1.0,3,146.39,439.17,Direct,Completed,23
SYN-B000668,2023-06-15,2023-06-29,2023-07-06,SYN-DEL-04,Deluxe,1.0,7,143.44,1004.08,Direct,Completed,14
SYN-B000669,2023-03-10,2023-06-29,2023-07-04,SYN-FAM-01,Family,2.0,5,178.85,894.25,Online travel agency,Completed,111
SYN-B000670,2023-06-25,2023-06-29,2023-07-03,SYN-FAM-02,Family,3.0,4,189.61,0.0,Online travel agency,Cancelled,4
SYN-B000671,2023-06-08,2023-06-30,2023-07-06,SYN-STA-04,Standard,2.0,6,111.93,671.58,Online travel agency,Completed,22
SYN-B000672,2023-05-22,2023-06-30,2023-07-03,SYN-FAM-02,Family,4.0,3,212.24,636.72,Online travel agency,Completed,39
SYN-B000673,2023-06-01,2023-06-30,2023-07-03,SYN-FAM-03,Family,4.0,3,218.21,654.63,Online travel agency,Completed,29
SYN-B000674,2023-06-07,2023-07-01,2023-07-05,SYN-STA-01,Standard,1.0,4,108.98,435.92,Online travel agency,Completed,24
SYN-B000675,2023-06-14,2023-07-01,2023-07-04,SYN-STA-03,Standard,2.0,3,107.83,323.49,Online travel agency,Completed,17
SYN-B000676,2023-06-14,2023-07-01,2023-07-06,SYN-STA-07,Standard,2.0,5,104.3,521.5,Direct,Completed,17
SYN-B000677,2023-06-07,2023-07-01,2023-07-04,SYN-DEL-02,Deluxe,2.0,3,168.23,504.69,Online travel agency,Completed,24
SYN-B000678,2023-04-24,2023-07-01,2023-07-03,SYN-DEL-05,Deluxe,2.0,2,147.28,294.56,Online travel agency,Completed,68
SYN-B000679,2023-05-18,2023-07-02,2023-07-05,SYN-STA-05,Standard,2.0,3,96.85,0.0,Direct,Cancelled,45
SYN-B000680,2023-06-26,2023-07-02,2023-07-04,SYN-DEL-01,Deluxe,1.0,2,142.84,285.68,Online travel agency,Completed,6
SYN-B000681,2023-03-24,2023-07-02,2023-07-06,SYN-DEL-03,Deluxe,1.0,4,144.47,577.88,Online travel agency,Completed,100
SYN-B000682,2023-05-19,2023-07-03,2023-07-09,SYN-STA-02,Standard,2.0,6,103.85,623.1,Direct,Completed,45
SYN-B000683,2023-06-17,2023-07-03,2023-07-07,SYN-STA-06,Standard,1.0,4,100.53,402.12,Direct,Completed,16
SYN-B000684,2023-04-18,2023-07-03,2023-07-06,SYN-DEL-05,Deluxe,2.0,3,134.73,404.19,Online travel agency, completed ,76
SYN-B000685,2023-06-09,2023-07-03,2023-07-07,SYN-FAM-02,Family,2.0,4,200.9,803.6,Direct,Completed,24
SYN-B000686,2023-05-31,2023-07-03,2023-07-06,SYN-FAM-03,Family,4.0,3,194.76,0.0,Online travel agency,Cancelled,33
SYN-B000687,2023-06-14,2023-07-04,2023-07-10,SYN-STA-10,Standard,2.0,6,102.41,0.0,Online travel agency,Cancelled,20
SYN-B000688,2023-01-05,2023-07-04,2023-07-07,SYN-DEL-01,Deluxe,1.0,3,142.54,427.62,Direct,Completed,180
SYN-B000689,2023-05-07,2023-07-04,2023-07-06,SYN-FAM-01,Family,3.0,2,196.7,393.4,Direct,Completed,58
SYN-B000690,2023-06-04,2023-07-05,2023-07-08,SYN-STA-01,Standard,1.0,3,97.68,293.04,Direct,Completed,31
SYN-B000691,2023-06-01,2023-07-05,2023-07-07,SYN-STA-05,Standard,1.0,2,103.49,206.98,Online travel agency,Completed,34
SYN-B000692,2023-06-09,2023-07-05,2023-07-09,SYN-STA-08,Standard,1.0,4,104.38,417.52,Direct,Completed,26
SYN-B000693,2023-06-11,2023-07-05,2023-07-09,SYN-STA-10,Standard,2.0,4,102.21,408.84,Online travel agency,Completed,24
SYN-B000694,2023-06-17,2023-07-05,2023-07-07,SYN-FAM-03,Family,4.0,2,186.77,373.54,Travel agent, completed ,18
SYN-B000695,2023-06-24,2023-07-06,2023-07-09,SYN-STA-04,Standard,2.0,3,97.22,291.66,Travel agent,Completed,12
SYN-B000696,2023-04-18,2023-07-06,2023-07-08,SYN-STA-07,Standard,1.0,2,88.91,177.82,Online travel agency,Completed,79
SYN-B000697,2023-06-16,2023-07-06,2023-07-08,SYN-STA-09,Standard,2.0,2,103.22,206.44,Direct,Completed,20
SYN-B000698,2023-05-22,2023-07-06,2023-07-11,SYN-DEL-02,Deluxe,2.0,5,136.73,683.65,Online travel agency,Completed,45
SYN-B000699,2023-06-25,2023-07-06,2023-07-10,SYN-DEL-04,Deluxe,1.0,4,151.05,604.2,Online travel agency,Completed,11
SYN-B000700,2023-06-23,2023-07-06,2023-07-08,SYN-FAM-01,Family,1.0,2,197.11,394.22,Direct,Completed,13
SYN-B000701,2023-06-18,2023-07-07,2023-07-12,SYN-STA-03,Standard,1.0,5,104.36,0.0,Online travel agency,Cancelled,19
SYN-B000702,2023-06-25,2023-07-07,2023-07-09,SYN-STA-05,Standard,1.0,2,113.73,227.46,Online travel agency,Completed,12
SYN-B000703,2023-05-29,2023-07-07,2023-07-08,SYN-STA-06,Standard,1.0,1,110.52,110.52,Online travel agency,Completed,39
SYN-B000704,2023-06-29,2023-07-07,2023-07-10,SYN-DEL-01,Deluxe,1.0,3,168.62,505.86,Online travel agency,Completed,8
SYN-B000705,2023-06-18,2023-07-07,2023-07-11,SYN-DEL-03,Deluxe,1.0,4,157.02,0.0,Travel agent,Cancelled,19
SYN-B000706,2023-06-23,2023-07-07,2023-07-11,SYN-DEL-05,Deluxe,1.0,4,162.24,648.96,Direct,Completed,14
SYN-B000707,2023-06-20,2023-07-07,2023-07-13,SYN-FAM-02,Family,2.0,6,202.01,1212.06,Online travel agency,Completed,17
SYN-B000708,2023-06-15,2023-07-07,2023-07-11,SYN-FAM-03,Family,1.0,4,214.43,857.72,Online travel agency,Completed,22
SYN-B000709,2023-06-10,2023-07-08,2023-07-09,SYN-STA-01,Standard,2.0,1,110.13,0.0,Online travel agency,Cancelled,28
SYN-B000710,2023-06-26,2023-07-08,2023-07-15,SYN-STA-03,Standard,2.0,7,115.81,810.67,Online travel agency,Completed,12
SYN-B000711,2023-04-17,2023-07-08,2023-07-10,SYN-STA-06,Standard,1.0,2,100.06,200.12,Direct, completed ,82
SYN-B000712,2023-07-02,2023-07-08,2023-07-12,SYN-STA-07,Standard,1.0,4,104.83,419.32,Direct,Completed,6
SYN-B000713,2023-06-05,2023-07-08,2023-07-12,SYN-STA-09,Standard,1.0,4,112.85,451.4,Travel agent,Completed,33
SYN-B000714,2023-04-23,2023-07-08,2023-07-11,SYN-DEL-03,Deluxe,2.0,3,156.01,468.03,Direct,Completed,76
SYN-B000715,2023-06-29,2023-07-08,2023-07-12,SYN-FAM-01,Family,1.0,4,225.02,900.08,Online travel agency,Completed,9
SYN-B000716,2023-06-09,2023-07-09,2023-07-13,SYN-STA-01,Standard,1.0,4,100.78,403.12,Travel agent,Completed,30
SYN-B000717,2023-06-29,2023-07-09,2023-07-11,SYN-STA-04,Standard,2.0,2,93.28,0.0,Travel agent,Cancelled,10
SYN-B000718,2023-06-11,2023-07-09,2023-07-13,SYN-STA-05,Standard,1.0,4,100.4,401.6,Direct,Completed,28
SYN-B000719,2023-06-26,2023-07-09,2023-07-16,SYN-STA-08,Standard,1.0,7,104.92,734.44,Direct,Completed,13
SYN-B000720,2023-05-26,2023-07-09,2023-07-14,SYN-STA-10,Standard,2.0,5,101.88,509.4,Online travel agency,Completed,44
SYN-B000721,2023-04-17,2023-07-10,2023-07-14,SYN-STA-02,Standard,1.0,4,91.05,-1.0,Online travel agency,Completed,84
SYN-B000722,2023-04-29,2023-07-10,2023-07-12,SYN-STA-04,Standard,2.0,2,88.02,176.04,Travel agent,Completed,72
SYN-B000723,2023-06-12,2023-07-10,2023-07-14,SYN-DEL-01,Deluxe,1.0,4,146.47,585.88,Online travel agency,Completed,28
SYN-B000724,2023-06-03,2023-07-10,2023-07-15,SYN-DEL-04,Deluxe,1.0,5,148.69,743.45,Direct,Completed,37
SYN-B000725,2023-05-17,2023-07-11,2023-07-13,SYN-DEL-02,Deluxe,1.0,2,150.02,300.04,Online travel agency,Completed,55
SYN-B000726,2023-07-07,2023-07-11,2023-07-16,SYN-DEL-03,Deluxe,1.0,5,147.51,737.55,Online travel agency, completed ,4
SYN-B000727,2023-05-11,2023-07-11,2023-07-15,SYN-DEL-05,Deluxe,1.0,4,144.08,576.32,Online travel agency,Completed,61
SYN-B000728,2023-06-24,2023-07-12,2023-07-15,SYN-STA-06,Standard,2.0,3,97.5,292.5,Online travel agency,Completed,18
SYN-B000729,2023-06-25,2023-07-12,2023-07-13,SYN-STA-07,Standard,1.0,1,96.0,96.0,Direct,Completed,17
SYN-B000730,2023-06-06,2023-07-12,2023-07-15,SYN-STA-09,Standard,2.0,3,100.69,302.07,Online travel agency,Completed,36
SYN-B000731,2023-07-09,2023-07-12,2023-07-15,SYN-FAM-01,Family,3.0,3,197.82,593.46,Online travel agency,Completed,3
SYN-B000732,2023-05-28,2023-07-12,2023-07-14,SYN-FAM-03,Family,2.0,2,189.97,379.94, online travel agency ,Completed,45
SYN-B000733,2023-06-03,2023-07-13,2023-07-15,SYN-STA-01,Standard,1.0,2,94.46,188.92,Online travel agency,Completed,40
SYN-B000734,2023-07-04,2023-07-13,2023-07-16,SYN-STA-04,Standard,1.0,3,97.77,293.31,Direct,Completed,9
SYN-B000735,2023-06-12,2023-07-13,2023-07-15,SYN-STA-07,Standard,1.0,2,103.88,207.76,Online travel agency,Completed,31
SYN-B000736,2023-06-29,2023-07-13,2023-07-17,SYN-DEL-02,Deluxe,2.0,4,151.28,605.12,Direct,Completed,14
SYN-B000737,2023-07-10,2023-07-13,2023-07-16,SYN-FAM-02,Family,3.0,3,201.55,604.65,Online travel agency,Completed,3
SYN-B000738,2023-04-22,2023-07-14,2023-07-16,SYN-STA-02,Standard,1.0,2,106.62,213.24,Direct,Completed,83
SYN-B000739,2023-06-25,2023-07-14,2023-07-16,SYN-STA-05,Standard,1.0,2,106.89,213.78,Online travel agency,Completed,19
SYN-B000740,2023-07-04,2023-07-14,2023-07-18,SYN-STA-10,Standard,2.0,4,113.45,453.8,Direct,Completed,10
SYN-B000741,2023-05-24,2023-07-14,2023-07-18,SYN-FAM-03,Family,4.0,4,207.76,831.04,Online travel agency,Completed,51
SYN-B000742,2023-06-27,2023-07-15,2023-07-17,SYN-STA-01,Standard,2.0,2,107.19,214.38,Direct,Completed,18
SYN-B000743,2023-06-21,2023-07-15,2023-07-19,SYN-STA-03,Standard,2.0,4,107.56,430.24,Online travel agency,Completed,24
SYN-B000744,2023-05-15,2023-07-15,2023-07-21,SYN-STA-06,Standard,2.0,6,100.56,603.36,Direct,Completed,61
SYN-B000745,2023-07-06,2023-07-15,2023-07-18,SYN-STA-07,Standard,1.0,3,113.45,0.0,Online travel agency,Cancelled,9
SYN-B000746,2023-06-17,2023-07-15,2023-07-19,SYN-STA-09,Standard,2.0,4,112.21,0.0,Direct,Cancelled,28
SYN-B000747,2023-06-30,2023-07-15,2023-07-18,SYN-DEL-01,Deluxe,1.0,3,169.25,507.75,Online travel agency,Completed,15
SYN-B000748,2023-02-07,2023-07-15,2023-07-18,SYN-DEL-04,Deluxe,2.0,3,154.94,464.82,Online travel agency,Completed,158
SYN-B000749,2023-01-16,2023-07-15,2023-07-17,SYN-DEL-05,Deluxe,2.0,2,147.07,0.0,Online travel agency,Cancelled,180
SYN-B000750,2023-06-02,2023-07-15,2023-07-16,SYN-FAM-01,Family,3.0,1,215.45,215.45,Direct,Completed,43
SYN-B000751,2023-07-05,2023-07-16,2023-07-22,SYN-STA-02,Standard,2.0,6,97.33,0.0,Online travel agency,Cancelled,11
SYN-B000752,2023-06-24,2023-07-16,2023-07-21,SYN-STA-04,Standard,1.0,5,100.0,500.0,Direct,Completed,22
SYN-B000753,2023-04-15,2023-07-16,2023-07-20,SYN-STA-05,Standard,,4,89.57,358.28,Online travel agency,Completed,92
SYN-B000754,2023-06-02,2023-07-16,2023-07-19,SYN-STA-08,Standard,2.0,3,104.71,314.13,Online travel agency,Completed,44
SYN-B000755,2023-04-12,2023-07-16,2023-07-22,SYN-DEL-03,Deluxe,1.0,6,135.51,813.06,Direct,Completed,95
SYN-B000756,2023-06-06,2023-07-16,2023-07-18,SYN-FAM-01,Family,1.0,2,184.85,369.7,Online travel agency,Completed,40
SYN-B000757,2023-06-13,2023-07-16,2023-07-19,SYN-FAM-02,Family,1.0,3,201.34,604.02,Online travel agency,Completed,33
SYN-B000758,2023-06-30,2023-07-17,2023-07-22,SYN-STA-01,Standard,1.0,5,96.11,480.55,Online travel agency,Completed,17
SYN-B000759,2023-05-02,2023-07-17,2023-07-20,SYN-STA-02,Standard,2.0,3,96.57,0.0,Online travel agency,Cancelled,76
SYN-B000760,2023-06-20,2023-07-17,2023-07-18,SYN-STA-09,Standard,2.0,1,93.23,93.23,Direct,Completed,27
SYN-B000761,2023-05-07,2023-07-18,2023-07-24,SYN-STA-10,Standard,1.0,6,97.05,582.3,Travel agent,Completed,72
SYN-B000762,2023-05-18,2023-07-18,2023-07-20,SYN-DEL-02,Deluxe,2.0,2,132.1,264.2,Direct,Completed,61
SYN-B000763,2023-06-07,2023-07-18,2023-07-21,SYN-DEL-05,Deluxe,1.0,3,150.69,452.07,Online travel agency,Completed,41
SYN-B000764,2023-05-16,2023-07-18,2023-07-23,SYN-FAM-01,Family,4.0,5,176.27,881.35,Online travel agency,Completed,63
SYN-B000765,2023-05-08,2023-07-18,2023-07-20,SYN-FAM-03,Family,3.0,2,179.64,359.28,Direct,Completed,71
SYN-B000766,2023-06-21,2023-07-19,2023-07-23,SYN-STA-07,Standard,1.0,4,98.91,395.64,Online travel agency,Completed,28
SYN-B000767,2023-07-11,2023-07-19,2023-07-22,SYN-STA-08,Standard,2.0,3,95.55,286.65,Online travel agency,Completed,-1
SYN-B000768,2023-07-07,2023-07-19,2023-07-26,SYN-DEL-01,Deluxe,2.0,7,151.86,1063.02,Direct,Completed,12
SYN-B000769,2023-06-22,2023-07-19,2023-07-24,SYN-DEL-04,Deluxe,1.0,5,153.57,767.85,Direct,Completed,27
SYN-B000770,2023-06-20,2023-07-19,2023-07-23,SYN-FAM-02,Family,2.0,4,202.63,810.52,Direct,Completed,29
SYN-B000771,2023-06-04,2023-07-20,2023-07-22,SYN-STA-02,Standard,1.0,2,104.22,208.44,Direct,Completed,46
SYN-B000772,2023-05-28,2023-07-20,2023-07-22,SYN-STA-03,Standard,1.0,2,93.59,187.18,Direct,Completed,53
SYN-B000773,2023-07-11,2023-07-20,2023-07-24,SYN-STA-09,Standard,1.0,4,101.37,405.48,Online travel agency,Completed,9
SYN-B000774,2023-06-05,2023-07-20,2023-07-25,SYN-DEL-02,Deluxe,1.0,5,152.83,0.0,Online travel agency,Cancelled,45
SYN-B000775,2023-07-05,2023-07-20,2023-07-24,SYN-FAM-03,Family,1.0,4,201.6,806.4,Online travel agency,Completed,15
SYN-B000776,2023-06-25,2023-07-21,2023-07-28,SYN-STA-04,Standard,1.0,7,104.82,733.74,Direct,Completed,26
SYN-B000777,2023-07-01,2023-07-21,2023-07-24,SYN-STA-05,Standard,2.0,3,111.99,335.97,Direct,Completed,20
SYN-B000778,2023-06-26,2023-07-21,2023-07-23,SYN-STA-06,Standard,1.0,2,116.01,232.02,Online travel agency,Completed,25
SYN-B000779,2023-07-08,2023-07-21,2023-07-25,SYN-DEL-02,Deluxe,1.0,4,157.4,629.6,Direct,Completed,13
SYN-B000780,2023-03-30,2023-07-21,2023-07-26,SYN-DEL-05,Deluxe,1.0,5,153.59,767.95,Online travel agency,Completed,113
SYN-B000781,2023-06-26,2023-07-22,2023-07-27,SYN-STA-01,Standard,2.0,5,104.68,523.4,Online travel agency,Completed,26
SYN-B000782,2023-06-12,2023-07-22,2023-07-28,SYN-STA-03,Standard,1.0,-1,112.54,675.24,Travel agent,Completed,40
SYN-B000783,2023-07-16,2023-07-22,2023-07-25,SYN-STA-08,Standard,2.0,3,108.22,324.66,Direct,Completed,6
SYN-B000784,2023-05-12,2023-07-22,2023-07-28,SYN-DEL-03,Deluxe,1.0,6,159.32,0.0,Direct,Cancelled,71
SYN-B000785,2023-05-24,2023-07-23,2023-07-27,SYN-STA-02,Standard,2.0,4,89.01,356.04,Travel agent,Completed,60
SYN-B000786,2023-06-28,2023-07-23,2023-07-27,SYN-STA-06,Standard,2.0,4,94.37,377.48,Online travel agency,Completed,25
SYN-B000787,2023-06-15,2023-07-23,2023-07-26,SYN-DEL-03,Deluxe,1.0,3,152.93,458.79,Travel agent,Completed,38
SYN-B000788,2023-06-20,2023-07-23,2023-07-24,SYN-FAM-01,Family,1.0,1,183.09,183.09,Direct,Completed,33
SYN-B000789,2023-06-20,2023-07-23,2023-07-28,SYN-FAM-02,Family,4.0,5,181.83,909.15,Online travel agency,Completed,33
SYN-B000790,2023-07-15,2023-07-24,2023-07-29,SYN-STA-07, standard ,2.0,5,101.69,508.45,Direct,Completed,9
SYN-B000791,2023-05-10,2023-07-24,2023-07-29,SYN-STA-09,Standard,2.0,5,93.11,465.55,Online travel agency,Completed,75
SYN-B000792,2023-05-20,2023-07-24,2023-07-28,SYN-STA-10,Standard,1.0,4,87.57,350.28,Travel agent,Completed,65
SYN-B000793,2023-03-28,2023-07-24,2023-07-27,SYN-FAM-01,Family,3.0,3,173.85,521.55,Online travel agency,Completed,118
SYN-B000794,2023-07-20,2023-07-24,2023-07-27,SYN-FAM-03,Family,2.0,3,187.18,561.54,Travel agent,Completed,4
SYN-B000795,2023-07-06,2023-07-25,2023-07-27,SYN-STA-05,Standard,2.0,2,96.69,193.38,Travel agent,Completed,19
SYN-B000796,2023-07-10,2023-07-25,2023-07-27,SYN-STA-08,Standard,1.0,2,101.37,202.74,Online travel agency,Completed,15
SYN-B000797,2023-07-01,2023-07-25,2023-07-28,SYN-DEL-02,Deluxe,1.0,3,140.19,420.57,Direct,Completed,24
SYN-B000798,2023-05-21,2023-07-26,2023-07-29,SYN-DEL-01,Deluxe,2.0,3,141.93,425.79,Online travel agency,Completed,66
SYN-B000799,2023-06-09,2023-07-26,2023-07-29,SYN-DEL-03,Deluxe,2.0,3,150.56,451.68,Travel agent,Completed,47
SYN-B000800,2023-06-27,2023-07-26,2023-07-29,SYN-DEL-04,Deluxe,1.0,3,144.93,434.79,Direct,Completed,29
SYN-B000801,2023-06-29,2023-07-26,2023-07-29,SYN-DEL-05,Deluxe,1.0,3,143.84,431.52,Direct,Completed,27
SYN-B000802,2023-07-03,2023-07-27,2023-08-02,SYN-STA-01,Standard,2.0,6,94.35,566.1,Online travel agency,Completed,24
SYN-B000803,2023-07-17,2023-07-27,2023-07-29,SYN-STA-02,Standard,1.0,2,99.78,199.56,Online travel agency,Completed,10
SYN-B000804,2023-05-19,2023-07-27,2023-07-30,SYN-STA-05,Standard,2.0,3,98.45,295.35,Online travel agency,Completed,69
SYN-B000805,2023-05-09,2023-07-27,2023-07-31,SYN-STA-08,Standard,2.0,4,97.31,389.24,Direct,Completed,79
SYN-B000806,2023-07-17,2023-07-27,2023-07-31,SYN-FAM-01,Family,3.0,4,187.59,750.36,Travel agent,Completed,10
SYN-B000807,2023-05-30,2023-07-27,2023-08-01,SYN-FAM-03,Family,3.0,5,202.06,1010.3,Online travel agency,Completed,58
SYN-B000808,2023-07-02,2023-07-28,2023-07-29,SYN-STA-03,Standard,2.0,1,114.66,114.66,Online travel agency,Completed,26
SYN-B000809,2023-07-16,2023-07-28,2023-08-02,SYN-STA-04,Standard,1.0,5,104.52,522.6,Direct,Completed,12
SYN-B000810,2023-06-25,2023-07-28,2023-08-01,SYN-STA-06,Standard,1.0,4,105.28,421.12,Travel agent,Completed,33
SYN-B000811,2023-06-27,2023-07-28,2023-08-04,SYN-FAM-02,Family,2.0,7,210.79,1475.53,Online travel agency,Completed,31
SYN-B000812,2023-06-18,2023-07-29,2023-07-30,SYN-STA-03,Standard,1.0,1,110.21,110.21,Direct,Completed,41
SYN-B000813,2023-06-09,2023-07-29,2023-07-31,SYN-STA-07,Standard,2.0,2,114.52,229.04,Online travel agency,Completed,50
SYN-B000814,2023-07-05,2023-07-29,2023-08-03,SYN-STA-10,Standard,2.0,5,106.35,531.75,Online travel agency,Completed,24
SYN-B000815,2023-07-06,2023-07-29,2023-07-30,SYN-DEL-02,Deluxe,1.0,1,164.55,0.0,Online travel agency,Cancelled,23
SYN-B000816,2023-07-11,2023-07-29,2023-08-03,SYN-DEL-03,Deluxe,2.0,5,160.56,802.8,Online travel agency,Completed,18
SYN-B000817,2023-07-25,2023-07-29,2023-08-02,SYN-DEL-04,Deluxe,1.0,4,160.97,643.88,Direct,Completed,4
SYN-B000818,2023-07-15,2023-07-30,2023-08-01,SYN-STA-09,Standard,1.0,2,95.8,191.6,Travel agent,Completed,15
SYN-B000819,2023-05-19,2023-07-30,2023-08-02,SYN-DEL-01,Deluxe,2.0,3,144.25,432.75,Direct,Completed,72
SYN-B000820,2023-07-16,2023-07-30,2023-08-05,SYN-DEL-02,Deluxe,1.0,6,139.02,834.12,Online travel agency,Completed,14
SYN-B000821,2023-07-26,2023-07-30,2023-08-03,SYN-DEL-05,Deluxe,1.0,4,143.73,574.92,Online travel agency,Completed,4
SYN-B000822,2023-07-12,2023-07-31,2023-08-08,SYN-STA-03,Standard,1.0,8,94.92,759.36,Direct,Completed,19
SYN-B000823,2023-03-21,2023-07-31,2023-08-03,SYN-STA-05,Standard,2.0,3,92.37,277.11,Direct,Completed,132
SYN-B000824,2023-04-23,2023-07-31,2023-08-02,SYN-STA-07,Standard,1.0,2,96.11,0.0,Online travel agency,Cancelled,99
SYN-B000825,2023-07-15,2023-07-31,2023-08-04,SYN-STA-08,Standard,2.0,4,100.93,403.72,Direct,Completed,16
SYN-B000826,2023-06-29,2023-07-31,2023-08-03,SYN-FAM-01,Family,2.0,3,181.52,544.56,Online travel agency,Completed,32
SYN-B000827,2023-07-19,2023-08-01,2023-08-05,SYN-STA-02,Standard,2.0,4,95.39,381.56,Travel agent,Completed,13
SYN-B000828,2023-06-27,2023-08-01,2023-08-02,SYN-STA-06,Standard,2.0,1,103.33,103.33,Travel agent,Completed,35
SYN-B000829,2023-07-01,2023-08-01,2023-08-03,SYN-STA-07,Standard,2.0,2,96.15,192.3,Direct,Completed,31
SYN-B000830,2023-06-26,2023-08-01,2023-08-02,SYN-STA-09,Standard,1.0,1,96.85,0.0,Travel agent,Cancelled,36
SYN-B000831,2023-05-02,2023-08-01,2023-08-04,SYN-FAM-03,Family,4.0,3,189.6,568.8,Online travel agency,Completed,91
SYN-B000832,2023-05-28,2023-08-02,2023-08-04,SYN-STA-01,Standard,2.0,2,92.23,184.46,Online travel agency,Completed,66
SYN-B000833,2023-06-25,2023-08-02,2023-08-06,SYN-STA-04,Standard,1.0,4,100.15,400.6,Online travel agency,Completed,38
SYN-B000834,2023-07-05,2023-08-02,2023-08-05,SYN-STA-06,Standard,2.0,3,101.05,303.15,Online travel agency,Completed,28
SYN-B000835,2023-07-10,2023-08-02,2023-08-07,SYN-DEL-04,Deluxe,2.0,5,150.87,0.0,Direct,Cancelled,23
SYN-B000836,2023-07-13,2023-08-03,2023-08-04,SYN-STA-05,Standard,2.0,1,94.84,94.84,Online travel agency,Completed,21
SYN-B000837,2023-07-14,2023-08-03,2023-08-05,SYN-STA-07,Standard,1.0,2,97.14,194.28,Online travel agency, completed ,20
SYN-B000838,2023-07-19,2023-08-03,2023-08-05,SYN-STA-09,Standard,1.0,2,94.62,189.24,Direct,Completed,15
SYN-B000839,2023-07-23,2023-08-03,2023-08-04,SYN-DEL-03,Deluxe,1.0,1,137.18,137.18,Direct,Completed,11
SYN-B000840,2023-07-14,2023-08-03,2023-08-10,SYN-DEL-04,Deluxe,2.0,7,143.08,1001.56,Direct,Completed,20
SYN-B000841,2023-06-29,2023-08-03,2023-08-07,SYN-DEL-05,Deluxe,2.0,4,147.99,0.0,Online travel agency,Cancelled,35
SYN-B000842,2023-05-02,2023-08-03,2023-08-09,SYN-FAM-01,Family,,6,187.02,1122.12,Direct,Completed,93
SYN-B000843,2023-07-01,2023-08-04,2023-08-06,SYN-STA-01,Standard,1.0,2,112.15,224.3,Direct,Completed,34
SYN-B000844,2023-07-02,2023-08-04,2023-08-10,SYN-STA-05,Standard,1.0,6,113.26,679.56,Direct,Completed,33
SYN-B000845,2023-06-24,2023-08-04,2023-08-07,SYN-STA-08,Standard,1.0,3,112.16,336.48,Online travel agency,Completed,41
SYN-B000846,2023-07-23,2023-08-04,2023-08-08,SYN-DEL-01,Deluxe,1.0,4,169.55,678.2, online travel agency ,Completed,12
SYN-B000847,2023-07-05,2023-08-04,2023-08-09,SYN-DEL-03,Deluxe,2.0,5,158.33,791.65,Direct,Completed,30
SYN-B000848,2023-06-10,2023-08-04,2023-08-07,SYN-DEL-05,Deluxe,1.0,3,168.93,506.79,Travel agent,Completed,55
SYN-B000849,2023-07-14,2023-08-04,2023-08-12,SYN-FAM-03,Family,3.0,8,224.14,-1.0,Online travel agency,Completed,21
SYN-B000850,2023-06-14,2023-08-05,2023-08-09,SYN-STA-02,Standard,2.0,4,109.42,437.68,Direct,Completed,52
SYN-B000851,2023-07-20,2023-08-05,2023-08-09,SYN-STA-06,Standard,1.0,4,112.2,448.8,Direct,Completed,16
SYN-B000852,2023-07-11,2023-08-05,2023-08-11,SYN-STA-07,Standard,2.0,6,106.68,640.08,Online travel agency,Completed,25
SYN-B000853,2023-07-05,2023-08-05,2023-08-07,SYN-DEL-02,Deluxe,2.0,2,154.18,308.36,Online travel agency,Completed,31
SYN-B000854,2023-08-02,2023-08-05,2023-08-09,SYN-FAM-02,Family,2.0,4,209.33,0.0,Online travel agency,Cancelled,3
SYN-B000855,2023-08-04,2023-08-06,2023-08-11,SYN-STA-09,Standard,2.0,5,102.29,511.45,Direct,Completed,2
SYN-B000856,2023-07-28,2023-08-06,2023-08-09,SYN-FAM-02,Family,,3,187.25,561.75,Direct,Completed,9
SYN-B000857,2023-06-21,2023-08-07,2023-08-11,SYN-STA-01,Standard,2.0,4,102.72,410.88,Direct,Completed,47
SYN-B000858,2023-07-19,2023-08-07,2023-08-11,SYN-STA-04,Standard,1.0,4,95.67,382.68,Direct,Completed,19
SYN-B000859,2023-07-23,2023-08-07,2023-08-09,SYN-DEL-02,Deluxe,2.0,2,149.53,299.06,Online travel agency,Completed,15
SYN-B000860,2023-07-17,2023-08-07,2023-08-10,SYN-DEL-05,Deluxe,,3,153.19,459.57,Travel agent,Completed,21
SYN-B000861,2023-07-28,2023-08-08,2023-08-09,SYN-STA-03,Standard,1.0,1,94.45,94.45,Travel agent,Completed,11
SYN-B000862,2023-06-30,2023-08-09,2023-08-12,SYN-STA-02,Standard,1.0,3,104.58,313.74,Online travel agency,Completed,40
SYN-B000863,2023-08-05,2023-08-09,2023-08-13,SYN-STA-03,Standard,1.0,4,101.45,405.8,Direct,Completed,4
SYN-B000864,2023-07-19,2023-08-09,2023-08-12,SYN-STA-06,Standard,2.0,3,97.7,293.1,Online travel agency,Completed,21
SYN-B000865,2023-06-30,2023-08-09,2023-08-11,SYN-STA-10,Standard,2.0,2,100.49,200.98,Travel agent,Completed,40
SYN-B000866,2023-07-29,2023-08-09,2023-08-14,SYN-DEL-01,Deluxe,2.0,5,151.86,759.3,Direct, completed ,11
SYN-B000867,2023-07-18,2023-08-09,2023-08-11,SYN-DEL-02,Deluxe,1.0,2,144.57,289.14,Travel agent,Completed,22
SYN-B000868,2023-07-08,2023-08-09,2023-08-13,SYN-DEL-03,Deluxe,2.0,4,146.03,0.0,Online travel agency,Cancelled,32
SYN-B000869,2023-06-18,2023-08-09,2023-08-10,SYN-FAM-01,Family,1.0,1,186.79,186.79,Online travel agency,Completed,52
SYN-B000870,2023-04-04,2023-08-10,2023-08-14,SYN-STA-05,Standard,2.0,4,95.55,382.2,Travel agent,Completed,128
SYN-B000871,2023-08-02,2023-08-10,2023-08-13,SYN-STA-08,Standard,1.0,3,97.79,293.37,Direct,Completed,8
SYN-B000872,2023-06-22,2023-08-10,2023-08-14,SYN-DEL-03,Deluxe,2.0,4,142.84,571.36,Direct,Completed,49
SYN-B000873,2023-07-10,2023-08-10,2023-08-12,SYN-DEL-04,Deluxe,1.0,2,143.34,286.68,Direct,Completed,31
SYN-B000874,2023-05-10,2023-08-10,2023-08-17,SYN-DEL-05,Deluxe,1.0,7,136.13,952.91,Online travel agency,Completed,92
SYN-B000875,2023-05-06,2023-08-10,2023-08-15,SYN-FAM-02,Family,1.0,5,183.73,918.65,Direct,Completed,96
SYN-B000876,2023-07-24,2023-08-11,2023-08-14,SYN-STA-01,Standard,2.0,3,105.79,317.37,Online travel agency,Completed,18
SYN-B000877,2023-07-30,2023-08-11,2023-08-12,SYN-STA-04,Standard,2.0,1,111.23,111.23,Direct,Completed,12
SYN-B000878,2023-07-30,2023-08-11,2023-08-13,SYN-STA-07,Standard,1.0,-1,110.37,220.74,Direct,Completed,12
SYN-B000879,2023-08-01,2023-08-11,2023-08-16,SYN-STA-09,Standard,2.0,5,106.91,534.55,Online travel agency,Completed,10
SYN-B000880,2023-04-29,2023-08-11,2023-08-16,SYN-DEL-02,Deluxe,1.0,5,155.04,775.2,Direct,Completed,104
SYN-B000881,2023-06-28,2023-08-11,2023-08-18,SYN-FAM-01,Family,1.0,7,203.91,1427.37,Direct,Completed,44
SYN-B000882,2023-08-01,2023-08-12,2023-08-14,SYN-STA-02,Standard,2.0,2,108.43,216.86,Online travel agency,Completed,11
SYN-B000883,2023-07-22,2023-08-12,2023-08-16,SYN-STA-04,Standard,1.0,4,110.23,440.92,Online travel agency,Completed,21
SYN-B000884,2023-06-04,2023-08-12,2023-08-15,SYN-STA-06,Standard,1.0,3,103.75,311.25,Online travel agency,Completed,69
SYN-B000885,2023-05-24,2023-08-12,2023-08-15,SYN-STA-10,Standard,1.0,3,104.12,312.36,Online travel agency,Completed,80
SYN-B000886,2023-06-08,2023-08-12,2023-08-14,SYN-DEL-04,Deluxe,1.0,2,144.15,288.3,Direct,Completed,65
SYN-B000887,2023-07-05,2023-08-12,2023-08-18,SYN-FAM-03,Family,1.0,6,226.81,1360.86,Direct,Completed,38
SYN-B000888,2023-07-03,2023-08-13,2023-08-17,SYN-STA-08,Standard,2.0,4,94.8,379.2,Direct,Completed,41
SYN-B000889,2023-08-10,2023-08-14,2023-08-16,SYN-STA-01,Standard,1.0,2,98.37,-1.0,Direct, completed ,4
SYN-B000890,2023-08-07,2023-08-14,2023-08-18,SYN-STA-02,Standard,1.0,4,94.66,378.64,Travel agent,Completed,7
SYN-B000891,2023-08-03,2023-08-14,2023-08-15,SYN-STA-03,Standard,2.0,1,102.38,102.38,Travel agent,Completed,11
SYN-B000892,2023-06-27,2023-08-14,2023-08-17,SYN-STA-07,Standard,1.0,3,102.35,307.05,Travel agent,Completed,48
SYN-B000893,2023-07-27,2023-08-14,2023-08-15,SYN-DEL-01,Deluxe,1.0,1,138.51,138.51,Online travel agency,Completed,18
SYN-B000894,2023-07-16,2023-08-14,2023-08-19,SYN-DEL-03,Deluxe,1.0,5,144.69,723.45,Direct,Completed,29
SYN-B000895,2023-07-27,2023-08-14,2023-08-18,SYN-DEL-04,Deluxe,1.0,4,140.14,560.56,Online travel agency,Completed,18
SYN-B000896,2023-07-31,2023-08-15,2023-08-18,SYN-STA-05,Standard,2.0,3,101.55,0.0,Online travel agency,Cancelled,15
SYN-B000897,2023-07-21,2023-08-15,2023-08-19,SYN-STA-06,Standard,1.0,4,100.2,400.8,Travel agent,Completed,25
SYN-B000898,2023-08-12,2023-08-15,2023-08-21,SYN-DEL-01,Deluxe,1.0,6,146.25,877.5,Direct,Completed,3
SYN-B000899,2023-07-28,2023-08-15,2023-08-16,SYN-FAM-02,Family,1.0,1,181.81,181.81,Online travel agency,Completed,18
SYN-B000900,2023-07-30,2023-08-16,2023-08-19,SYN-STA-01,Standard,1.0,3,95.97,287.91,Online travel agency,Completed,17
SYN-B000901,2023-06-10,2023-08-16,2023-08-17,SYN-STA-03,Standard,2.0,1,91.3,91.3,Online travel agency,Completed,67
SYN-B000902,2023-07-06,2023-08-16,2023-08-19,SYN-STA-04,Standard,2.0,3,97.06,291.18,Travel agent,Completed,41
SYN-B000903,2023-07-03,2023-08-16,2023-08-19,SYN-STA-09,Standard,2.0,3,99.24,297.72,Online travel agency,Completed,44
SYN-B000904,2023-07-21,2023-08-16,2023-08-19,SYN-STA-10,Standard,1.0,3,102.9,308.7,Online travel agency,Completed,26
SYN-B000905,2023-07-20,2023-08-16,2023-08-20,SYN-DEL-02,Deluxe,1.0,4,147.47,589.88,Online travel agency,Completed,27
SYN-B000906,2023-07-27,2023-08-16,2023-08-19,SYN-FAM-02,Family,3.0,3,196.61,589.83,Online travel agency,Completed,20
SYN-B000907,2023-07-28,2023-08-17,2023-08-21,SYN-STA-05,Standard,1.0,4,99.15,396.6,Online travel agency,Completed,20
SYN-B000908,2023-07-31,2023-08-17,2023-08-23,SYN-STA-07,Standard,2.0,6,95.64,573.84,Travel agent,Completed,17
SYN-B000909,2023-08-03,2023-08-17,2023-08-19,SYN-DEL-05,Deluxe,1.0,2,152.66,305.32,Direct,Completed,14
SYN-B000910,2023-07-22,2023-08-18,2023-08-22,SYN-STA-02,Standard,1.0,4,107.04,428.16,Online travel agency, completed ,27
SYN-B000911,2023-07-27,2023-08-18,2023-08-25,SYN-STA-03,Standard,2.0,7,112.35,786.45,Online travel agency,Completed,22
SYN-B000912,2023-03-10,2023-08-18,2023-08-22,SYN-STA-08,Standard,1.0,4,104.99,419.96, travel agent ,Completed,161
SYN-B000913,2023-07-27,2023-08-18,2023-08-22,SYN-DEL-04,Deluxe,2.0,4,164.66,658.64,Online travel agency,Completed,22
SYN-B000914,2023-08-09,2023-08-18,2023-08-23,SYN-FAM-01,Family,4.0,5,215.8,1079.0,Online travel agency,Completed,9
SYN-B000915,2023-07-26,2023-08-18,2023-08-21,SYN-FAM-03,Family,2.0,3,209.19,627.57, travel agent ,Completed,23
SYN-B000916,2023-08-15,2023-08-19,2023-08-22,SYN-STA-01,Standard,2.0,3,114.89,344.67,Travel agent,Completed,4
SYN-B000917,2023-08-04,2023-08-19,2023-08-21,SYN-STA-04,Standard,1.0,2,117.18,234.36,Direct,Completed,15
SYN-B000918,2023-05-31,2023-08-19,2023-08-21,SYN-STA-06,Standard,2.0,2,105.74,211.48,Direct,Completed,80
SYN-B000919,2023-07-23,2023-08-19,2023-08-22,SYN-STA-09,Standard,2.0,3,117.2,351.6,Direct,Completed,27
SYN-B000920,2023-08-14,2023-08-19,2023-08-23,SYN-STA-10,Standard,2.0,4,107.58,430.32,Online travel agency,Completed,5
SYN-B000921,2023-07-26,2023-08-19,2023-08-27,SYN-DEL-03,Deluxe,1.0,8,171.93,1375.44,Direct,Completed,24
SYN-B000922,2023-07-22,2023-08-19,2023-08-23,SYN-DEL-05,Deluxe,1.0,4,166.98,0.0,Online travel agency,Cancelled,28
SYN-B000923,2023-06-15,2023-08-19,2023-08-22,SYN-FAM-02,Family,2.0,3,210.8,632.4,Direct,Completed,65
SYN-B000924,2023-07-26,2023-08-20,2023-08-23,SYN-DEL-02,Deluxe,1.0,3,146.49,0.0,Online travel agency,Cancelled,25
SYN-B000925,2023-07-28,2023-08-20,2023-08-22,SYN-DEL-05,Deluxe,1.0,2,153.26,306.52,Online travel agency,Completed,23
SYN-B000926,2023-03-13,2023-08-21,2023-08-25,SYN-STA-05,Standard,1.0,4,93.33,373.32,Travel agent,Completed,161
SYN-B000927,2023-08-02,2023-08-21,2023-08-25,SYN-STA-06,Standard,1.0,4,100.53,0.0,Travel agent,Cancelled,-1
SYN-B000928,2023-08-10,2023-08-21,2023-08-22,SYN-DEL-01,Deluxe,1.0,1,148.24,148.24,Online travel agency,Completed,11
SYN-B000929,2023-07-24,2023-08-21,2023-08-22,SYN-FAM-03,Family,3.0,1,185.56,185.56,Online travel agency,Completed,28
SYN-B000930,2023-08-02,2023-08-22,2023-08-24,SYN-STA-01,Standard,2.0,2,93.68,187.36,Direct,Completed,20
SYN-B000931,2023-08-06,2023-08-22,2023-08-25,SYN-STA-02,Standard,2.0,3,95.73,0.0,Online travel agency,Cancelled,16
SYN-B000932,2023-06-26,2023-08-22,2023-08-25,SYN-STA-08,Standard,2.0,3,100.63,301.89,Direct,Completed,57
SYN-B000933,2023-07-10,2023-08-22,2023-08-25,SYN-STA-09,Standard,1.0,3,95.38,286.14,Online travel agency,Completed,43
SYN-B000934,2023-02-23,2023-08-22,2023-08-26,SYN-DEL-01, deluxe ,2.0,4,139.68,558.72,Direct,Completed,180
SYN-B000935,2023-08-07,2023-08-22,2023-08-24,SYN-DEL-02,Deluxe,2.0,2,146.86,0.0, direct ,Cancelled,15
SYN-B000936,2023-08-14,2023-08-22,2023-08-28,SYN-DEL-04,Deluxe,2.0,6,150.24,901.44,Travel agent,Completed,8
SYN-B000937,2023-07-03,2023-08-22,2023-08-25,SYN-FAM-02,Family,4.0,3,183.27,549.81,Direct,Completed,50
SYN-B000938,2023-08-12,2023-08-22,2023-08-27,SYN-FAM-03,Family,4.0,5,183.66,918.3,Online travel agency,Completed,-1
SYN-B000939,2023-08-10,2023-08-23,2023-08-24,SYN-STA-07,Standard,2.0,1,102.08,102.08,Direct,Completed,13
SYN-B000940,2023-08-01,2023-08-23,2023-09-01,SYN-DEL-02,Deluxe,1.0,9,148.69,1338.21,Direct,Completed,22
SYN-B000941,2023-05-10,2023-08-23,2023-08-26,SYN-DEL-05,Deluxe,1.0,3,128.39,385.17,Direct,Completed,105
SYN-B000942,2023-08-09,2023-08-24,2023-08-26,SYN-STA-01,Standard,2.0,2,99.59,0.0,Online travel agency,Cancelled,15
SYN-B000943,2023-08-14,2023-08-24,2023-08-27,SYN-STA-02,Standard,1.0,3,104.68,314.04,Direct,Completed,10
SYN-B000944,2023-08-11,2023-08-24,2023-08-28,SYN-STA-04,Standard,1.0,4,103.27,413.08,Online travel agency,Completed,13
SYN-B000945,2023-07-06,2023-08-24,2023-08-27,SYN-STA-07,Standard,1.0,3,104.8,314.4,Direct,Completed,49
SYN-B000946,2023-06-25,2023-08-24,2023-08-28,SYN-STA-10,Standard,1.0,4,91.68,366.72,Travel agent,Completed,60
SYN-B000947,2023-05-13,2023-08-25,2023-08-26,SYN-STA-01,Standard,1.0,1,105.76,105.76,Direct,Completed,104
SYN-B000948,2023-08-02,2023-08-25,2023-08-31,SYN-STA-03,Standard,2.0,6,116.96,0.0,Online travel agency,Cancelled,23
SYN-B000949,2023-08-17,2023-08-25,2023-08-26,SYN-STA-06,Standard,2.0,1,111.21,111.21,Online travel agency,Completed,8
SYN-B000950,2023-02-26,2023-08-25,2023-08-27,SYN-STA-08,Standard,1.0,2,104.61,209.22,Direct,Completed,180
SYN-B000951,2023-06-22,2023-08-25,2023-08-28,SYN-STA-09,Standard,1.0,3,104.79,314.37,Online travel agency,Completed,64
SYN-B000952,2023-08-05,2023-08-25,2023-08-27,SYN-FAM-01,Family,4.0,2,214.8,0.0,Online travel agency,Cancelled,20
SYN-B000953,2023-06-08,2023-08-25,2023-08-28,SYN-FAM-02,Family,3.0,3,211.25,633.75,Direct,Completed,78
SYN-B000954,2023-08-03,2023-08-26,2023-08-27,SYN-STA-01,Standard,1.0,1,104.46,104.46,Direct,Completed,23
SYN-B000955,2023-07-09,2023-08-26,2023-08-27,SYN-STA-03,Standard,1.0,1,113.39,113.39,Direct,Completed,48
SYN-B000956,2023-07-12,2023-08-26,2023-08-29,SYN-STA-05,Standard,2.0,3,109.3,327.9,Online travel agency,Completed,45
SYN-B000957,2023-08-10,2023-08-26,2023-08-27,SYN-STA-06,Standard,2.0,1,104.3,0.0,Direct,Cancelled,16
SYN-B000958,2023-07-03,2023-08-27,2023-08-30,SYN-STA-01,Standard,1.0,3,99.18,297.54,Online travel agency,Completed,55
SYN-B000959,2023-08-18,2023-08-27,2023-08-31,SYN-STA-03,Standard,1.0,4,104.53,418.12,Online travel agency,Completed,9
SYN-B000960,2023-07-22,2023-08-27,2023-08-30,SYN-STA-06,Standard,2.0,3,97.56,292.68,Online travel agency,Completed,36
SYN-B000961,2023-07-25,2023-08-27,2023-08-30,SYN-STA-07,Standard,1.0,3,100.89,302.67,Direct,Completed,33
SYN-B000962,2023-07-30,2023-08-27,2023-08-29,SYN-STA-08,Standard,2.0,2,93.75,187.5,Direct,Completed,28
SYN-B000963,2023-08-06,2023-08-27,2023-08-28,SYN-DEL-01,Deluxe,,1,137.25,137.25,Direct,Completed,21
SYN-B000964,2023-08-17,2023-08-27,2023-08-29,SYN-DEL-03,Deluxe,2.0,2,139.54,279.08,Online travel agency,Completed,10
SYN-B000965,2023-07-24,2023-08-27,2023-08-29,SYN-DEL-05,Deluxe,1.0,2,151.58,303.16,Direct,Completed,34
SYN-B000966,2023-08-05,2023-08-27,2023-08-31,SYN-FAM-03,Family,3.0,4,194.97,779.88,Online travel agency,Completed,22
SYN-B000967,2023-03-01,2023-08-28,2023-08-31,SYN-STA-10,Standard,2.0,3,96.27,288.81,Online travel agency,Completed,180
SYN-B000968,2023-08-13,2023-08-28,2023-09-01,SYN-DEL-04,Deluxe,1.0,4,138.37,553.48,Online travel agency,Completed,15
SYN-B000969,2023-03-01,2023-08-28,2023-08-31,SYN-FAM-02,Family,1.0,3,169.85,509.55, travel agent ,Completed,180
SYN-B000970,2023-08-11,2023-08-29,2023-08-30,SYN-STA-02,Standard,2.0,1,103.49,103.49,Online travel agency,Completed,18
SYN-B000971,2023-08-05,2023-08-29,2023-08-31,SYN-STA-04,Standard,2.0,2,95.78,191.56,Online travel agency,Completed,24
SYN-B000972,2023-07-05,2023-08-29,2023-08-31,SYN-STA-05,Standard,2.0,-1,99.58,199.16,Direct,Completed,55
SYN-B000973,2023-06-14,2023-08-29,2023-09-05,SYN-STA-08,Standard,2.0,7,92.51,647.57,Direct,Completed,76
SYN-B000974,2023-08-21,2023-08-29,2023-08-30,SYN-DEL-01,Deluxe,1.0,1,145.78,0.0,Online travel agency,Cancelled,8
SYN-B000975,2023-07-02,2023-08-29,2023-09-02,SYN-DEL-05,Deluxe,1.0,4,138.68,0.0,Online travel agency,Cancelled,58
SYN-B000976,2023-04-08,2023-08-29,2023-09-05,SYN-FAM-01,Family,2.0,7,177.1,1239.7,Direct,Completed,143
SYN-B000977,2023-08-08,2023-08-30,2023-09-02,SYN-STA-01,Standard,1.0,3,101.62,304.86,Direct,Completed,-1
SYN-B000978,2023-07-18,2023-08-30,2023-08-31,SYN-STA-02,Standard,2.0,1,104.69,104.69,Direct,Completed,43
SYN-B000979,2023-07-26,2023-08-30,2023-09-03,SYN-STA-06,Standard,2.0,4,100.6,0.0,Travel agent,Cancelled,35
SYN-B000980,2023-07-10,2023-08-30,2023-09-02,SYN-STA-07,Standard,2.0,3,94.59,283.77,Travel agent,Completed,51
SYN-B000981,2023-08-24,2023-08-30,2023-09-05,SYN-DEL-01,Deluxe,1.0,6,145.6,873.6,Online travel agency,Completed,6
SYN-B000982,2023-08-23,2023-08-30,2023-09-03,SYN-DEL-03,Deluxe,2.0,4,153.25,613.0,Online travel agency,Completed,7
SYN-B000983,2023-08-19,2023-08-31,2023-09-01,SYN-STA-02,Standard,2.0,1,95.12,95.12,Direct,Completed,12
SYN-B000984,2023-07-06,2023-08-31,2023-09-06,SYN-STA-03,Standard,1.0,6,104.47,626.82,Travel agent,Completed,56
SYN-B000985,2023-08-01,2023-08-31,2023-09-02,SYN-STA-04,Standard,2.0,2,95.07,190.14,Direct,Completed,30
SYN-B000986,2023-08-19,2023-08-31,2023-09-04,SYN-STA-05,Standard,2.0,4,100.85,403.4,Direct,Completed,12
SYN-B000987,2023-07-29,2023-08-31,2023-09-03,SYN-DEL-05,Deluxe,2.0,3,148.0,444.0,Online travel agency,Completed,33
SYN-B000988,2023-08-12,2023-08-31,2023-09-07,SYN-FAM-03,Family,1.0,7,188.17,1317.19,Travel agent,Completed,19
SYN-B000989,2023-06-16,2023-09-01,2023-09-03,SYN-STA-02,Standard,1.0,2,86.48,172.96,Direct,Completed,77
SYN-B000990,2023-08-26,2023-09-01,2023-09-03,SYN-STA-06,Standard,2.0,2,83.83,167.66,Direct,Completed,6
SYN-B000991,2023-08-08,2023-09-01,2023-09-02,SYN-STA-09,Standard,2.0,1,91.34,91.34,Direct,Completed,24
SYN-B000992,2023-08-13,2023-09-01,2023-09-04,SYN-STA-10,Standard,1.0,3,82.6,247.8,Online travel agency,Completed,19
SYN-B000993,2023-08-22,2023-09-01,2023-09-04,SYN-DEL-02,Deluxe,1.0,3,121.3,0.0,Travel agent,Cancelled,10
SYN-B000994,2023-06-29,2023-09-01,2023-09-03,SYN-FAM-02,Family,2.0,2,158.53,317.06,Direct,Completed,64
SYN-B000995,2023-07-23,2023-09-02,2023-09-04,SYN-STA-04,Standard,2.0,2,83.25,166.5,Direct,Completed,41
SYN-B000996,2023-08-21,2023-09-02,2023-09-04,SYN-DEL-04,Deluxe,2.0,2,131.0,262.0,Direct,Completed,12
SYN-B000997,2023-08-21,2023-09-03,2023-09-05,SYN-STA-01,Standard,1.0,2,75.31,150.62,Online travel agency,Completed,13
SYN-B000998,2023-08-06,2023-09-03,2023-09-04,SYN-STA-02,Standard,1.0,1,75.37,75.37,Direct,Completed,28
SYN-B000999,2023-08-20,2023-09-03,2023-09-05,SYN-STA-07,Standard,2.0,2,79.71,0.0,Travel agent,Cancelled,14
SYN-B001000,2023-08-21,2023-09-03,2023-09-06,SYN-DEL-05,Deluxe,2.0,3,112.46,337.38,Direct,Completed,13
SYN-B001001,2023-08-28,2023-09-03,2023-09-05,SYN-FAM-02,Family,3.0,2,154.3,308.6,Online travel agency,Completed,6
SYN-B001002,2023-08-15,2023-09-04,2023-09-09,SYN-STA-02,Standard,1.0,5,74.01,370.05,Online travel agency,Completed,20
SYN-B001003,2023-08-20,2023-09-04,2023-09-06,SYN-STA-04,Standard,2.0,2,80.63,161.26,Direct,Completed,15
SYN-B001004,2023-08-07,2023-09-04,2023-09-06,SYN-STA-06,Standard,1.0,2,76.48,152.96,Direct,Completed,28
SYN-B001005,2023-08-23,2023-09-04,2023-09-06,SYN-STA-07,Standard,1.0,2,80.72,161.44,Direct,Completed,12
SYN-B001006,2023-08-15,2023-09-04,2023-09-07,SYN-STA-10,Standard,2.0,3,81.15,243.45,Direct,Completed,20
SYN-B001007,2023-08-13,2023-09-04,2023-09-06,SYN-DEL-03,Deluxe,2.0,2,118.39,236.78,Online travel agency,Completed,22
SYN-B001008,2023-08-20,2023-09-05,2023-09-06,SYN-STA-08,Standard,1.0,1,73.75,73.75,Online travel agency,Completed,16
SYN-B001009,2023-08-23,2023-09-05,2023-09-06,SYN-FAM-02,Family,1.0,1,144.03,144.03,Online travel agency,Completed,13
SYN-B001010,2023-08-17,2023-09-06,2023-09-07,SYN-STA-04,Standard,1.0,1,78.78,78.78,Online travel agency,Completed,20
SYN-B001011,2023-08-29,2023-09-06,2023-09-09,SYN-STA-06,Standard,1.0,3,74.47,223.41,Online travel agency,Completed,8
SYN-B001012,2023-09-03,2023-09-06,2023-09-07,SYN-STA-07,Standard,2.0,1,79.99,79.99,Online travel agency,Completed,3
SYN-B001013,2023-08-21,2023-09-06,2023-09-10,SYN-STA-09,Standard,2.0,4,75.36,301.44,Direct,Completed,16
SYN-B001014,2023-09-01,2023-09-06,2023-09-07,SYN-DEL-01,Deluxe,1.0,1,119.14,119.14,Online travel agency,Completed,5
SYN-B001015,2023-08-26,2023-09-06,2023-09-07,SYN-DEL-03,Deluxe,1.0,1,111.79,111.79,Online travel agency,Completed,11
SYN-B001016,2023-08-13,2023-09-06,2023-09-10,SYN-FAM-01,Family,3.0,4,146.53,586.12,Direct,Completed,24
SYN-B001017,2023-09-02,2023-09-07,2023-09-09,SYN-DEL-04,Deluxe,1.0,2,114.37,228.74,Online travel agency,Completed,5
SYN-B001018,2023-08-10,2023-09-07,2023-09-08,SYN-DEL-05,Deluxe,2.0,1,118.19,118.19,Direct,Completed,28
SYN-B001019,2023-08-07,2023-09-07,2023-09-09,SYN-FAM-03,Family,2.0,2,156.54,0.0,Online travel agency,Cancelled,31
SYN-B001020,2023-08-18,2023-09-08,2023-09-11,SYN-STA-01,Standard,2.0,3,88.16,264.48,Online travel agency,Completed,21
SYN-B001021,2023-08-21,2023-09-08,2023-09-09,SYN-STA-05,Standard,2.0,1,91.84,91.84,Travel agent,Completed,18
SYN-B001022,2023-09-02,2023-09-08,2023-09-10,SYN-STA-07,Standard,1.0,2,87.43,174.86,Online travel agency,Completed,6
SYN-B001023,2023-08-25,2023-09-08,2023-09-09,SYN-STA-08,Standard,2.0,1,87.06,87.06,Direct,Completed,14
SYN-B001024,2023-09-04,2023-09-08,2023-09-10,SYN-STA-10,Standard,1.0,2,88.58,177.16,Direct,Completed,4
SYN-B001025,2023-08-29,2023-09-08,2023-09-09,SYN-DEL-01,Deluxe,2.0,1,120.5,120.5,Direct,Completed,10
SYN-B001026,2023-08-18,2023-09-08,2023-09-10,SYN-DEL-02,Deluxe,2.0,2,126.91,253.82,Travel agent,Completed,21
SYN-B001027,2023-08-30,2023-09-08,2023-09-12,SYN-DEL-03,Deluxe,2.0,4,121.16,0.0,Online travel agency,Cancelled,9
SYN-B001028,2023-09-04,2023-09-08,2023-09-11,SYN-DEL-05,Deluxe,1.0,3,123.12,369.36,Online travel agency, completed ,4
SYN-B001029,2023-06-28,2023-09-08,2023-09-12,SYN-FAM-02,Family,4.0,4,156.55,626.2,Direct,Completed,72
SYN-B001030,2023-09-04,2023-09-08,2023-09-10,SYN-FAM-03,Family,1.0,2,166.82,333.64,Online travel agency,Completed,4
SYN-B001031,2023-08-23,2023-09-09,2023-09-12,SYN-STA-02,Standard,2.0,3,90.46,0.0,Travel agent,Cancelled,17
SYN-B001032,2023-08-03,2023-09-09,2023-09-11,SYN-STA-03,Standard,2.0,2,84.77,169.54,Travel agent,Completed,37
SYN-B001033,2023-08-17,2023-09-09,2023-09-14,SYN-STA-04,Standard,2.0,5,85.95,429.75,Online travel agency,Completed,23
SYN-B001034,2023-08-29,2023-09-09,2023-09-14,SYN-STA-05,Standard,1.0,5,90.32,451.6,Online travel agency,Completed,11
SYN-B001035,2023-08-04,2023-09-09,2023-09-12,SYN-STA-06,Standard,1.0,3,92.1,276.3,Online travel agency,Completed,36
SYN-B001036,2023-08-31,2023-09-09,2023-09-12,SYN-DEL-01,Deluxe,2.0,3,128.27,0.0,Online travel agency,Cancelled,9
SYN-B001037,2023-08-12,2023-09-09,2023-09-12,SYN-DEL-04,Deluxe,1.0,3,128.41,385.23,Online travel agency,Completed,28
SYN-B001038,2023-08-01,2023-09-10,2023-09-12,SYN-STA-08,Standard,2.0,2,78.53,157.06,Online travel agency,Completed,40
SYN-B001039,2023-08-28,2023-09-10,2023-09-12,SYN-DEL-01,Deluxe,2.0,2,108.54,217.08,Travel agent,Completed,13
SYN-B001040,2023-08-27,2023-09-10,2023-09-13,SYN-DEL-03,Deluxe,2.0,3,118.95,0.0,Online travel agency,Cancelled,14
SYN-B001041,2023-08-29,2023-09-10,2023-09-14,SYN-FAM-01,Family,2.0,4,155.75,623.0,Online travel agency,Completed,12
SYN-B001042,2023-09-02,2023-09-10,2023-09-11,SYN-FAM-03,Family,2.0,1,150.25,150.25,Direct,Completed,8
SYN-B001043,2023-09-01,2023-09-11,2023-09-13,SYN-STA-09,Standard,1.0,2,80.83,161.66,Online travel agency,Completed,10
SYN-B001044,2023-08-30,2023-09-11,2023-09-13,SYN-STA-10,Standard,1.0,2,81.51,163.02,Online travel agency,Completed,12
SYN-B001045,2023-07-16,2023-09-11,2023-09-16,SYN-DEL-05,Deluxe,1.0,5,115.56,0.0,Online travel agency,Cancelled,57
SYN-B001046,2023-08-24,2023-09-11,2023-09-16,SYN-FAM-03,Family,2.0,5,154.11,-1.0,Online travel agency,Completed,18
SYN-B001047,2023-07-03,2023-09-12,2023-09-13,SYN-STA-01,Standard,2.0,1,71.54,0.0,Online travel agency,Cancelled,71
SYN-B001048,2023-08-21,2023-09-12,2023-09-16,SYN-STA-06,Standard,2.0,4,82.47,329.88,Online travel agency,Completed,22
SYN-B001049,2023-09-08,2023-09-12,2023-09-15,SYN-STA-08,Standard,2.0,3,80.96,242.88,Online travel agency,Completed,4
SYN-B001050,2023-08-27,2023-09-12,2023-09-14,SYN-DEL-01,Deluxe,1.0,2,109.35,218.7,Online travel agency,Completed,16
SYN-B001051,2023-09-04,2023-09-12,2023-09-14,SYN-DEL-05,Deluxe,2.0,2,110.23,220.46,Direct,Completed,8
SYN-B001052,2023-08-29,2023-09-12,2023-09-16,SYN-FAM-02,Family,4.0,4,150.78,603.12,Direct,Completed,14
SYN-B001053,2023-09-06,2023-09-14,2023-09-16,SYN-STA-03,Standard,1.0,2,81.54,163.08,Online travel agency,Completed,8
SYN-B001054,2023-09-05,2023-09-14,2023-09-15,SYN-STA-05,Standard,2.0,1,82.5,82.5,Direct,Completed,9
SYN-B001055,2023-09-01,2023-09-14,2023-09-16,SYN-DEL-04,Deluxe,1.0,2,115.28,0.0,Online travel agency,Cancelled,13
SYN-B001056,2023-09-03,2023-09-14,2023-09-15,SYN-DEL-05,Deluxe,1.0,1,117.42,117.42,Travel agent,Completed,11
SYN-B001057,2023-09-09,2023-09-15,2023-09-16,SYN-STA-04,Standard,1.0,1,86.98,-1.0,Travel agent,Completed,6
SYN-B001058,2023-09-06,2023-09-15,2023-09-20,SYN-STA-05,Standard,1.0,5,87.33,436.65,Online travel agency,Completed,9
SYN-B001059,2023-09-07,2023-09-15,2023-09-16,SYN-STA-08,Standard,2.0,1,83.99,83.99,Direct,Completed,8
SYN-B001060,2023-09-08,2023-09-15,2023-09-20,SYN-STA-09,Standard,2.0,5,88.78,443.9,Direct,Completed,7
SYN-B001061,2023-08-30,2023-09-15,2023-09-17,SYN-STA-10,Standard,1.0,2,85.29,0.0,Online travel agency,Cancelled,16
SYN-B001062,2023-08-10,2023-09-15,2023-09-18,SYN-DEL-02,Deluxe,1.0,-1,130.0,390.0,Online travel agency,Completed,36
SYN-B001063,2023-09-02,2023-09-15,2023-09-19,SYN-DEL-03,Deluxe,1.0,4,134.86,539.44,Direct,Completed,13
SYN-B001064,2023-09-09,2023-09-15,2023-09-17,SYN-DEL-04,Deluxe,2.0,2,134.9,269.8,Direct,Completed,6
SYN-B001065,2023-08-23,2023-09-15,2023-09-17,SYN-FAM-01,Family,2.0,2,164.66,329.32,Online travel agency,Completed,23
SYN-B001066,2023-08-14,2023-09-16,2023-09-20,SYN-STA-01,Standard,1.0,4,89.92,0.0,Direct,Cancelled,33
SYN-B001067,2023-08-13,2023-09-16,2023-09-19,SYN-STA-03,Standard,2.0,3,88.92,266.76,Online travel agency,Completed,34
SYN-B001068,2023-08-31,2023-09-16,2023-09-19,SYN-STA-04,Standard,2.0,3,85.57,256.71,Direct,Completed,16
SYN-B001069,2023-09-10,2023-09-16,2023-09-19,SYN-STA-06,Standard,2.0,3,84.68,254.04,Online travel agency,Completed,6
SYN-B001070,2023-08-29,2023-09-16,2023-09-19,SYN-STA-07,Standard,2.0,3,86.53,259.59,Online travel agency,Completed,18
SYN-B001071,2023-08-27,2023-09-16,2023-09-20,SYN-DEL-05,Deluxe,1.0,4,123.64,494.56,Online travel agency,Completed,20
SYN-B001072,2023-08-22,2023-09-16,2023-09-17,SYN-FAM-02,Family,3.0,1,167.98,167.98,Online travel agency,Completed,25
SYN-B001073,2023-09-12,2023-09-16,2023-09-20,SYN-FAM-03,Family,4.0,4,174.56,698.24,Online travel agency,Completed,4
SYN-B001074,2023-09-09,2023-09-17,2023-09-20,SYN-DEL-01,Deluxe,1.0,3,119.48,358.44,Direct,Completed,8
SYN-B001075,2023-08-05,2023-09-18,2023-09-20,SYN-STA-01,Standard,1.0,2,77.09,154.18,Direct,Completed,44
SYN-B001076,2023-09-07,2023-09-18,2023-09-19,SYN-STA-02,Standard,1.0,1,82.02,82.02,Direct,Completed,11
SYN-B001077,2023-09-12,2023-09-19,2023-09-22,SYN-STA-02,Standard,2.0,3,76.77,230.31,Online travel agency,Completed,7
SYN-B001078,2023-09-03,2023-09-19,2023-09-23,SYN-STA-03,Standard,1.0,4,78.05,312.2,Online travel agency,Completed,16
SYN-B001079,2023-09-09,2023-09-19,2023-09-20,SYN-STA-04,Standard,1.0,1,81.92,81.92,Online travel agency,Completed,10
SYN-B001080,2023-09-03,2023-09-19,2023-09-22,SYN-FAM-02,Family,3.0,3,158.9,476.7,Travel agent,Completed,16
SYN-B001081,2023-09-18,2023-09-20,2023-09-21,SYN-STA-06,Standard,2.0,1,74.56,74.56,Online travel agency,Completed,2
SYN-B001082,2023-09-13,2023-09-20,2023-09-24,SYN-STA-09,Standard,2.0,4,75.38,301.52,Direct,Completed,7
SYN-B001083,2023-09-07,2023-09-20,2023-09-22,SYN-DEL-02,Deluxe,1.0,2,109.16,218.32,Online travel agency,Completed,13
SYN-B001084,2023-09-16,2023-09-20,2023-09-25,SYN-DEL-03,Deluxe,2.0,5,118.02,590.1,Online travel agency,Completed,4
SYN-B001085,2023-08-26,2023-09-20,2023-09-24,SYN-FAM-03,Family,3.0,4,157.75,631.0,Online travel agency,Completed,25
SYN-B001086,2023-09-05,2023-09-21,2023-09-25,SYN-STA-05,Standard,2.0,4,82.07,328.28,Online travel agency,Completed,16
SYN-B001087,2023-08-28,2023-09-21,2023-09-23,SYN-STA-08,Standard,1.0,2,76.86,153.72,Online travel agency,Completed,24
SYN-B001088,2023-09-21,2023-09-22,2023-09-26,SYN-STA-01,Standard,1.0,4,90.56,362.24,Direct,Completed,1
SYN-B001089,2023-09-07,2023-09-22,2023-09-24,SYN-STA-04,Standard,1.0,2,86.51,173.02,Direct,Completed,15
SYN-B001090,2023-09-13,2023-09-22,2023-09-25,SYN-STA-07,Standard,1.0,3,85.06,255.18,Online travel agency,Completed,9
SYN-B001091,2023-09-13,2023-09-22,2023-09-25,SYN-STA-10,Standard,1.0,3,83.35,250.05,Direct,Completed,9
SYN-B001092,2023-09-04,2023-09-22,2023-09-25,SYN-DEL-01,Deluxe,2.0,3,130.55,391.65,Direct,Completed,18
SYN-B001093,2023-09-12,2023-09-22,2023-09-26,SYN-DEL-04,Deluxe,2.0,4,128.94,515.76,Online travel agency,Completed,10
SYN-B001094,2023-08-26,2023-09-22,2023-09-23,SYN-FAM-01,Family,1.0,1,161.94,161.94,Direct,Completed,27
SYN-B001095,2023-09-14,2023-09-22,2023-09-24,SYN-FAM-02,Family,1.0,2,162.26,324.52,Online travel agency,Completed,8
SYN-B001096,2023-09-09,2023-09-23,2023-09-25,SYN-STA-02,Standard,,2,86.57,0.0,Online travel agency,Cancelled,14
SYN-B001097,2023-09-18,2023-09-23,2023-09-24,SYN-STA-06, standard ,1.0,1,91.56,91.56,Online travel agency,Completed,5
SYN-B001098,2023-08-29,2023-09-23,2023-09-26,SYN-DEL-02,Deluxe,2.0,3,124.14,372.42,Direct,Completed,25
SYN-B001099,2023-09-20,2023-09-23,2023-09-24,SYN-DEL-05,Deluxe,2.0,1,133.69,133.69,Online travel agency,Completed,3
SYN-B001100,2023-08-03,2023-09-23,2023-09-24,SYN-FAM-01,Family,4.0,1,159.28,159.28,Direct,Completed,51
SYN-B001101,2023-09-16,2023-09-24,2023-09-26,SYN-STA-02,Standard,1.0,2,74.62,149.24,Direct,Completed,-1
SYN-B001102,2023-09-15,2023-09-24,2023-09-26,SYN-STA-03,Standard,1.0,2,75.05,150.1,Travel agent,Completed,9
SYN-B001103,2023-09-17,2023-09-24,2023-09-25,SYN-STA-04,Standard,2.0,1,81.07,81.07,Direct,Completed,7
SYN-B001104,2023-07-26,2023-09-24,2023-09-28,SYN-STA-06,Standard,2.0,4,74.03,296.12,Online travel agency,Completed,60
SYN-B001105,2023-09-13,2023-09-24,2023-09-28,SYN-STA-09,Standard,1.0,4,73.94,295.76,Online travel agency,Completed,11
SYN-B001106,2023-08-29,2023-09-24,2023-09-26,SYN-FAM-02,Family,2.0,2,153.47,306.94,Online travel agency,Completed,26
SYN-B001107,2023-09-03,2023-09-25,2023-09-26,SYN-STA-04,Standard,2.0,1,74.44,74.44,Direct,Completed,22
SYN-B001108,2023-08-23,2023-09-25,2023-09-26,SYN-STA-05,Standard,2.0,1,80.92,80.92,Online travel agency,Completed,33
SYN-B001109,2023-08-20,2023-09-25,2023-09-28,SYN-STA-07,Standard,2.0,3,81.62,244.86,Direct,Completed,36
SYN-B001110,2023-08-02,2023-09-25,2023-09-27,SYN-DEL-01,Deluxe,1.0,2,111.56,223.12,Direct,Completed,54
SYN-B001111,2023-08-07,2023-09-25,2023-09-27,SYN-FAM-03,Family,1.0,2,149.69,299.38, online travel agency ,Completed,49
SYN-B001112,2023-09-12,2023-09-26,2023-09-28,SYN-STA-02,Standard,2.0,2,77.65,155.3,Online travel agency,Completed,14
SYN-B001113,2023-09-08,2023-09-26,2023-09-28,SYN-STA-03,Standard,2.0,2,75.57,151.14,Online travel agency,Completed,18
SYN-B001114,2023-07-13,2023-09-26,2023-09-28,SYN-STA-05,Standard,1.0,2,76.65,153.3,Direct,Completed,75
SYN-B001115,2023-09-09,2023-09-26,2023-09-27,SYN-STA-10,Standard,1.0,1,73.78,73.78,Online travel agency,Completed,17
SYN-B001116,2023-09-17,2023-09-26,2023-09-29,SYN-DEL-02,Deluxe,1.0,3,109.27,327.81,Direct,Completed,9
SYN-B001117,2023-08-21,2023-09-26,2023-09-28,SYN-DEL-03,Deluxe,2.0,2,119.38,-1.0,Online travel agency,Cancelled,36
SYN-B001118,2023-08-30,2023-09-26,2023-09-29,SYN-FAM-02,Family,2.0,3,154.95,464.85,Online travel agency,Completed,27
SYN-B001119,2023-08-22,2023-09-27,2023-09-29,SYN-FAM-03,Family,2.0,2,151.9,303.8,Direct,Completed,36
SYN-B001120,2023-09-12,2023-09-28,2023-09-30,SYN-STA-01,Standard,1.0,2,76.61,153.22,Online travel agency,Completed,16
SYN-B001121,2023-09-21,2023-09-28,2023-10-01,SYN-STA-02,Standard,2.0,3,81.09,0.0,Online travel agency,Cancelled,7
SYN-B001122,2023-09-09,2023-09-28,2023-09-30,SYN-STA-05,Standard,2.0,2,78.07,156.14,Direct,Completed,19
SYN-B001123,2023-09-01,2023-09-28,2023-09-30,SYN-STA-06,Standard,1.0,2,78.16,156.32,Direct,Completed,27
SYN-B001124,2023-09-18,2023-09-28,2023-10-01,SYN-STA-07,Standard,2.0,3,77.65,232.95,Direct,Completed,10
SYN-B001125,2023-07-26,2023-09-28,2023-10-01,SYN-STA-08,Standard,1.0,3,76.69,230.07,Online travel agency,Completed,64
SYN-B001126,2023-08-29,2023-09-28,2023-10-02,SYN-DEL-01,Deluxe,1.0,4,108.4,433.6,Direct,Completed,30
SYN-B001127,2023-09-19,2023-09-28,2023-10-01,SYN-DEL-03,Deluxe,1.0,3,113.84,341.52,Online travel agency,Completed,9
SYN-B001128,2023-09-21,2023-09-28,2023-09-30,SYN-DEL-04, deluxe ,2.0,2,112.16,224.32,Direct,Completed,7
SYN-B001129,2023-07-10,2023-09-29,2023-10-04,SYN-STA-02,Standard,1.0,5,78.82,394.1,Online travel agency,Completed,81
SYN-B001130,2023-09-25,2023-09-29,2023-10-02,SYN-STA-04,Standard,1.0,3,90.71,0.0,Direct,Cancelled,4
SYN-B001131,2023-09-16,2023-09-29,2023-10-03,SYN-FAM-01,Family,2.0,4,172.81,0.0, direct ,Cancelled,13
SYN-B001132,2023-09-11,2023-09-29,2023-09-30,SYN-FAM-02,Family,4.0,1,173.38,0.0,Direct,Cancelled,18
SYN-B001133,2023-09-22,2023-09-30,2023-10-02,SYN-STA-01,Standard,1.0,2,85.49,170.98,Online travel agency,Completed,8
SYN-B001134,2023-09-11,2023-09-30,2023-10-01,SYN-STA-03,Standard,1.0,1,84.8,84.8,Direct,Completed,19
SYN-B001135,2023-09-25,2023-09-30,2023-10-04,SYN-STA-05,Standard,2.0,4,91.53,0.0,Direct,Cancelled,5
SYN-B001136,2023-09-20,2023-09-30,2023-10-03,SYN-STA-06,Standard,1.0,3,90.05,270.15,Direct,Completed,10
SYN-B001137,2023-09-03,2023-09-30,2023-10-02,SYN-STA-09,Standard,2.0,2,83.72,0.0,Direct,Cancelled,27
SYN-B001138,2023-09-19,2023-09-30,2023-10-02,SYN-FAM-01,Family,4.0,2,163.49,326.98,Travel agent,Completed,11
SYN-B001139,2023-09-18,2023-09-30,2023-10-01,SYN-FAM-03, family ,4.0,1,166.13,166.13,Direct,Completed,12
SYN-B001140,2023-09-29,2023-10-01,2023-10-04,SYN-DEL-05,Deluxe,1.0,3,111.18,0.0,Online travel agency,Cancelled,2
SYN-B001141,2023-09-29,2023-10-02,2023-10-05,SYN-STA-03,Standard,2.0,3,80.73,-1.0,Direct,Completed,3
SYN-B001142,2023-09-29,2023-10-02,2023-10-03,SYN-STA-09,Standard,1.0,1,77.99,77.99,Direct,Completed,3
SYN-B001143,2023-09-19,2023-10-02,2023-10-06,SYN-STA-10,Standard,2.0,4,79.83,319.32,Online travel agency,Completed,13
SYN-B001144,2023-09-26,2023-10-02,2023-10-04,SYN-DEL-02,Deluxe,2.0,2,117.19,0.0,Online travel agency,Cancelled,6
SYN-B001145,2023-08-21,2023-10-02,2023-10-07,SYN-DEL-04,Deluxe,2.0,5,113.47,567.35,Direct,Completed,42
SYN-B001146,2023-09-12,2023-10-03,2023-10-05,SYN-STA-07,Standard,1.0,2,80.47,160.94,Online travel agency,Completed,21
SYN-B001147,2023-09-28,2023-10-03,2023-10-04,SYN-DEL-05,Deluxe,2.0,1,119.91,119.91,Direct,Completed,5
SYN-B001148,2023-09-22,2023-10-04,2023-10-06,SYN-STA-04, standard ,2.0,2,74.27,148.54,Travel agent,Completed,12
SYN-B001149,2023-09-30,2023-10-04,2023-10-05,SYN-STA-08,Standard,1.0,1,80.6,80.6,Online travel agency,Completed,4
SYN-B001150,2023-09-23,2023-10-04,2023-10-06,SYN-STA-09,Standard,2.0,2,76.55,153.1,Direct,Completed,11
SYN-B001151,2023-09-18,2023-10-04,2023-10-08,SYN-FAM-01,Family,3.0,4,150.57,602.28,Direct,Completed,16
SYN-B001152,2023-09-05,2023-10-05,2023-10-08,SYN-STA-05,Standard,2.0,3,76.49,229.47,Online travel agency,Completed,30
SYN-B001153,2023-09-25,2023-10-05,2023-10-07,SYN-DEL-03,Deluxe,1.0,2,118.13,236.26,Direct,Completed,10
SYN-B001154,2023-09-02,2023-10-06,2023-10-08,SYN-DEL-01,Deluxe,1.0,2,126.66,253.32,Online travel agency,Completed,34
SYN-B001155,2023-09-14,2023-10-07,2023-10-09,SYN-STA-02,Standard,2.0,2,84.21,168.42,Direct,Completed,23
SYN-B001156,2023-09-27,2023-10-07,2023-10-13,SYN-STA-03,Standard,1.0,6,83.36,500.16,Direct,Completed,10
SYN-B001157,2023-10-01,2023-10-07,2023-10-10,SYN-STA-07,Standard,2.0,3,90.95,272.85,Direct,Completed,6
SYN-B001158,2023-09-30,2023-10-07,2023-10-11,SYN-STA-08,Standard,2.0,4,82.61,330.44,Online travel agency,Completed,7
SYN-B001159,2023-08-31,2023-10-07,2023-10-11,SYN-STA-09,Standard,1.0,4,83.36,333.44,Direct,Completed,37
SYN-B001160,2023-08-11,2023-10-07,2023-10-10,SYN-DEL-04,Deluxe,2.0,3,134.32,402.96,Direct,Completed,57
SYN-B001161,2023-09-19,2023-10-07,2023-10-08,SYN-DEL-05,Deluxe,2.0,1,122.2,122.2,Online travel agency,Completed,18
SYN-B001162,2023-09-29,2023-10-08,2023-10-09,SYN-DEL-03, deluxe ,2.0,1,117.89,117.89,Direct,Completed,9
SYN-B001163,2023-09-23,2023-10-08,2023-10-10,SYN-DEL-05,Deluxe,2.0,2,110.64,221.28,Direct,Completed,15
SYN-B001164,2023-09-29,2023-10-08,2023-10-10,SYN-FAM-01,Family,1.0,2,152.21,304.42,Direct,Completed,9
SYN-B001165,2023-09-19,2023-10-09,2023-10-12,SYN-STA-01,Standard,2.0,3,79.43,238.29,Online travel agency,Completed,20
SYN-B001166,2023-09-30,2023-10-09,2023-10-12,SYN-STA-10,Standard,1.0,3,79.62,238.86,Online travel agency,Completed,9
SYN-B001167,2023-09-16,2023-10-09,2023-10-15,SYN-DEL-03,Deluxe,2.0,6,108.18,649.08,Online travel agency,Completed,23
SYN-B001168,2023-09-30,2023-10-10,2023-10-12,SYN-STA-06,Standard,1.0,2,78.75,157.5,Direct,Completed,10
SYN-B001169,2023-09-23,2023-10-10,2023-10-15,SYN-DEL-01,Deluxe,1.0,5,114.88,574.4,Online travel agency,Completed,17
SYN-B001170,2023-09-26,2023-10-10,2023-10-11,SYN-FAM-01,Family,2.0,1,157.9,157.9,Direct,Completed,14
SYN-B001171,2023-09-16,2023-10-10,2023-10-12,SYN-FAM-02,Family,4.0,2,158.98,317.96,Online travel agency,Completed,24
SYN-B001172,2023-10-06,2023-10-11,2023-10-13,SYN-STA-09,Standard,2.0,2,78.1,0.0,Online travel agency,Cancelled,5
SYN-B001173,2023-10-07,2023-10-11,2023-10-12,SYN-DEL-05,Deluxe,2.0,1,115.67,115.67, online travel agency ,Completed,4
SYN-B001174,2023-09-07,2023-10-12,2023-10-14,SYN-STA-02,Standard,2.0,2,80.79,161.58,Direct,Completed,35
SYN-B001175,2023-10-08,2023-10-12,2023-10-13,SYN-STA-04,Standard,2.0,1,82.23,82.23,Direct,Completed,4
SYN-B001176,2023-10-09,2023-10-12,2023-10-14,SYN-STA-07,Standard,1.0,2,79.0,158.0,Online travel agency,Completed,3
SYN-B001177,2023-10-11,2023-10-12,2023-10-18,SYN-DEL-02,Deluxe,2.0,6,117.85,707.1,Online travel agency, completed ,1
SYN-B001178,2023-10-07,2023-10-13,2023-10-19,SYN-STA-04,Standard,1.0,6,84.63,507.78,Online travel agency,Completed,6
SYN-B001179,2023-09-27,2023-10-13,2023-10-14,SYN-STA-05,Standard,2.0,1,87.6,87.6,Direct,Completed,16
SYN-B001180,2023-09-27,2023-10-13,2023-10-18,SYN-STA-09,Standard,1.0,5,83.98,419.9,Direct,Completed,16
SYN-B001181,2023-10-04,2023-10-13,2023-10-15,SYN-DEL-04,Deluxe,2.0,2,125.55,251.1,Direct,Completed,9
SYN-B001182,2023-10-05,2023-10-13,2023-10-16,SYN-DEL-05,Deluxe,2.0,-1,124.29,372.87, direct ,Completed,8
SYN-B001183,2023-09-18,2023-10-13,2023-10-15,SYN-FAM-03,Family,3.0,2,162.59,325.18,Direct,Completed,25
SYN-B001184,2023-09-22,2023-10-14,2023-10-17,SYN-STA-03,Standard,2.0,3,90.71,272.13,Direct,Completed,22
SYN-B001185,2023-10-06,2023-10-14,2023-10-15,SYN-STA-07,Standard,1.0,1,84.59,84.59,Direct,Completed,8
SYN-B001186,2023-10-01,2023-10-14,2023-10-16,SYN-FAM-02,Family,4.0,2,177.29,354.58, direct , completed ,-1
SYN-B001187,2023-09-17,2023-10-15,2023-10-17,SYN-STA-02,Standard,2.0,2,79.06,158.12,Direct,Completed,-1
SYN-B001188,2023-10-08,2023-10-15,2023-10-18,SYN-STA-08,Standard,2.0,3,78.3,234.9,Online travel agency,Completed,7
SYN-B001189,2023-10-09,2023-10-15,2023-10-18,SYN-DEL-03,Deluxe,2.0,3,112.79,338.37,Online travel agency,Completed,6
SYN-B001190,2023-10-06,2023-10-15,2023-10-16,SYN-FAM-03,Family,3.0,1,148.23,148.23,Travel agent,Completed,9
SYN-B001191,2023-10-06,2023-10-16,2023-10-20,SYN-STA-07,Standard,2.0,4,74.13,296.52,Direct,Completed,10
SYN-B001192,2023-10-06,2023-10-16,2023-10-18,SYN-DEL-01,Deluxe,2.0,2,121.13,242.26,Travel agent,Completed,10
SYN-B001193,2023-10-08,2023-10-16,2023-10-20,SYN-DEL-04,Deluxe,2.0,4,116.16,464.64,Online travel agency,Completed,8
SYN-B001194,2023-10-06,2023-10-16,2023-10-19,SYN-DEL-05,Deluxe,1.0,3,112.89,338.67,Direct,Completed,10
SYN-B001195,2023-10-06,2023-10-16,2023-10-19,SYN-FAM-02,Family,4.0,3,152.77,458.31,Direct,Completed,10
SYN-B001196,2023-09-18,2023-10-17,2023-10-19,SYN-STA-01,Standard,,2,74.88,149.76,Direct,Completed,29
SYN-B001197,2023-10-01,2023-10-17,2023-10-19,SYN-STA-10,Standard,2.0,2,80.98,161.96,Travel agent,Completed,16
SYN-B001198,2023-09-09,2023-10-17,2023-10-20,SYN-FAM-03,Family,2.0,3,151.16,453.48,Online travel agency,Completed,38
SYN-B001199,2023-09-24,2023-10-18,2023-10-20,SYN-DEL-02,Deluxe,2.0,2,114.98,229.96, online travel agency ,Completed,24
SYN-B001200,2023-10-15,2023-10-19,2023-10-22,SYN-STA-03,Standard,1.0,3,74.93,224.79,Direct,Completed,4
SYN-B001201,2023-09-08,2023-10-19,2023-10-20,SYN-STA-05,Standard,1.0,1,79.05,79.05,Travel agent,Completed,41
SYN-B001202,2023-10-12,2023-10-19,2023-10-22,SYN-STA-08,Standard,2.0,3,76.88,230.64,Online travel agency,Completed,7
SYN-B001203,2023-10-08,2023-10-19,2023-10-20,SYN-FAM-02,Family,3.0,1,144.22,144.22,Direct,Completed,11
SYN-B001204,2023-10-02,2023-10-20,2023-10-22,SYN-STA-01,Standard,1.0,2,90.07,180.14,Direct,Completed,18
SYN-B001205,2023-10-09,2023-10-20,2023-10-22,SYN-DEL-01,Deluxe,1.0,2,133.73,267.46, direct ,Completed,11
SYN-B001206,2023-10-17,2023-10-20,2023-10-22,SYN-DEL-02,Deluxe,1.0,2,128.37,256.74,Online travel agency,Completed,3
SYN-B001207,2023-10-05,2023-10-20,2023-10-22,SYN-DEL-05,Deluxe,2.0,2,128.13,256.26,Online travel agency,Completed,15
SYN-B001208,2023-09-28,2023-10-20,2023-10-21,SYN-FAM-01,Family,4.0,1,163.75,163.75,Travel agent,Completed,22
SYN-B001209,2023-10-14,2023-10-21,2023-10-26,SYN-STA-04,Standard,2.0,5,83.01,415.05,Online travel agency,Completed,7
SYN-B001210,2023-10-01,2023-10-21,2023-10-22,SYN-STA-06,Standard,1.0,1,85.39,0.0,Online travel agency,Cancelled,20
SYN-B001211,2023-10-05,2023-10-21,2023-10-23,SYN-DEL-04,Deluxe,2.0,2,122.64,0.0,Direct,Cancelled,16
SYN-B001212,2023-10-15,2023-10-21,2023-10-23,SYN-FAM-01,Family,4.0,2,172.23,344.46,Online travel agency,Completed,6
SYN-B001213,2023-10-17,2023-10-22,2023-10-26,SYN-STA-01,Standard,2.0,4,82.12,328.48,Online travel agency,Completed,5
SYN-B001214,2023-10-17,2023-10-22,2023-10-27,SYN-STA-05,Standard,1.0,5,77.57,387.85,Direct,Completed,5
SYN-B001215,2023-09-25,2023-10-22,2023-10-25,SYN-FAM-02,Family,3.0,3,157.29,471.87,Online travel agency,Completed,27
SYN-B001216,2023-10-14,2023-10-23,2023-10-25,SYN-STA-02,Standard,1.0,2,75.41,0.0,Online travel agency,Cancelled,9
SYN-B001217,2023-10-07,2023-10-23,2023-10-26,SYN-STA-06,Standard,1.0,3,80.12,240.36,Direct,Completed,16
SYN-B001218,2023-10-11,2023-10-23,2023-10-27,SYN-STA-09,Standard,2.0,4,81.5,326.0,Travel agent,Completed,12
SYN-B001219,2023-10-15,2023-10-23,2023-10-26,SYN-DEL-03,Deluxe,1.0,3,114.83,0.0,Travel agent,Cancelled,8
SYN-B001220,2023-10-14,2023-10-24,2023-10-26,SYN-STA-02,Standard,1.0,2,73.43,146.86,Direct,Completed,10
SYN-B001221,2023-10-19,2023-10-24,2023-10-25,SYN-STA-03,Standard,1.0,1,75.7,75.7,Online travel agency,Completed,5
SYN-B001222,2023-10-07,2023-10-24,2023-10-28,SYN-DEL-03,Deluxe,2.0,4,108.52,0.0,Online travel agency,Cancelled,17
SYN-B001223,2023-09-13,2023-10-24,2023-10-26,SYN-DEL-05,Deluxe,1.0,2,116.47,232.94,Online travel agency,Completed,41
SYN-B001224,2023-10-14,2023-10-25,2023-10-30,SYN-STA-07,Standard,1.0,5,81.85,409.25,Online travel agency,Completed,11
SYN-B001225,2023-10-15,2023-10-25,2023-10-27,SYN-STA-08,Standard,2.0,2,73.42,146.84,Direct,Completed,10
SYN-B001226,2023-10-19,2023-10-25,2023-10-30,SYN-STA-10,Standard,1.0,5,80.01,400.05,Direct,Completed,6
SYN-B001227,2023-10-15,2023-10-25,2023-10-26,SYN-DEL-02,Deluxe,1.0,1,116.35,116.35,Direct,Completed,10
SYN-B001228,2023-10-17,2023-10-25,2023-10-27,SYN-DEL-03,Deluxe,1.0,2,113.71,227.42,Online travel agency,Completed,8
SYN-B001229,2023-10-08,2023-10-25,2023-10-30,SYN-DEL-04,Deluxe,2.0,5,118.63,0.0,Online travel agency,Cancelled,17
SYN-B001230,2023-10-19,2023-10-25,2023-10-26,SYN-FAM-01,Family,2.0,1,143.86,143.86,Online travel agency,Completed,6
SYN-B001231,2023-10-21,2023-10-25,2023-10-27,SYN-FAM-02,Family,2.0,2,152.55,0.0,Direct,Cancelled,4
SYN-B001232,2023-10-16,2023-10-26,2023-10-30,SYN-DEL-01,Deluxe,2.0,4,107.54,430.16,Online travel agency,Completed,10
SYN-B001233,2023-10-14,2023-10-26,2023-10-31,SYN-DEL-02,Deluxe,1.0,5,117.64,588.2,Direct,Completed,12
SYN-B001234,2023-10-16,2023-10-26,2023-10-29,SYN-DEL-04,Deluxe,1.0,3,116.9,350.7,Online travel agency,Completed,10
SYN-B001235,2023-10-17,2023-10-26,2023-10-28,SYN-DEL-05,Deluxe,1.0,2,114.58,229.16,Online travel agency,Completed,9
SYN-B001236,2023-09-24,2023-10-26,2023-10-28,SYN-FAM-01,Family,2.0,2,153.81,307.62,Travel agent,Completed,32
SYN-B001237,2023-10-10,2023-10-26,2023-10-28,SYN-FAM-02,Family,1.0,2,151.87,303.74,Direct,Completed,16
SYN-B001238,2023-10-18,2023-10-27,2023-10-30,SYN-STA-01,Standard,,3,87.91,263.73,Online travel agency,Completed,9
SYN-B001239,2023-10-18,2023-10-27,2023-10-30,SYN-STA-02,Standard,1.0,3,86.21,258.63,Direct,Completed,9
SYN-B001240,2023-10-16,2023-10-27,2023-10-31,SYN-STA-03,Standard,2.0,4,84.8,339.2,Direct,Completed,11
SYN-B001241,2023-10-10,2023-10-27,2023-10-31,SYN-STA-04,Standard,2.0,4,92.5,370.0,Direct,Completed,17
SYN-B001242,2023-10-25,2023-10-27,2023-10-30,SYN-STA-09,Standard,1.0,3,83.79,251.37,Direct,Completed,2
SYN-B001243,2023-10-19,2023-10-27,2023-10-31,SYN-DEL-03,Deluxe,1.0,4,132.29,529.16,Online travel agency,Completed,8
SYN-B001244,2023-10-18,2023-10-28,2023-11-01,SYN-STA-06,Standard,2.0,4,91.68,366.72,Direct,Completed,10
SYN-B001245,2023-10-14,2023-10-28,2023-10-30,SYN-DEL-05,Deluxe,2.0,2,133.48,266.96,Travel agent,Completed,14
SYN-B001246,2023-10-04,2023-10-28,2023-10-29,SYN-FAM-01,Family,3.0,1,170.05,170.05,Direct,Completed,24
SYN-B001247,2023-10-10,2023-10-28,2023-11-04,SYN-FAM-03,Family,3.0,7,173.7,1215.9,Direct,Completed,18
SYN-B001248,2023-10-08,2023-10-29,2023-10-31,SYN-FAM-01,Family,2.0,2,152.06,304.12,Online travel agency,Completed,21
SYN-B001249,2023-10-10,2023-10-30,2023-11-02,SYN-STA-02,Standard,2.0,3,74.57,223.71,Direct,Completed,20
SYN-B001250,2023-10-07,2023-10-30,2023-11-01,SYN-STA-05,Standard,2.0,2,82.2,164.4,Direct,Completed,23
SYN-B001251,2023-10-22,2023-10-30,2023-11-02,SYN-STA-07,Standard,2.0,3,73.95,221.85,Direct,Completed,8
SYN-B001252,2023-10-21,2023-10-30,2023-11-01,SYN-STA-10,Standard,2.0,2,74.2,148.4,Direct,Completed,9
SYN-B001253,2023-10-22,2023-10-30,2023-11-02,SYN-DEL-04,Deluxe,2.0,3,113.9,341.7,Direct,Completed,8
SYN-B001254,2023-10-05,2023-10-30,2023-11-01,SYN-FAM-02,Family,3.0,2,151.03,302.06,Travel agent, completed ,25
SYN-B001255,2023-10-15,2023-11-01,2023-11-03,SYN-STA-04,Standard,2.0,2,78.12,156.24,Direct,Completed,17
SYN-B001256,2023-10-03,2023-11-01,2023-11-02,SYN-DEL-02,Deluxe,1.0,1,119.49,119.49,Direct,Completed,29
SYN-B001257,2023-09-04,2023-11-02,2023-11-05,SYN-STA-01,Standard,2.0,3,76.54,229.62,Direct,Completed,59
SYN-B001258,2023-10-27,2023-11-02,2023-11-05,SYN-STA-08,Standard,2.0,3,78.7,236.1,Travel agent,Completed,6
SYN-B001259,2023-10-10,2023-11-02,2023-11-05,SYN-STA-09,Standard,2.0,3,80.97,242.91,Direct,Completed,23
SYN-B001260,2023-10-15,2023-11-02,2023-11-03,SYN-DEL-03,Deluxe,2.0,1,115.09,0.0,Online travel agency,Cancelled,18
SYN-B001261,2023-10-06,2023-11-02,2023-11-04,SYN-FAM-01,Family,3.0,2,155.63,311.26,Direct,Completed,27
SYN-B001262,2023-10-31,2023-11-03,2023-11-05,SYN-DEL-01, deluxe ,1.0,2,130.15,260.3,Direct,Completed,3
SYN-B001263,2023-10-22,2023-11-03,2023-11-08,SYN-DEL-03,Deluxe,1.0,5,134.71,673.55,Online travel agency,Completed,12
SYN-B001264,2023-10-31,2023-11-04,2023-11-06,SYN-STA-03,Standard,2.0,2,85.19,170.38,Travel agent,Completed,4
SYN-B001265,2023-10-17,2023-11-04,2023-11-06,SYN-STA-05,Standard,2.0,2,91.26,182.52,Online travel agency,Completed,18
SYN-B001266,2023-10-26,2023-11-04,2023-11-06,SYN-STA-07,Standard,1.0,2,83.46,166.92,Direct,Completed,9
SYN-B001267,2023-10-20,2023-11-05,2023-11-09,SYN-STA-09,Standard,1.0,4,80.67,0.0,Direct,Cancelled,16
SYN-B001268,2023-10-19,2023-11-06,2023-11-07,SYN-STA-01,Standard,2.0,1,80.57,0.0,Direct,Cancelled,-1
SYN-B001269,2023-10-28,2023-11-06,2023-11-09,SYN-STA-08,Standard,2.0,3,75.53,226.59,Online travel agency,Completed,9
SYN-B001270,2023-10-30,2023-11-06,2023-11-09,SYN-DEL-04,Deluxe,2.0,3,110.86,332.58,Online travel agency,Completed,7
SYN-B001271,2023-10-31,2023-11-07,2023-11-09,SYN-STA-05,Standard,1.0,2,82.06,164.12,Travel agent,Completed,7
SYN-B001272,2023-09-25,2023-11-07,2023-11-09,SYN-FAM-02,Family,3.0,2,152.12,304.24,Online travel agency,Completed,43
SYN-B001273,2023-10-17,2023-11-09,2023-11-11,SYN-STA-05,Standard,2.0,2,77.13,154.26,Direct,Completed,23
SYN-B001274,2023-10-29,2023-11-09,2023-11-13,SYN-STA-07,Standard,2.0,4,76.78,0.0,Direct,Cancelled,11
SYN-B001275,2023-10-19,2023-11-09,2023-11-13,SYN-STA-08,Standard,1.0,4,74.72,298.88,Online travel agency,Completed,21
SYN-B001276,2023-09-27,2023-11-09,2023-11-12,SYN-STA-10,Standard,2.0,3,79.2,0.0,Travel agent,Cancelled,43
SYN-B001277,2023-11-06,2023-11-11,2023-11-13,SYN-STA-01,Standard,1.0,2,84.26,168.52,Online travel agency,Completed,5
SYN-B001278,2023-11-01,2023-11-11,2023-11-12,SYN-STA-04,Standard,2.0,1,84.68,84.68,Direct,Completed,10
SYN-B001279,2023-10-28,2023-11-11,2023-11-13,SYN-STA-06,Standard,2.0,2,91.88,183.76,Direct,Completed,14
SYN-B001280,2023-11-03,2023-11-11,2023-11-15,SYN-STA-07,Standard,2.0,4,88.66,354.64,Travel agent,Completed,8
SYN-B001281,2023-11-04,2023-11-11,2023-11-12,SYN-DEL-01,Deluxe,1.0,1,124.77,124.77,Direct,Completed,7
SYN-B001282,2023-11-04,2023-11-11,2023-11-14,SYN-DEL-02,Deluxe,1.0,3,135.22,405.66,Travel agent,Completed,7
SYN-B001283,2023-10-28,2023-11-11,2023-11-14,SYN-DEL-04, deluxe ,2.0,3,128.94,0.0,Online travel agency,Cancelled,14
SYN-B001284,2023-10-16,2023-11-11,2023-11-17,SYN-DEL-05,Deluxe,1.0,6,127.91,767.46,Direct,Completed,26
SYN-B001285,2023-09-24,2023-11-11,2023-11-15,SYN-FAM-03,Family,1.0,4,169.62,678.48,Online travel agency,Completed,48
SYN-B001286,2023-11-02,2023-11-12,2023-11-13,SYN-STA-05,Standard,1.0,1,80.29,80.29,Online travel agency,Completed,-1
SYN-B001287,2023-11-03,2023-11-12,2023-11-14,SYN-DEL-03,Deluxe,2.0,2,119.01,238.02,Direct,Completed,9
SYN-B001288,2023-11-02,2023-11-13,2023-11-16,SYN-DEL-01,Deluxe,2.0,3,109.04,327.12,Direct,Completed,11
SYN-B001289,2023-10-31,2023-11-14,2023-11-15,SYN-STA-02,Standard,1.0,1,82.34,0.0,Direct,Cancelled,14
SYN-B001290,2023-10-05,2023-11-14,2023-11-15,SYN-FAM-02,Family,1.0,1,146.91,0.0,Online travel agency,Cancelled,40
SYN-B001291,2023-11-01,2023-11-15,2023-11-16,SYN-STA-10, standard ,2.0,1,82.3,82.3,Direct,Completed,14
SYN-B001292,2023-11-01,2023-11-16,2023-11-17,SYN-STA-01,Standard,1.0,1,75.03,75.03,Direct,Completed,15
SYN-B001293,2023-11-07,2023-11-16,2023-11-19,SYN-STA-07,Standard,2.0,3,77.25,231.75,Direct,Completed,9
SYN-B001294,2023-11-10,2023-11-17,2023-11-20,SYN-STA-08,Standard,1.0,3,86.91,260.73,Direct,Completed,7
SYN-B001295,2023-10-24,2023-11-17,2023-11-18,SYN-DEL-03,Deluxe,1.0,1,122.46,122.46,Direct,Completed,-1
SYN-B001296,2023-11-02,2023-11-17,2023-11-21,SYN-DEL-05,Deluxe,1.0,4,120.64,482.56,Direct,Completed,15
SYN-B001297,2023-11-08,2023-11-18,2023-11-21,SYN-STA-01,Standard,2.0,3,84.48,253.44,Direct,Completed,10
SYN-B001298,2023-11-10,2023-11-18,2023-11-21,SYN-STA-02,Standard,1.0,3,88.65,265.95,Online travel agency,Completed,8
SYN-B001299,2023-10-17,2023-11-18,2023-11-23,SYN-STA-04,Standard,1.0,5,92.57,0.0,Direct,Cancelled,32
SYN-B001300,2023-11-03,2023-11-18,2023-11-19,SYN-FAM-02,Family,1.0,1,169.18,169.18,Online travel agency,Completed,15
SYN-B001301,2023-10-22,2023-11-19,2023-11-21,SYN-DEL-02,Deluxe,1.0,2,109.94,219.88,Direct,Completed,28
SYN-B001302,2023-11-02,2023-11-19,2023-11-20,SYN-FAM-02,Family,2.0,1,153.69,153.69,Online travel agency,Completed,17
SYN-B001303,2023-11-13,2023-11-20,2023-11-22,SYN-STA-05,Standard,1.0,2,77.87,155.74,Online travel agency,Completed,7
SYN-B001304,2023-10-14,2023-11-20,2023-11-23,SYN-STA-06,Standard,1.0,3,73.87,0.0,Direct,Cancelled,37
SYN-B001305,2023-11-08,2023-11-20,2023-11-26,SYN-STA-07,Standard,1.0,6,80.85,485.1,Online travel agency,Completed,12
SYN-B001306,2023-11-08,2023-11-20,2023-11-22,SYN-STA-09,Standard,2.0,2,82.4,164.8,Direct,Completed,12
SYN-B001307,2023-11-13,2023-11-20,2023-11-22,SYN-FAM-03,Family,4.0,2,145.47,290.94,Travel agent,Completed,7
SYN-B001308,2023-11-12,2023-11-21,2023-11-24,SYN-STA-08,Standard,2.0,3,80.75,242.25,Online travel agency,Completed,9
SYN-B001309,2023-11-02,2023-11-21,2023-11-22,SYN-DEL-02,Deluxe,2.0,1,115.91,-1.0,Direct,Completed,19
SYN-B001310,2023-10-30,2023-11-21,2023-11-23,SYN-FAM-02,Family,1.0,2,156.3,312.6,Direct, completed ,22
SYN-B001311,2023-11-07,2023-11-23,2023-11-25,SYN-FAM-01,Family,1.0,2,147.09,294.18,Online travel agency,Completed,16
SYN-B001312,2023-11-13,2023-11-24,2023-11-27,SYN-STA-01,Standard,2.0,3,83.53,-1.0,Direct,Completed,11
SYN-B001313,2023-11-17,2023-11-24,2023-11-27,SYN-STA-05,Standard,2.0,3,89.85,269.55,Direct,Completed,7
SYN-B001314,2023-11-09,2023-11-24,2023-11-27,SYN-STA-06,Standard,1.0,3,86.88,260.64,Online travel agency,Completed,15
SYN-B001315,2023-11-09,2023-11-24,2023-11-26,SYN-DEL-02,Deluxe,1.0,2,122.73,245.46,Online travel agency,Completed,15
SYN-B001316,2023-11-18,2023-11-24,2023-11-28,SYN-DEL-04,Deluxe,2.0,4,121.91,487.64,Direct,Completed,6
SYN-B001317,2023-11-16,2023-11-25,2023-11-26,SYN-STA-03,Standard,1.0,1,84.97,84.97,Direct,Completed,9
SYN-B001318,2023-11-02,2023-11-25,2023-11-28,SYN-DEL-01,Deluxe,2.0,3,133.29,399.87, online travel agency ,Completed,23
SYN-B001319,2023-10-16,2023-11-25,2023-11-27,SYN-DEL-05,Deluxe,1.0,2,129.62,259.24,Direct,Completed,40
SYN-B001320,2023-10-04,2023-11-25,2023-11-27,SYN-FAM-01,Family,4.0,2,177.05,354.1,Online travel agency,Completed,52
SYN-B001321,2023-11-15,2023-11-26,2023-11-28,SYN-STA-02,Standard,2.0,2,82.53,165.06,Direct,Completed,11
SYN-B001322,2023-11-03,2023-11-26,2023-11-28,SYN-STA-07,Standard,1.0,2,78.28,0.0,Travel agent,Cancelled,23
SYN-B001323,2023-11-18,2023-11-26,2023-11-27,SYN-DEL-02,Deluxe,1.0,1,117.68,117.68,Direct,Completed,8
SYN-B001324,2023-11-21,2023-11-26,2023-11-29,SYN-DEL-03,Deluxe,1.0,3,114.96,344.88,Travel agent,Completed,5
SYN-B001325,2023-11-15,2023-11-27,2023-11-30,SYN-FAM-03,Family,2.0,3,156.66,469.98,Online travel agency,Completed,12
SYN-B001326,2023-11-23,2023-11-28,2023-11-30,SYN-STA-03,Standard,1.0,2,82.39,0.0,Online travel agency,Cancelled,5
SYN-B001327,2023-09-23,2023-11-28,2023-11-29,SYN-DEL-01,Deluxe,2.0,1,108.97,108.97,Direct,Completed,66
SYN-B001328,2023-11-11,2023-11-28,2023-12-01,SYN-DEL-05,Deluxe,2.0,3,119.27,0.0,Online travel agency,Cancelled,17
SYN-B001329,2023-11-15,2023-11-28,2023-11-30,SYN-FAM-02,Family,1.0,2,144.31,288.62,Direct,Completed,13
SYN-B001330,2023-10-26,2023-11-29,2023-12-01,SYN-STA-03,Standard,1.0,2,77.61,0.0,Online travel agency,Cancelled,34
SYN-B001331,2023-11-17,2023-11-29,2023-12-03,SYN-DEL-03,Deluxe,1.0,4,120.26,481.04,Direct,Completed,12
SYN-B001332,2023-11-13,2023-11-30,2023-12-01,SYN-STA-08,Standard,2.0,1,76.37,76.37,Direct,Completed,17
SYN-B001333,2023-11-23,2023-11-30,2023-12-02,SYN-DEL-05,Deluxe,2.0,2,109.74,219.48,Direct,Completed,7
SYN-B001334,2023-11-13,2023-11-30,2023-12-03,SYN-FAM-02,Family,2.0,3,142.87,428.61,Direct,Completed,17
SYN-B001335,2023-10-31,2023-12-01,2023-12-02,SYN-STA-02,Standard,1.0,1,70.96,70.96,Travel agent,Completed,31
SYN-B001336,2023-11-13,2023-12-01,2023-12-03,SYN-STA-04,Standard,1.0,2,71.79,143.58,Direct,Completed,18
SYN-B001337,2023-11-17,2023-12-01,2023-12-05,SYN-STA-09,Standard,1.0,4,69.81,279.24,Online travel agency,Completed,14
SYN-B001338,2023-11-21,2023-12-02,2023-12-05,SYN-STA-06,Standard,1.0,3,72.78,218.34,Direct,Completed,11
SYN-B001339,2023-11-14,2023-12-02,2023-12-04,SYN-STA-10,Standard,1.0,2,71.02,142.04,Direct,Completed,18
SYN-B001340,2023-11-17,2023-12-03,2023-12-07,SYN-STA-08,Standard,2.0,4,62.71,250.84,Online travel agency,Completed,16
SYN-B001341,2023-11-21,2023-12-03,2023-12-07,SYN-DEL-02,Deluxe,2.0,4,86.35,345.4,Direct,Completed,12
SYN-B001342,2023-11-22,2023-12-03,2023-12-05,SYN-DEL-03,Deluxe,1.0,2,92.33,184.66,Direct,Completed,11
SYN-B001343,2023-11-14,2023-12-03,2023-12-04,SYN-DEL-04,Deluxe,2.0,1,86.82,86.82,Online travel agency,Completed,19
SYN-B001344,2023-11-18,2023-12-04,2023-12-07,SYN-DEL-04,Deluxe,2.0,3,86.29,258.87,Direct,Completed,16
SYN-B001345,2023-10-15,2023-12-05,2023-12-09,SYN-STA-05,Standard,1.0,4,65.06,260.24,Online travel agency,Completed,51
SYN-B001346,2023-11-22,2023-12-05,2023-12-08,SYN-DEL-01,Deluxe,1.0,3,94.93,284.79,Online travel agency,Completed,13
SYN-B001347,2023-11-30,2023-12-05,2023-12-06,SYN-FAM-01,Family,1.0,1,126.27,0.0,Online travel agency,Cancelled,5
SYN-B001348,2023-11-06,2023-12-06,2023-12-09,SYN-STA-04,Standard,1.0,3,61.15,183.45,Direct, completed ,30
SYN-B001349,2023-11-21,2023-12-06,2023-12-11,SYN-DEL-05,Deluxe,1.0,5,90.1,450.5,Direct,Completed,15
SYN-B001350,2023-11-13,2023-12-07,2023-12-10,SYN-STA-02,Standard,2.0,3,58.62,175.86,Direct,Completed,24
SYN-B001351,2023-11-01,2023-12-07,2023-12-10,SYN-STA-06,Standard,1.0,3,64.16,192.48,Direct,Completed,36
SYN-B001352,2023-11-10,2023-12-08,2023-12-09,SYN-FAM-02,Family,3.0,1,142.04,0.0,Online travel agency,Cancelled,28
SYN-B001353,2023-12-01,2023-12-09,2023-12-12,SYN-STA-09,Standard,2.0,3,69.58,208.74,Direct,Completed,8
SYN-B001354,2023-11-27,2023-12-09,2023-12-12,SYN-DEL-03,Deluxe,2.0,3,106.16,0.0,Online travel agency,Cancelled,12
SYN-B001355,2023-11-30,2023-12-09,2023-12-14,SYN-DEL-04,Deluxe,1.0,5,100.75,503.75,Online travel agency,Completed,9
SYN-B001356,2023-11-03,2023-12-09,2023-12-11,SYN-FAM-03,Family,1.0,2,130.66,261.32,Direct,Completed,36
SYN-B001357,2023-11-14,2023-12-10,2023-12-17,SYN-STA-10,Standard,2.0,7,61.62,431.34,Travel agent,Completed,26
SYN-B001358,2023-11-25,2023-12-12,2023-12-16,SYN-DEL-05,Deluxe,1.0,4,89.95,359.8,Direct,Completed,17
SYN-B001359,2023-11-26,2023-12-12,2023-12-13,SYN-FAM-01,Family,3.0,1,118.64,118.64,Direct,Completed,16
SYN-B001360,2023-10-30,2023-12-13,2023-12-15,SYN-FAM-03,Family,2.0,2,114.35,0.0,Direct,Cancelled,44
SYN-B001361,2023-11-27,2023-12-14,2023-12-18,SYN-STA-02,Standard,2.0,4,60.46,241.84,Direct,Completed,17
SYN-B001362,2023-11-11,2023-12-14,2023-12-18,SYN-STA-04,Standard,2.0,4,61.39,245.56,Online travel agency,Completed,33
SYN-B001363,2023-12-07,2023-12-14,2023-12-16,SYN-DEL-02,Deluxe,1.0,2,88.91,177.82,Direct,Completed,7
SYN-B001364,2023-12-12,2023-12-15,2023-12-21,SYN-STA-03,Standard,1.0,6,66.39,398.34,Travel agent,Completed,3
SYN-B001365,2023-12-05,2023-12-15,2023-12-20,SYN-STA-06,Standard,1.0,5,67.82,339.1,Online travel agency,Completed,10
SYN-B001366,2023-10-07,2023-12-15,2023-12-19,SYN-STA-08,Standard,1.0,4,66.51,266.04,Travel agent,Completed,69
SYN-B001367,2023-12-08,2023-12-15,2023-12-18,SYN-DEL-03,Deluxe,2.0,3,99.37,298.11,Online travel agency,Completed,7
SYN-B001368,2023-11-28,2023-12-15,2023-12-19,SYN-FAM-01,Family,3.0,4,135.94,543.76,Online travel agency,Completed,17
SYN-B001369,2023-12-10,2023-12-16,2023-12-18,SYN-STA-01,Standard,2.0,2,73.02,146.04,Online travel agency,Completed,6
SYN-B001370,2023-11-27,2023-12-16,2023-12-19,SYN-STA-07,Standard,2.0,3,71.62,214.86,Travel agent,Completed,19
SYN-B001371,2023-12-12,2023-12-16,2023-12-19,SYN-DEL-01,Deluxe,2.0,3,97.18,291.54,Online travel agency,Completed,4
SYN-B001372,2023-11-02,2023-12-17,2023-12-19,SYN-STA-05,Standard,1.0,2,65.78,131.56,Travel agent,Completed,45
SYN-B001373,2023-11-18,2023-12-17,2023-12-20,SYN-STA-09,Standard,1.0,3,60.02,180.06,Direct,Completed,29
SYN-B001374,2023-11-29,2023-12-17,2023-12-18,SYN-FAM-02,Family,1.0,1,117.88,117.88,Online travel agency,Completed,18
SYN-B001375,2023-10-11,2023-12-18,2023-12-21,SYN-STA-04,Standard,2.0,3,61.68,185.04,Direct,Completed,68
SYN-B001376,2023-11-26,2023-12-18,2023-12-23,SYN-FAM-03,Family,1.0,5,125.87,629.35,Travel agent,Completed,22
SYN-B001377,2023-11-04,2023-12-19,2023-12-22,SYN-STA-08,Standard,2.0,3,62.49,187.47,Online travel agency,Completed,45
SYN-B001378,2023-12-06,2023-12-19,2023-12-21,SYN-DEL-01,Deluxe,1.0,2,95.41,190.82,Direct,Completed,13
SYN-B001379,2023-11-28,2023-12-19,2023-12-21,SYN-DEL-04,Deluxe,2.0,2,92.68,185.36,Travel agent,Completed,21
SYN-B001380,2023-12-09,2023-12-20,2023-12-21,SYN-STA-06,Standard,1.0,1,59.14,59.14,Online travel agency,Completed,11
SYN-B001381,2023-12-17,2023-12-21,2023-12-23,SYN-STA-04,Standard,2.0,2,58.77,0.0,Online travel agency,Cancelled,4
SYN-B001382,2023-12-11,2023-12-21,2023-12-24,SYN-STA-05,Standard,1.0,3,61.75,185.25,Online travel agency,Completed,10
SYN-B001383,2023-12-07,2023-12-21,2023-12-25,SYN-STA-10,Standard,2.0,4,65.48,0.0,Online travel agency,Cancelled,14
SYN-B001384,2023-12-15,2023-12-21,2023-12-23,SYN-DEL-01,Deluxe,2.0,2,96.43,192.86,Direct, completed ,6
SYN-B001385,2023-12-16,2023-12-22,2023-12-23,SYN-STA-06, standard ,1.0,1,73.11,73.11,Direct,Completed,6
SYN-B001386,2023-12-10,2023-12-22,2023-12-23,SYN-STA-10,Standard,,1,68.33,68.33,Online travel agency,Completed,12
SYN-B001387,2023-12-10,2023-12-22,2023-12-25,SYN-DEL-02,Deluxe,2.0,3,104.18,312.54,Online travel agency,Completed,12
SYN-B001388,2023-12-01,2023-12-22,2023-12-24,SYN-DEL-03,Deluxe,1.0,2,107.53,215.06,Online travel agency,Completed,21
SYN-B001389,2023-12-15,2023-12-22,2023-12-25,SYN-DEL-05,Deluxe,2.0,3,105.58,316.74,Direct,Completed,7
SYN-B001390,2023-12-19,2023-12-23,2023-12-27,SYN-STA-03,Standard,1.0,4,66.58,0.0,Online travel agency,Cancelled,4
SYN-B001391,2023-11-15,2023-12-23,2023-12-25,SYN-DEL-01,Deluxe,2.0,2,98.74,197.48,Direct,Completed,38
SYN-B001392,2023-12-20,2023-12-23,2023-12-24,SYN-DEL-04,Deluxe,2.0,1,96.17,96.17,Direct,Completed,3
SYN-B001393,2023-12-04,2023-12-24,2023-12-27,SYN-STA-02,Standard,2.0,3,61.25,183.75,Direct,Completed,20
SYN-B001394,2023-12-04,2023-12-24,2023-12-25,SYN-STA-08,Standard,2.0,1,58.66,58.66,Travel agent,Completed,20
SYN-B001395,2023-12-13,2023-12-24,2023-12-25,SYN-STA-09,Standard,2.0,1,64.78,64.78,Online travel agency,Completed,11
SYN-B001396,2023-12-05,2023-12-25,2023-12-28,SYN-STA-03,Standard,1.0,3,65.18,195.54,Online travel agency,Completed,20
SYN-B001397,2023-12-12,2023-12-25,2023-12-30,SYN-STA-10,Standard,1.0,5,65.42,327.1,Direct,Completed,13
SYN-B001398,2023-12-19,2023-12-25,2023-12-26,SYN-FAM-02,Family,4.0,1,115.92,115.92,Direct,Completed,6
SYN-B001399,2023-12-08,2023-12-26,2023-12-28,SYN-STA-08,Standard,1.0,2,63.1,126.2,Direct,Completed,18
SYN-B001400,2023-12-03,2023-12-26,2023-12-29,SYN-FAM-02,Family,2.0,3,113.9,341.7,Direct,Completed,23
SYN-B001401,2023-12-15,2023-12-27,2023-12-29,SYN-STA-05,Standard,1.0,2,65.97,131.94,Online travel agency,Completed,12
SYN-B001402,2023-12-26,2023-12-27,2023-12-31,SYN-DEL-01,Deluxe,2.0,4,81.21,324.84,Direct,Completed,1
SYN-B001403,2023-12-17,2023-12-27,2023-12-28,SYN-DEL-03,Deluxe,1.0,1,90.98,90.98,Online travel agency,Completed,10
SYN-B001404,2023-12-08,2023-12-28,2023-12-30,SYN-STA-08,Standard,2.0,2,63.9,127.8,Online travel agency,Completed,20
SYN-B001405,2023-12-11,2023-12-29,2023-12-31,SYN-STA-03,Standard,2.0,2,68.54,0.0,Online travel agency,Cancelled,18
SYN-B001406,2023-12-13,2023-12-29,2024-01-04,SYN-STA-05,Standard,2.0,6,69.45,416.7,Online travel agency,Completed,16
SYN-B001407,2023-12-21,2023-12-29,2023-12-30,SYN-STA-06,Standard,2.0,1,70.93,0.0,Online travel agency,Cancelled,8
SYN-B001408,2023-12-13,2023-12-29,2024-01-03,SYN-STA-09,Standard,2.0,5,72.54,362.7,Travel agent,Completed,16
SYN-B001409,2023-12-23,2023-12-29,2024-01-01,SYN-DEL-05,Deluxe,2.0,3,100.41,301.23,Travel agent,Completed,6
SYN-B001410,2023-11-17,2023-12-30,2024-01-01,SYN-STA-02,Standard,1.0,2,69.39,138.78,Direct,Completed,43
SYN-B001411,2023-12-22,2023-12-30,2024-01-03,SYN-STA-03,Standard,2.0,4,70.86,0.0,Online travel agency,Cancelled,8
SYN-B001412,2023-12-01,2023-12-30,2024-01-04,SYN-DEL-02,Deluxe,2.0,5,104.72,523.6,Direct,Completed,29
SYN-B001413,2023-12-21,2023-12-30,2024-01-04,SYN-DEL-03,Deluxe,2.0,5,96.45,482.25,Direct,Completed,9
SYN-B001414,2023-12-09,2023-12-30,2024-01-02,SYN-FAM-03,Family,2.0,3,138.7,416.1,Direct,Completed,21
SYN-B001415,2023-12-27,2023-12-31,2024-01-03,SYN-STA-01,Standard,2.0,3,64.06,0.0,Online travel agency,Cancelled,4
SYN-B001416,2023-12-19,2023-12-31,2024-01-04,SYN-STA-03,Standard,2.0,4,60.56,242.24,Online travel agency,Completed,12
SYN-B001417,2023-12-19,2024-01-02,2024-01-04,SYN-STA-02,Standard,2.0,2,66.45,132.9,Direct,Completed,14
SYN-B001418,2023-12-27,2024-01-02,2024-01-04,SYN-FAM-01,Family,1.0,2,125.78,251.56,Direct,Completed,6
SYN-B001419,2023-12-27,2024-01-03,2024-01-07,SYN-STA-01,Standard,2.0,4,67.1,268.4,Online travel agency,Completed,7
SYN-B001420,2023-12-12,2024-01-03,2024-01-06,SYN-STA-08,Standard,2.0,3,64.94,0.0,Direct,Cancelled,22
SYN-B001421,2023-12-26,2024-01-03,2024-01-05,SYN-DEL-01,Deluxe,1.0,2,88.53,177.06,Direct,Completed,8
SYN-B001422,2023-11-07,2024-01-04,2024-01-07,SYN-STA-03,Standard,1.0,3,61.03,183.09,Online travel agency,Completed,58
SYN-B001423,2023-12-07,2024-01-04,2024-01-05,SYN-FAM-01,Family,1.0,1,117.09,117.09,Direct,Completed,28
SYN-B001424,2024-01-03,2024-01-05,2024-01-06,SYN-STA-02,Standard,1.0,1,64.29,64.29,Online travel agency,Completed,2
SYN-B001425,2024-01-01,2024-01-05,2024-01-07,SYN-STA-07,Standard,2.0,2,68.81,137.62,Online travel agency,Completed,4
SYN-B001426,2023-12-28,2024-01-05,2024-01-07,SYN-STA-08,Standard,1.0,2,75.56,151.12,Direct,Completed,8
SYN-B001427,2023-12-23,2024-01-05,2024-01-07,SYN-DEL-05,Deluxe,1.0,2,108.88,217.76,Direct,Completed,13
SYN-B001428,2023-12-31,2024-01-06,2024-01-10,SYN-STA-06,Standard,2.0,4,74.67,298.68,Direct,Completed,6
SYN-B001429,2023-12-20,2024-01-06,2024-01-08,SYN-STA-10,Standard,2.0,2,71.12,0.0,Online travel agency,Cancelled,17
SYN-B001430,2024-01-02,2024-01-06,2024-01-08,SYN-FAM-01,Family,3.0,2,138.38,276.76,Online travel agency,Completed,4
SYN-B001431,2023-12-18,2024-01-07,2024-01-11,SYN-STA-02,Standard,1.0,4,66.66,266.64,Direct,Completed,-1
SYN-B001432,2023-12-27,2024-01-07,2024-01-09,SYN-STA-04,Standard,1.0,2,67.32,134.64,Direct,Completed,11
SYN-B001433,2023-12-22,2024-01-07,2024-01-10,SYN-STA-10,Standard,2.0,-1,62.76,188.28,Online travel agency,Completed,16
SYN-B001434,2023-12-28,2024-01-08,2024-01-13,SYN-STA-01,Standard,2.0,5,65.75,328.75,Travel agent,Completed,11
SYN-B001435,2023-12-27,2024-01-08,2024-01-11,SYN-STA-07,Standard,1.0,3,65.83,0.0,Online travel agency,Cancelled,12
SYN-B001436,2023-11-09,2024-01-09,2024-01-12,SYN-STA-08,Standard,2.0,3,60.22,180.66,Direct,Completed,61
SYN-B001437,2024-01-04,2024-01-10,2024-01-15,SYN-STA-07, standard ,1.0,5,63.86,319.3,Online travel agency,Completed,6
SYN-B001438,2023-12-25,2024-01-10,2024-01-12,SYN-DEL-05,Deluxe,2.0,2,97.68,195.36,Online travel agency,Completed,16
SYN-B001439,2024-01-06,2024-01-11,2024-01-15,SYN-STA-03,Standard,2.0,4,66.88,267.52,Online travel agency,Completed,5
SYN-B001440,2023-12-09,2024-01-11,2024-01-14,SYN-STA-09, standard ,2.0,3,66.64,199.92,Online travel agency,Completed,33
SYN-B001441,2023-12-26,2024-01-11,2024-01-13,SYN-DEL-01,Deluxe,1.0,2,94.84,189.68,Direct,Completed,16
SYN-B001442,2023-12-23,2024-01-12,2024-01-14,SYN-STA-08,Standard,2.0,2,69.34,138.68,Direct,Completed,20
SYN-B001443,2023-11-12,2024-01-13,2024-01-16,SYN-STA-04,Standard,,3,65.13,195.39,Online travel agency,Completed,62
SYN-B001444,2024-01-06,2024-01-13,2024-01-15,SYN-STA-10,Standard,1.0,2,69.85,139.7,Online travel agency,Completed,7
SYN-B001445,2023-12-25,2024-01-13,2024-01-17,SYN-DEL-02,Deluxe,2.0,4,108.94,435.76,Direct,Completed,19
SYN-B001446,2024-01-03,2024-01-13,2024-01-15,SYN-FAM-02,Family,1.0,2,131.28,262.56,Online travel agency,Completed,10
SYN-B001447,2023-10-19,2024-01-14,2024-01-19,SYN-STA-02,Standard,2.0,5,60.99,0.0,Online travel agency,Cancelled,87
SYN-B001448,2024-01-12,2024-01-14,2024-01-16,SYN-DEL-01,Deluxe,2.0,2,83.34,166.68,Online travel agency,Completed,2
SYN-B001449,2023-12-31,2024-01-14,2024-01-17,SYN-DEL-04,Deluxe,2.0,3,98.48,0.0,Online travel agency,Cancelled,14
SYN-B001450,2023-12-13,2024-01-14,2024-01-16,SYN-DEL-05,Deluxe,1.0,2,95.17,190.34,Online travel agency,Completed,32
SYN-B001451,2024-01-04,2024-01-15,2024-01-17,SYN-STA-01,Standard,2.0,2,62.78,125.56,Direct,Completed,11
SYN-B001452,2023-09-29,2024-01-15,2024-01-16,SYN-STA-06,Standard,1.0,1,61.17,61.17,Direct,Completed,108
SYN-B001453,2023-12-30,2024-01-16,2024-01-18,SYN-STA-08,Standard,1.0,2,64.44,128.88,Online travel agency,Completed,17
SYN-B001454,2024-01-13,2024-01-16,2024-01-21,SYN-FAM-03,Family,2.0,5,120.32,0.0,Online travel agency,Cancelled,3
SYN-B001455,2023-12-20,2024-01-17,2024-01-19,SYN-STA-06,Standard,1.0,2,61.7,123.4,Direct,Completed,28
SYN-B001456,2023-12-29,2024-01-17,2024-01-19,SYN-DEL-04,Deluxe,1.0,2,96.87,193.74,Direct,Completed,19
SYN-B001457,2024-01-07,2024-01-17,2024-01-21,SYN-DEL-05,Deluxe,2.0,4,97.52,-1.0,Online travel agency,Completed,10
SYN-B001458,2023-11-08,2024-01-18,2024-01-22,SYN-STA-08,Standard,1.0,4,63.74,0.0,Direct,Cancelled,71
SYN-B001459,2024-01-08,2024-01-18,2024-01-19,SYN-STA-09,Standard,2.0,1,65.44,65.44,Direct,Completed,10
SYN-B001460,2024-01-12,2024-01-19,2024-01-21,SYN-STA-04,Standard,1.0,2,68.16,136.32,Online travel agency,Completed,7
SYN-B001461,2023-12-16,2024-01-19,2024-01-21,SYN-STA-08,Standard,1.0,2,72.38,0.0,Online travel agency,Cancelled,34
SYN-B001462,2024-01-06,2024-01-19,2024-01-21,SYN-STA-09,Standard,1.0,2,75.94,151.88,Online travel agency,Completed,13
SYN-B001463,2024-01-14,2024-01-19,2024-01-23,SYN-DEL-01,Deluxe,2.0,4,106.32,425.28,Direct,Completed,5
SYN-B001464,2023-12-14,2024-01-19,2024-01-21,SYN-DEL-03,Deluxe,2.0,2,109.63,219.26,Online travel agency,Completed,36
SYN-B001465,2023-12-24,2024-01-20,2024-01-24,SYN-STA-08,Standard,2.0,4,74.98,299.92,Direct,Completed,27
SYN-B001466,2023-12-15,2024-01-20,2024-01-22,SYN-FAM-01,Family,2.0,2,138.33,0.0,Online travel agency, cancelled ,36
SYN-B001467,2024-01-13,2024-01-22,2024-01-24,SYN-DEL-03,Deluxe,1.0,2,92.84,185.68,Direct,Completed,9
SYN-B001468,2024-01-06,2024-01-22,2024-01-28,SYN-DEL-05,Deluxe,2.0,6,99.16,594.96,Direct,Completed,16
SYN-B001469,2024-01-14,2024-01-23,2024-01-25,SYN-DEL-04,Deluxe,1.0,2,93.7,187.4,Direct,Completed,9
SYN-B001470,2024-01-08,2024-01-23,2024-01-25,SYN-FAM-03,Family,3.0,2,119.2,238.4,Direct,Completed,15
SYN-B001471,2024-01-17,2024-01-24,2024-01-26,SYN-STA-09,Standard,2.0,2,61.04,0.0,Online travel agency,Cancelled,7
SYN-B001472,2024-01-20,2024-01-24,2024-01-27,SYN-STA-10,Standard,2.0,3,63.46,190.38,Direct,Completed,4
SYN-B001473,2023-12-11,2024-01-25,2024-01-27,SYN-DEL-01,Deluxe,1.0,-1,90.24,180.48,Travel agent,Completed,45
SYN-B001474,2024-01-12,2024-01-25,2024-01-28,SYN-FAM-02,Family,2.0,3,128.39,385.17,Online travel agency,Completed,13
SYN-B001475,2024-01-09,2024-01-26,2024-01-29,SYN-STA-04,Standard,2.0,3,75.54,226.62,Direct,Completed,17
SYN-B001476,2024-01-01,2024-01-26,2024-01-29,SYN-STA-06,Standard,1.0,3,73.55,220.65,Direct,Completed,25
SYN-B001477,2024-01-06,2024-01-27,2024-01-29,SYN-STA-01,Standard,2.0,2,72.37,144.74,Online travel agency,Completed,21
SYN-B001478,2024-01-12,2024-01-27,2024-01-30,SYN-STA-07,Standard,2.0,3,76.04,228.12,Online travel agency,Completed,15
SYN-B001479,2023-12-03,2024-01-27,2024-01-30,SYN-STA-08,Standard,1.0,3,74.41,0.0,Online travel agency,Cancelled,55
SYN-B001480,2024-01-15,2024-01-27,2024-01-29,SYN-STA-09,Standard,2.0,2,72.18,0.0,Online travel agency,Cancelled,12
SYN-B001481,2023-11-27,2024-01-27,2024-01-28,SYN-DEL-02,Deluxe,2.0,1,96.37,96.37,Online travel agency,Completed,61
SYN-B001482,2024-01-10,2024-01-27,2024-01-30,SYN-DEL-04,Deluxe,1.0,3,100.89,302.67,Direct,Completed,17
SYN-B001483,2023-12-19,2024-01-28,2024-02-01,SYN-STA-02,Standard,1.0,4,63.4,253.6,Direct,Completed,40
SYN-B001484,2024-01-19,2024-01-28,2024-01-31,SYN-STA-05,Standard,1.0,3,64.3,192.9,Direct,Completed,9
SYN-B001485,2024-01-13,2024-01-28,2024-01-30,SYN-FAM-02,Family,2.0,2,123.97,0.0,Online travel agency,Cancelled,15
SYN-B001486,2024-01-09,2024-01-29,2024-01-31,SYN-STA-09,Standard,2.0,2,67.71,135.42,Online travel agency,Completed,20
SYN-B001487,2024-01-08,2024-01-30,2024-02-02,SYN-STA-04,Standard,2.0,3,66.02,0.0,Online travel agency,Cancelled,22
SYN-B001488,2024-01-10,2024-01-30,2024-02-01,SYN-STA-08,Standard,2.0,2,62.23,124.46,Travel agent,Completed,20
SYN-B001489,2024-01-22,2024-01-30,2024-01-31,SYN-DEL-01,Deluxe,2.0,1,96.92,96.92,Online travel agency,Completed,8
SYN-B001490,2024-01-19,2024-01-30,2024-02-01,SYN-DEL-02,Deluxe,2.0,2,97.74,195.48, travel agent ,Completed,11
SYN-B001491,2024-01-15,2024-01-30,2024-02-02,SYN-DEL-04,Deluxe,2.0,3,93.26,279.78,Travel agent,Completed,15
SYN-B001492,2024-01-24,2024-01-31,2024-02-04,SYN-STA-05,Standard,2.0,4,67.91,271.64,Online travel agency,Completed,7
SYN-B001493,2024-01-24,2024-02-01,2024-02-02,SYN-STA-06,Standard,1.0,1,63.01,63.01,Online travel agency,Completed,8
SYN-B001494,2024-01-24,2024-02-01,2024-02-03,SYN-DEL-03,Deluxe,1.0,2,94.16,188.32,Travel agent,Completed,8
SYN-B001495,2024-01-07,2024-02-01,2024-02-06,SYN-FAM-02,Family,1.0,5,129.12,645.6,Direct,Completed,25
SYN-B001496,2024-01-27,2024-02-02,2024-02-05,SYN-STA-03,Standard,1.0,3,70.36,211.08,Direct,Completed,6
SYN-B001497,2024-01-27,2024-02-02,2024-02-05,SYN-STA-10,Standard,2.0,3,73.69,221.07,Direct,Completed,6
SYN-B001498,2024-01-25,2024-02-02,2024-02-03,SYN-FAM-03,Family,3.0,1,135.92,135.92,Online travel agency,Completed,8
SYN-B001499,2024-01-23,2024-02-03,2024-02-06,SYN-STA-02,Standard,1.0,3,70.25,210.75,Online travel agency,Completed,11
SYN-B001500,2024-01-16,2024-02-03,2024-02-07,SYN-DEL-02,Deluxe,2.0,4,110.09,0.0,Online travel agency,Cancelled,18
SYN-B001501,2024-01-14,2024-02-04,2024-02-07,SYN-STA-01,Standard,2.0,3,62.96,188.88,Travel agent,Completed,21
SYN-B001502,2024-01-29,2024-02-04,2024-02-09,SYN-STA-09,Standard,1.0,5,63.96,0.0,Online travel agency,Cancelled,6
SYN-B001503,2024-02-02,2024-02-04,2024-02-07,SYN-DEL-01,Deluxe,2.0,3,91.35,274.05,Direct,Completed,2
SYN-B001504,2024-01-10,2024-02-04,2024-02-06,SYN-FAM-01,Family,3.0,2,130.38,260.76,Online travel agency,Completed,25
SYN-B001505,2023-12-27,2024-02-04,2024-02-06,SYN-FAM-03,Family,1.0,2,126.68,253.36,Online travel agency,Completed,39
SYN-B001506,2024-01-29,2024-02-05,2024-02-07,SYN-STA-06,Standard,2.0,2,66.6,133.2,Online travel agency,Completed,7
SYN-B001507,2024-01-22,2024-02-05,2024-02-07,SYN-STA-07,Standard,2.0,2,65.15,130.3,Direct,Completed,14
SYN-B001508,2024-01-24,2024-02-05,2024-02-07,SYN-STA-10,Standard,1.0,2,65.97,0.0,Online travel agency,Cancelled,12
SYN-B001509,2024-01-23,2024-02-05,2024-02-10,SYN-DEL-02,Deluxe,1.0,5,94.0,470.0, direct ,Completed,13
SYN-B001510,2024-01-13,2024-02-05,2024-02-09,SYN-DEL-05,Deluxe,1.0,4,96.31,385.24, online travel agency ,Completed,23
SYN-B001511,2024-01-22,2024-02-06,2024-02-08,SYN-STA-04,Standard,2.0,2,64.64,0.0,Online travel agency,Cancelled,15
SYN-B001512,2024-01-10,2024-02-06,2024-02-11,SYN-DEL-04,Deluxe,1.0,5,88.99,444.95,Online travel agency,Completed,27
SYN-B001513,2024-01-04,2024-02-07,2024-02-09,SYN-STA-07,Standard,2.0,2,62.29,0.0,Online travel agency,Cancelled,34
SYN-B001514,2024-01-30,2024-02-07,2024-02-09,SYN-STA-10,Standard,1.0,2,63.98,127.96,Direct,Completed,8
SYN-B001515,2024-02-01,2024-02-08,2024-02-09,SYN-STA-04,Standard,2.0,1,64.34,64.34,Online travel agency,Completed,7
SYN-B001516,2023-12-21,2024-02-08,2024-02-12,SYN-DEL-03,Deluxe,2.0,4,99.27,397.08, travel agent ,Completed,49
SYN-B001517,2023-11-22,2024-02-09,2024-02-11,SYN-STA-05,Standard,1.0,2,67.66,135.32,Direct,Completed,79
SYN-B001518,2024-01-29,2024-02-09,2024-02-12,SYN-STA-08,Standard,1.0,3,74.16,222.48,Direct,Completed,11
SYN-B001519,2024-01-14,2024-02-10,2024-02-13,SYN-STA-06,Standard,1.0,3,69.93,209.79,Direct,Completed,27
SYN-B001520,2023-12-02,2024-02-10,2024-02-12,SYN-STA-07,Standard,1.0,2,64.05,128.1,Online travel agency,Completed,70
SYN-B001521,2024-02-03,2024-02-10,2024-02-11,SYN-STA-10,Standard,1.0,1,74.93,74.93,Online travel agency,Completed,7
SYN-B001522,2024-01-27,2024-02-10,2024-02-12,SYN-DEL-05,Deluxe,2.0,2,99.41,198.82,Travel agent,Completed,14
SYN-B001523,2024-01-03,2024-02-11,2024-02-15,SYN-STA-01,Standard,2.0,4,62.23,248.92,Direct,Completed,39
SYN-B001524,2024-02-08,2024-02-11,2024-02-13,SYN-DEL-02,Deluxe,1.0,2,84.4,168.8,Travel agent,Completed,3
SYN-B001525,2024-02-04,2024-02-11,2024-02-12,SYN-FAM-01,Family,3.0,1,120.99,120.99,Online travel agency,Completed,7
SYN-B001526,2024-01-22,2024-02-11,2024-02-14,SYN-FAM-03,Family,2.0,3,119.73,359.19,Online travel agency,Completed,20
SYN-B001527,2024-01-07,2024-02-12,2024-02-13,SYN-DEL-01,Deluxe,2.0,1,89.71,89.71,Direct,Completed,36
SYN-B001528,2024-02-06,2024-02-13,2024-02-14,SYN-STA-07,Standard,1.0,1,62.26,62.26,Online travel agency,Completed,7
SYN-B001529,2024-01-08,2024-02-13,2024-02-15,SYN-STA-10,Standard,1.0,2,65.52,131.04,Online travel agency,Completed,36
SYN-B001530,2024-01-27,2024-02-13,2024-02-14,SYN-DEL-05,Deluxe,1.0,1,99.1,99.1,Online travel agency,Completed,17
SYN-B001531,2024-01-31,2024-02-14,2024-02-19,SYN-STA-02,Standard,2.0,5,62.17,310.85,Direct,Completed,14
SYN-B001532,2024-01-30,2024-02-14,2024-02-17,SYN-DEL-01,Deluxe,2.0,3,95.91,287.73,Online travel agency,Completed,15
SYN-B001533,2024-01-19,2024-02-15,2024-02-17,SYN-STA-08,Standard,1.0,2,66.73,0.0,Travel agent,Cancelled,27
SYN-B001534,2024-01-29,2024-02-15,2024-02-20,SYN-STA-09,Standard,1.0,5,60.82,304.1,Direct,Completed,17
SYN-B001535,2024-01-28,2024-02-15,2024-02-16,SYN-FAM-01,Family,2.0,1,128.77,0.0,Online travel agency,Cancelled,18
SYN-B001536,2024-01-13,2024-02-15,2024-02-18,SYN-FAM-02,Family,4.0,3,119.12,357.36,Direct,Completed,33
SYN-B001537,2024-02-02,2024-02-16,2024-02-18,SYN-STA-05,Standard,1.0,2,73.39,146.78,Direct,Completed,14
SYN-B001538,2024-01-24,2024-02-16,2024-02-18,SYN-FAM-01,Family,1.0,2,137.66,275.32,Direct,Completed,23
SYN-B001539,2024-01-13,2024-02-17,2024-02-20,SYN-STA-01,Standard,2.0,3,71.07,213.21,Online travel agency,Completed,35
SYN-B001540,2024-02-10,2024-02-17,2024-02-21,SYN-DEL-04,Deluxe,2.0,4,101.54,406.16, online travel agency ,Completed,7
SYN-B001541,2024-02-05,2024-02-17,2024-02-20,SYN-FAM-03,Family,2.0,3,140.62,421.86,Direct,Completed,12
SYN-B001542,2024-02-06,2024-02-18,2024-02-21,SYN-STA-06,Standard,2.0,3,60.34,181.02,Online travel agency,Completed,12
SYN-B001543,2024-01-31,2024-02-18,2024-02-22,SYN-STA-08,Standard,2.0,4,67.14,268.56,Online travel agency,Completed,18
SYN-B001544,2024-02-09,2024-02-19,2024-02-22,SYN-STA-05,Standard,2.0,3,67.13,201.39,Direct, completed ,10
SYN-B001545,2023-12-21,2024-02-19,2024-02-22,SYN-DEL-05,Deluxe,1.0,3,86.82,260.46,Direct,Completed,60
SYN-B001546,2024-02-17,2024-02-20,2024-02-22,SYN-STA-09,Standard,1.0,2,61.79,123.58,Online travel agency,Completed,3
SYN-B001547,2024-02-08,2024-02-22,2024-02-24,SYN-STA-04,Standard,1.0,2,62.02,124.04,Direct,Completed,14
SYN-B001548,2024-02-11,2024-02-23,2024-02-24,SYN-STA-01,Standard,2.0,1,69.27,69.27,Online travel agency,Completed,12
SYN-B001549,2024-02-08,2024-02-23,2024-02-28,SYN-STA-03,Standard,2.0,5,68.01,0.0,Online travel agency,Cancelled,15
SYN-B001550,2024-02-15,2024-02-23,2024-02-28,SYN-DEL-02,Deluxe,1.0,5,109.42,547.1,Direct,Completed,8
SYN-B001551,2024-02-21,2024-02-23,2024-02-29,SYN-DEL-04,Deluxe,1.0,6,98.83,592.98,Direct,Completed,2
SYN-B001552,2024-01-01,2024-02-23,2024-02-27,SYN-DEL-05,Deluxe,1.0,4,108.22,432.88,Direct,Completed,53
SYN-B001553,2024-02-04,2024-02-24,2024-02-26,SYN-STA-01,Standard,2.0,2,74.1,148.2,Direct,Completed,20
SYN-B001554,2024-02-19,2024-02-24,2024-02-26,SYN-STA-08,Standard,1.0,2,68.28,136.56,Online travel agency,Completed,5
SYN-B001555,2024-02-16,2024-02-24,2024-02-25,SYN-STA-09,Standard,1.0,1,75.25,75.25,Direct,Completed,8
SYN-B001556,2023-12-19,2024-02-24,2024-02-27,SYN-STA-10,Standard,1.0,3,66.23,198.69,Travel agent,Completed,67
SYN-B001557,2024-02-10,2024-02-25,2024-02-27,SYN-DEL-01,Deluxe,2.0,2,92.43,184.86,Direct,Completed,15
SYN-B001558,2024-02-04,2024-02-26,2024-03-01,SYN-STA-03,Standard,1.0,4,60.91,0.0,Direct,Cancelled,22
SYN-B001559,2024-02-02,2024-02-26,2024-02-29,SYN-STA-05,Standard,1.0,3,65.85,0.0,Travel agent,Cancelled,24
SYN-B001560,2024-02-13,2024-02-27,2024-02-28,SYN-STA-07,Standard,2.0,1,62.42,62.42,Direct,Completed,14
SYN-B001561,2024-01-06,2024-02-27,2024-03-01,SYN-STA-08,Standard,1.0,3,66.6,199.8,Online travel agency,Completed,52
SYN-B001562,2024-02-19,2024-02-27,2024-02-29,SYN-FAM-03,Family,3.0,2,116.75,0.0,Direct,Cancelled,8
SYN-B001563,2024-01-28,2024-02-28,2024-02-29,SYN-STA-02,Standard,1.0,1,66.49,66.49,Direct,Completed,31
SYN-B001564,2024-02-15,2024-02-29,2024-03-03,SYN-STA-02,Standard,1.0,3,67.84,0.0,Online travel agency,Cancelled,14
SYN-B001565,2024-02-23,2024-02-29,2024-03-04,SYN-STA-06,Standard,2.0,4,63.11,0.0,Travel agent,Cancelled,6
SYN-B001566,2024-02-04,2024-03-01,2024-03-04,SYN-STA-02,Standard,2.0,3,90.34,0.0,Online travel agency,Cancelled,26
SYN-B001567,2024-02-20,2024-03-01,2024-03-02,SYN-STA-04,Standard,2.0,1,82.15,82.15,Travel agent,Completed,10
SYN-B001568,2024-02-20,2024-03-01,2024-03-04,SYN-STA-08,Standard,1.0,3,86.99,260.97,Online travel agency,Completed,10
SYN-B001569,2024-02-19,2024-03-01,2024-03-02,SYN-STA-09,Standard,1.0,1,85.2,85.2,Direct,Completed,11
SYN-B001570,2024-02-15,2024-03-01,2024-03-05,SYN-DEL-02,Deluxe,1.0,4,127.38,0.0,Online travel agency,Cancelled,15
SYN-B001571,2024-02-08,2024-03-02,2024-03-04,SYN-STA-07,Standard,2.0,2,83.38,166.76,Online travel agency,Completed,23
SYN-B001572,2024-02-17,2024-03-02,2024-03-06,SYN-DEL-03,Deluxe,2.0,4,133.37,0.0,Direct,Cancelled,14
SYN-B001573,2024-01-12,2024-03-02,2024-03-05,SYN-DEL-05,Deluxe,1.0,3,121.47,364.41,Travel agent,Completed,50
SYN-B001574,2024-02-22,2024-03-03,2024-03-06,SYN-STA-02,Standard,1.0,3,75.8,227.4,Online travel agency,Completed,10
SYN-B001575,2024-02-15,2024-03-03,2024-03-05,SYN-STA-03,Standard,2.0,2,78.09,156.18,Online travel agency,Completed,17
SYN-B001576,2024-02-07,2024-03-03,2024-03-05,SYN-DEL-03,Deluxe,2.0,2,115.46,0.0,Online travel agency,Cancelled,25
SYN-B001577,2024-02-23,2024-03-04,2024-03-07,SYN-STA-07,Standard,2.0,3,79.22,237.66,Direct,Completed,10
SYN-B001578,2024-02-13,2024-03-04,2024-03-08,SYN-DEL-02,Deluxe,1.0,4,110.65,442.6,Direct,Completed,20
SYN-B001579,2024-02-25,2024-03-04,2024-03-06,SYN-FAM-03,Family,1.0,2,150.1,300.2,Direct,Completed,8
SYN-B001580,2024-02-26,2024-03-05,2024-03-09,SYN-STA-08, standard ,1.0,4,76.25,305.0,Online travel agency,Completed,8
SYN-B001581,2024-02-05,2024-03-05,2024-03-09,SYN-STA-10,Standard,1.0,4,78.83,0.0,Online travel agency,Cancelled,29
SYN-B001582,2023-11-04,2024-03-05,2024-03-06,SYN-DEL-04,Deluxe,1.0,1,103.45,103.45,Direct,Completed,122
SYN-B001583,2024-02-03,2024-03-05,2024-03-07,SYN-FAM-02,Family,1.0,2,141.74,283.48,Direct,Completed,31
SYN-B001584,2024-02-18,2024-03-06,2024-03-07,SYN-STA-05,Standard,2.0,1,74.46,74.46,Online travel agency,Completed,17
SYN-B001585,2024-03-02,2024-03-07,2024-03-08,SYN-STA-03,Standard,1.0,1,80.2,80.2,Direct,Completed,5
SYN-B001586,2024-02-26,2024-03-07,2024-03-08,SYN-STA-09,Standard,2.0,1,77.53,77.53,Direct,Completed,10
SYN-B001587,2024-03-03,2024-03-07,2024-03-10,SYN-FAM-01,Family,2.0,3,156.73,470.19,Travel agent,Completed,4
SYN-B001588,2024-01-03,2024-03-08,2024-03-09,SYN-STA-06,Standard,1.0,1,85.38,0.0,Online travel agency,Cancelled,65
SYN-B001589,2024-02-19,2024-03-08,2024-03-12,SYN-STA-09,Standard,1.0,4,89.23,356.92,Direct,Completed,18
SYN-B001590,2024-02-14,2024-03-08,2024-03-10,SYN-DEL-01,Deluxe,2.0,2,133.75,267.5,Online travel agency,Completed,23
SYN-B001591,2024-03-02,2024-03-08,2024-03-09,SYN-DEL-03,Deluxe,2.0,1,120.95,120.95,Online travel agency,Completed,6
SYN-B001592,2024-03-03,2024-03-09,2024-03-10,SYN-STA-03,Standard,1.0,1,87.2,87.2,Online travel agency,Completed,6
SYN-B001593,2024-01-09,2024-03-09,2024-03-10,SYN-STA-05,Standard,2.0,1,84.23,84.23,Online travel agency,Completed,60
SYN-B001594,2024-02-26,2024-03-09,2024-03-10,SYN-STA-07,Standard,1.0,1,89.96,89.96,Travel agent,Completed,12
SYN-B001595,2024-03-06,2024-03-09,2024-03-13,SYN-STA-08,Standard,2.0,4,89.62,0.0,Direct,Cancelled,3
SYN-B001596,2024-01-17,2024-03-09,2024-03-12,SYN-STA-10,Standard,1.0,3,87.15,0.0,Online travel agency,Cancelled,52
SYN-B001597,2024-03-06,2024-03-09,2024-03-10,SYN-FAM-02,Family,3.0,1,160.07,160.07,Online travel agency,Completed,3
SYN-B001598,2024-02-23,2024-03-10,2024-03-13,SYN-STA-02,Standard,1.0,3,75.28,225.84,Direct,Completed,16
SYN-B001599,2024-01-11,2024-03-10,2024-03-14,SYN-STA-04,Standard,1.0,4,77.87,311.48,Direct,Completed,59
SYN-B001600,2024-03-05,2024-03-10,2024-03-11,SYN-STA-08,Standard,2.0,1,75.2,0.0,Direct,Cancelled,5
SYN-B001601,2024-03-02,2024-03-10,2024-03-13,SYN-DEL-02,Deluxe,1.0,3,119.23,357.69,Direct,Completed,8
SYN-B001602,2024-03-08,2024-03-10,2024-03-13,SYN-FAM-03,Family,4.0,3,149.73,449.19,Online travel agency,Completed,2
SYN-B001603,2024-03-01,2024-03-11,2024-03-14,SYN-STA-10,Standard,2.0,3,79.41,238.23,Online travel agency,Completed,10
SYN-B001604,2024-01-18,2024-03-11,2024-03-15,SYN-FAM-01,Family,1.0,4,157.38,629.52,Travel agent,Completed,53
SYN-B001605,2024-03-07,2024-03-12,2024-03-14,SYN-STA-05,Standard,1.0,2,81.15,162.3,Direct,Completed,5
SYN-B001606,2024-03-11,2024-03-12,2024-03-14,SYN-STA-06,Standard,2.0,2,79.06,0.0,Online travel agency,Cancelled,1
SYN-B001607,2024-02-27,2024-03-12,2024-03-14,SYN-DEL-03,Deluxe,1.0,2,113.42,226.84,Direct,Completed,14
SYN-B001608,2023-12-07,2024-03-13,2024-03-16,SYN-STA-06,Standard,2.0,3,74.28,0.0,Online travel agency,Cancelled,97
SYN-B001609,2024-01-30,2024-03-13,2024-03-16,SYN-FAM-03,Family,3.0,3,146.24,438.72,Online travel agency,Completed,43
SYN-B001610,2024-02-27,2024-03-14,2024-03-15,SYN-STA-01,Standard,2.0,1,75.44,75.44,Online travel agency,Completed,16
SYN-B001611,2024-02-26,2024-03-14,2024-03-17,SYN-STA-02,Standard,1.0,3,73.26,219.78,Travel agent,Completed,17
SYN-B001612,2024-03-02,2024-03-14,2024-03-16,SYN-STA-03,Standard,2.0,2,79.37,158.74,Direct,Completed,12
SYN-B001613,2024-03-09,2024-03-14,2024-03-16,SYN-STA-08,Standard,1.0,2,79.79,159.58,Direct, completed ,5
SYN-B001614,2024-03-11,2024-03-15,2024-03-20,SYN-STA-01,Standard,1.0,5,81.43,407.15,Online travel agency,Completed,4
SYN-B001615,2024-02-26,2024-03-15,2024-03-17,SYN-STA-04,Standard,1.0,2,82.18,164.36,Online travel agency,Completed,18
SYN-B001616,2024-02-01,2024-03-15,2024-03-18,SYN-DEL-01,Deluxe,1.0,3,128.74,386.22,Direct,Completed,43
SYN-B001617,2024-03-11,2024-03-15,2024-03-16,SYN-DEL-02,Deluxe,1.0,1,119.34,119.34,Online travel agency,Completed,4
SYN-B001618,2024-03-06,2024-03-15,2024-03-18,SYN-DEL-05,Deluxe,1.0,3,119.71,359.13,Direct,Completed,9
SYN-B001619,2024-03-06,2024-03-15,2024-03-18,SYN-FAM-01,Family,1.0,3,170.85,512.55,Direct,Completed,9
SYN-B001620,2024-02-11,2024-03-16,2024-03-19,SYN-STA-05,Standard,1.0,3,84.19,252.57,Direct,Completed,34
SYN-B001621,2024-03-04,2024-03-16,2024-03-18,SYN-STA-06, standard ,2.0,2,90.79,181.58,Online travel agency,Completed,12
SYN-B001622,2024-02-24,2024-03-16,2024-03-17,SYN-DEL-02,Deluxe,1.0,1,130.25,130.25,Online travel agency,Completed,21
SYN-B001623,2024-03-12,2024-03-16,2024-03-19,SYN-DEL-03,Deluxe,2.0,3,123.42,0.0,Travel agent,Cancelled,4
SYN-B001624,2024-03-01,2024-03-16,2024-03-17,SYN-FAM-03,Family,3.0,1,174.1,174.1,Direct,Completed,15
SYN-B001625,2024-02-01,2024-03-17,2024-03-22,SYN-STA-02,Standard,1.0,5,78.02,390.1,Direct,Completed,45
SYN-B001626,2024-02-27,2024-03-17,2024-03-18,SYN-STA-08,Standard,1.0,1,73.83,73.83,Online travel agency,Completed,19
SYN-B001627,2024-02-26,2024-03-18,2024-03-20,SYN-STA-03,Standard,2.0,2,72.81,145.62,Direct, completed ,21
SYN-B001628,2024-03-15,2024-03-19,2024-03-20,SYN-STA-05,Standard,2.0,1,81.66,81.66,Online travel agency,Completed,4
SYN-B001629,2024-02-10,2024-03-19,2024-03-22,SYN-STA-09,Standard,1.0,3,80.47,-1.0,Online travel agency,Cancelled,38
SYN-B001630,2024-02-29,2024-03-20,2024-03-22,SYN-STA-03,Standard,2.0,2,73.05,146.1,Direct,Completed,20
SYN-B001631,2024-01-26,2024-03-20,2024-03-24,SYN-STA-08,Standard,2.0,4,74.18,296.72,Direct,Completed,54
SYN-B001632,2024-01-11,2024-03-20,2024-03-22,SYN-DEL-04,Deluxe,1.0,2,110.35,220.7,Online travel agency,Completed,69
SYN-B001633,2024-03-08,2024-03-21,2024-03-23,SYN-STA-05,Standard,2.0,2,77.97,155.94,Travel agent,Completed,13
SYN-B001634,2024-03-14,2024-03-21,2024-03-24,SYN-STA-06,Standard,2.0,3,73.94,221.82,Online travel agency,Completed,7
SYN-B001635,2023-12-02,2024-03-21,2024-03-24,SYN-STA-10,Standard,1.0,3,74.74,224.22,Online travel agency,Completed,110
SYN-B001636,2024-03-19,2024-03-21,2024-03-22,SYN-DEL-05,Deluxe,2.0,1,113.9,0.0,Travel agent,Cancelled,2
SYN-B001637,2024-03-15,2024-03-22,2024-03-24,SYN-STA-04,Standard,2.0,2,83.85,0.0,Online travel agency,Cancelled,7
SYN-B001638,2024-03-06,2024-03-22,2024-03-24,SYN-STA-09,Standard,1.0,2,89.49,178.98,Online travel agency,Completed,16
SYN-B001639,2024-02-11,2024-03-22,2024-03-24,SYN-DEL-01,Deluxe,2.0,2,123.35,246.7,Direct,Completed,40
SYN-B001640,2024-02-15,2024-03-22,2024-03-25,SYN-DEL-02,Deluxe,2.0,3,125.42,376.26,Online travel agency,Completed,36
SYN-B001641,2024-03-10,2024-03-23,2024-03-25,SYN-STA-01,Standard,1.0,2,86.9,0.0,Online travel agency,Cancelled,13
SYN-B001642,2024-03-15,2024-03-23,2024-03-25,SYN-STA-03,Standard,2.0,2,82.99,165.98,Online travel agency,Completed,8
SYN-B001643,2024-02-28,2024-03-23,2024-03-25,SYN-STA-05,Standard,2.0,2,90.54,181.08,Direct,Completed,24
SYN-B001644,2024-03-06,2024-03-23,2024-03-28,SYN-DEL-03,Deluxe,1.0,5,121.99,609.95,Online travel agency,Completed,17
SYN-B001645,2024-02-29,2024-03-24,2024-03-27,SYN-STA-01,Standard,2.0,3,74.18,222.54,Direct,Completed,24
SYN-B001646,2024-02-15,2024-03-24,2024-03-26,SYN-STA-04,Standard,2.0,2,77.78,0.0,Online travel agency,Cancelled,38
SYN-B001647,2024-03-17,2024-03-24,2024-03-26,SYN-STA-08,Standard,1.0,2,74.26,148.52,Online travel agency,Completed,7
SYN-B001648,2024-03-15,2024-03-24,2024-03-27,SYN-STA-09,Standard,1.0,3,77.58,0.0,Direct,Cancelled,9
SYN-B001649,2024-03-15,2024-03-25,2024-03-26,SYN-STA-02,Standard,1.0,1,81.61,81.61,Online travel agency,Completed,10
SYN-B001650,2024-03-14,2024-03-25,2024-03-29,SYN-STA-10,Standard,2.0,4,79.56,318.24,Travel agent,Completed,11
SYN-B001651,2024-03-09,2024-03-25,2024-03-26,SYN-DEL-05,Deluxe,1.0,1,117.35,117.35,Direct,Completed,16
SYN-B001652,2024-03-22,2024-03-25,2024-03-27,SYN-FAM-02,Family,1.0,2,145.18,290.36,Online travel agency,Completed,3
SYN-B001653,2024-03-07,2024-03-25,2024-03-27,SYN-FAM-03,Family,,2,144.39,288.78,Online travel agency,Completed,18
SYN-B001654,2024-02-18,2024-03-27,2024-03-28,SYN-DEL-02,Deluxe,1.0,1,118.98,118.98,Online travel agency,Completed,38
SYN-B001655,2024-03-22,2024-03-28,2024-03-29,SYN-STA-02,Standard,,1,74.68,74.68,Direct,Completed,6
SYN-B001656,2024-03-23,2024-03-28,2024-03-31,SYN-FAM-01,Family,4.0,3,158.14,474.42,Direct,Completed,5
SYN-B001657,2024-03-05,2024-03-29,2024-03-31,SYN-STA-01,Standard,2.0,2,88.42,176.84,Travel agent,Completed,24
SYN-B001658,2024-03-13,2024-03-29,2024-03-31,SYN-STA-03,Standard,1.0,2,90.9,181.8,Online travel agency,Completed,16
SYN-B001659,2024-03-16,2024-03-29,2024-04-01,SYN-STA-10,Standard,1.0,3,87.86,0.0,Direct,Cancelled,13
SYN-B001660,2024-03-20,2024-03-29,2024-03-31,SYN-DEL-03,Deluxe,2.0,2,133.11,266.22,Direct, completed ,9
SYN-B001661,2024-03-21,2024-03-29,2024-04-01,SYN-FAM-02,Family,2.0,3,161.49,484.47,Direct,Completed,8
SYN-B001662,2024-03-17,2024-03-29,2024-04-01,SYN-FAM-03,Family,4.0,3,159.64,478.92,Direct,Completed,12
SYN-B001663,2024-03-21,2024-03-30,2024-04-01,SYN-STA-04,Standard,2.0,2,85.13,170.26,Online travel agency,Completed,9
SYN-B001664,2024-03-07,2024-03-30,2024-04-01,SYN-STA-10, standard ,1.0,2,90.27,180.54,Direct,Completed,23
SYN-B001665,2024-03-11,2024-03-31,2024-04-03,SYN-STA-08,Standard,1.0,3,77.25,231.75,Direct,Completed,20
SYN-B001666,2024-03-16,2024-03-31,2024-04-02,SYN-DEL-01,Deluxe,1.0,2,112.71,0.0,Online travel agency, cancelled ,15
SYN-B001667,2024-03-07,2024-03-31,2024-04-03,SYN-DEL-04,Deluxe,2.0,3,113.69,341.07,Direct,Completed,24
SYN-B001668,2024-03-13,2024-04-01,2024-04-04,SYN-STA-01,Standard,1.0,3,80.77,242.31,Direct,Completed,19
SYN-B001669,2024-02-22,2024-04-01,2024-04-05,SYN-STA-03,Standard,2.0,4,81.07,324.28,Online travel agency,Completed,39
SYN-B001670,2024-03-15,2024-04-01,2024-04-02,SYN-STA-06,Standard,2.0,1,77.09,77.09,Travel agent,Completed,17
SYN-B001671,2024-03-22,2024-04-01,2024-04-03,SYN-DEL-01,Deluxe,2.0,2,111.62,223.24,Online travel agency,Completed,10
SYN-B001672,2024-03-24,2024-04-01,2024-04-02,SYN-DEL-05, deluxe ,1.0,1,116.96,116.96,Travel agent,Completed,8
SYN-B001673,2024-03-18,2024-04-02,2024-04-04,SYN-STA-04,Standard,1.0,2,81.2,162.4,Online travel agency,Completed,15
SYN-B001674,2024-03-18,2024-04-02,2024-04-05,SYN-STA-06,Standard,2.0,3,75.86,227.58,Direct,Completed,15
SYN-B001675,2024-03-20,2024-04-02,2024-04-07,SYN-STA-07,Standard,1.0,5,79.68,398.4,Travel agent,Completed,13
SYN-B001676,2024-03-27,2024-04-02,2024-04-05,SYN-STA-10,Standard,1.0,3,79.73,239.19,Online travel agency,Completed,6
SYN-B001677,2023-12-22,2024-04-02,2024-04-03,SYN-DEL-03,Deluxe,1.0,1,104.47,104.47,Online travel agency,Completed,102
SYN-B001678,2024-03-06,2024-04-02,2024-04-06,SYN-DEL-05,Deluxe,2.0,4,115.62,462.48,Travel agent,Completed,27
SYN-B001679,2024-03-20,2024-04-03,2024-04-06,SYN-FAM-02,Family,3.0,3,151.17,453.51,Travel agent,Completed,14
SYN-B001680,2024-03-24,2024-04-04,2024-04-10,SYN-STA-01,Standard,2.0,6,80.62,483.72,Direct,Completed,11
SYN-B001681,2024-03-12,2024-04-04,2024-04-06,SYN-STA-02,Standard,2.0,2,78.53,157.06,Direct,Completed,23
SYN-B001682,2024-03-09,2024-04-04,2024-04-09,SYN-STA-08,Standard,2.0,5,73.71,368.55,Direct,Completed,26
SYN-B001683,2024-02-24,2024-04-04,2024-04-05,SYN-DEL-03,Deluxe,2.0,1,115.35,115.35,Travel agent,Completed,40
SYN-B001684,2024-02-22,2024-04-04,2024-04-09,SYN-FAM-03,Family,3.0,5,157.83,789.15,Online travel agency,Completed,42
SYN-B001685,2024-03-14,2024-04-05,2024-04-08,SYN-STA-03,Standard,2.0,3,86.94,260.82,Online travel agency,Completed,22
SYN-B001686,2024-03-11,2024-04-05,2024-04-07,SYN-STA-06,Standard,1.0,2,86.63,173.26,Online travel agency, completed ,25
SYN-B001687,2024-04-02,2024-04-05,2024-04-07,SYN-STA-10,Standard,2.0,2,85.88,0.0,Direct,Cancelled,3
SYN-B001688,2024-03-11,2024-04-05,2024-04-09,SYN-DEL-03,Deluxe,2.0,4,123.29,493.16,Online travel agency,Completed,25
SYN-B001689,2024-03-09,2024-04-06,2024-04-08,SYN-STA-02,Standard,2.0,2,83.64,167.28,Online travel agency,Completed,28
SYN-B001690,2024-03-17,2024-04-06,2024-04-08,SYN-DEL-02,Deluxe,2.0,2,128.88,257.76,Direct,Completed,20
SYN-B001691,2024-03-23,2024-04-06,2024-04-08,SYN-DEL-04,Deluxe,1.0,2,131.19,262.38,Direct,Completed,14
SYN-B001692,2024-03-22,2024-04-06,2024-04-08,SYN-DEL-05,Deluxe,1.0,2,120.99,241.98,Direct,Completed,15
SYN-B001693,2024-03-13,2024-04-07,2024-04-08,SYN-STA-10,Standard,2.0,1,79.13,79.13,Direct,Completed,25
SYN-B001694,2024-03-25,2024-04-07,2024-04-10,SYN-FAM-02,Family,3.0,3,150.46,451.38,Travel agent,Completed,13
SYN-B001695,2024-03-08,2024-04-08,2024-04-09,SYN-STA-02,Standard,1.0,-1,75.43,75.43,Travel agent,Completed,31
SYN-B001696,2024-04-02,2024-04-08,2024-04-11,SYN-STA-09,Standard,2.0,3,79.27,237.81,Online travel agency,Completed,6
SYN-B001697,2024-03-14,2024-04-08,2024-04-09,SYN-STA-10,Standard,1.0,1,79.5,79.5,Online travel agency,Completed,25
SYN-B001698,2024-02-14,2024-04-09,2024-04-10,SYN-STA-03,Standard,2.0,1,79.97,79.97,Online travel agency,Completed,55
SYN-B001699,2024-04-06,2024-04-09,2024-04-10,SYN-STA-10,Standard,2.0,1,76.36,76.36,Online travel agency,Completed,3
SYN-B001700,2024-03-22,2024-04-09,2024-04-11,SYN-DEL-04,Deluxe,1.0,2,107.87,215.74,Online travel agency,Completed,18
SYN-B001701,2024-03-29,2024-04-09,2024-04-11,SYN-DEL-05,Deluxe,2.0,2,117.9,0.0,Direct,Cancelled,11
SYN-B001702,2024-04-04,2024-04-10,2024-04-11,SYN-STA-02,Standard,1.0,1,73.19,73.19,Online travel agency,Completed,6
SYN-B001703,2024-03-29,2024-04-10,2024-04-11,SYN-STA-03,Standard,1.0,1,80.86,-1.0,Direct,Completed,12
SYN-B001704,2024-04-04,2024-04-10,2024-04-12,SYN-STA-05,Standard,2.0,2,80.94,0.0,Online travel agency, cancelled ,6
SYN-B001705,2024-04-03,2024-04-10,2024-04-12,SYN-STA-08,Standard,2.0,2,79.86,159.72,Direct,Completed,7
SYN-B001706,2024-04-07,2024-04-10,2024-04-12,SYN-FAM-01,Family,3.0,2,154.44,0.0,Online travel agency,Cancelled,3
SYN-B001707,2024-04-03,2024-04-11,2024-04-13,SYN-STA-02,Standard,2.0,2,75.44,150.88,Direct,Completed,8
SYN-B001708,2024-04-04,2024-04-11,2024-04-13,SYN-DEL-05,Deluxe,1.0,2,109.73,219.46,Direct,Completed,7
SYN-B001709,2024-04-05,2024-04-12,2024-04-14,SYN-STA-01,Standard,1.0,2,89.4,178.8,Travel agent,Completed,7
SYN-B001710,2024-03-31,2024-04-12,2024-04-15,SYN-STA-05,Standard,1.0,3,91.05,273.15,Direct,Completed,12
SYN-B001711,2024-03-03,2024-04-12,2024-04-15,SYN-STA-06,Standard,1.0,3,86.53,259.59,Direct,Completed,40
SYN-B001712,2024-03-26,2024-04-12,2024-04-14,SYN-STA-09,Standard,2.0,2,83.48,166.96,Direct,Completed,17
SYN-B001713,2024-04-06,2024-04-12,2024-04-14,SYN-STA-10,Standard,2.0,2,90.51,0.0,Direct,Cancelled,6
SYN-B001714,2024-03-24,2024-04-12,2024-04-15,SYN-DEL-03,Deluxe,2.0,3,131.18,393.54,Direct, completed ,19
SYN-B001715,2024-03-04,2024-04-12,2024-04-15,SYN-DEL-04,Deluxe,1.0,3,126.7,380.1,Online travel agency,Completed,39
SYN-B001716,2024-03-22,2024-04-12,2024-04-15,SYN-FAM-02,Family,,3,163.74,0.0,Online travel agency,Cancelled,21
SYN-B001717,2024-03-24,2024-04-13,2024-04-14,SYN-STA-07,Standard,,1,82.57,82.57,Direct,Completed,20
SYN-B001718,2024-03-30,2024-04-13,2024-04-15,SYN-STA-10,Standard,2.0,2,81.68,163.36,Travel agent,Completed,14
SYN-B001719,2024-03-14,2024-04-13,2024-04-15,SYN-DEL-01,Deluxe,1.0,2,127.51,0.0,Direct,Cancelled,30
SYN-B001720,2024-03-23,2024-04-13,2024-04-14,SYN-FAM-02,Family,3.0,1,162.69,162.69,Online travel agency,Completed,21
SYN-B001721,2024-03-13,2024-04-14,2024-04-16,SYN-STA-04,Standard,2.0,2,77.05,154.1,Direct,Completed,32
SYN-B001722,2024-02-02,2024-04-14,2024-04-15,SYN-DEL-02,Deluxe,1.0,1,105.92,105.92,Online travel agency,Completed,72
SYN-B001723,2024-03-27,2024-04-14,2024-04-19,SYN-DEL-05,Deluxe,1.0,5,115.84,579.2,Online travel agency,Completed,18
SYN-B001724,2024-04-05,2024-04-14,2024-04-16,SYN-FAM-01,Family,4.0,2,142.14,284.28,Direct,Completed,9
SYN-B001725,2024-03-29,2024-04-15,2024-04-17,SYN-STA-10,Standard,2.0,2,73.54,147.08,Travel agent,Completed,17
SYN-B001726,2024-03-21,2024-04-15,2024-04-17,SYN-DEL-02,Deluxe,2.0,2,119.16,238.32,Direct,Completed,25
SYN-B001727,2024-04-10,2024-04-16,2024-04-18,SYN-STA-05,Standard,1.0,2,75.1,150.2,Online travel agency,Completed,6
SYN-B001728,2024-04-03,2024-04-16,2024-04-20,SYN-FAM-01,Family,1.0,4,152.61,610.44,Direct,Completed,13
SYN-B001729,2024-03-29,2024-04-17,2024-04-19,SYN-STA-02,Standard,2.0,2,81.1,0.0,Online travel agency,Cancelled,19
SYN-B001730,2024-03-23,2024-04-17,2024-04-21,SYN-STA-04,Standard,1.0,4,78.79,0.0,Online travel agency,Cancelled,25
SYN-B001731,2024-03-28,2024-04-17,2024-04-22,SYN-DEL-04,Deluxe,2.0,5,119.06,595.3,Direct,Completed,20
SYN-B001732,2024-03-30,2024-04-18,2024-04-20,SYN-STA-01,Standard,1.0,2,73.4,146.8,Travel agent,Completed,19
SYN-B001733,2024-02-29,2024-04-18,2024-04-21,SYN-STA-04,Standard,2.0,3,79.5,238.5,Online travel agency,Completed,49
SYN-B001734,2024-03-25,2024-04-18,2024-04-21,SYN-STA-07,Standard,2.0,3,79.06,237.18,Direct,Completed,24
SYN-B001735,2024-03-05,2024-04-18,2024-04-21,SYN-DEL-01,Deluxe,2.0,3,114.71,0.0,Direct,Cancelled,44
SYN-B001736,2024-04-09,2024-04-18,2024-04-22,SYN-DEL-03,Deluxe,2.0,4,113.45,453.8,Online travel agency,Completed,9
SYN-B001737,2024-04-07,2024-04-18,2024-04-21,SYN-FAM-03,Family,2.0,3,147.93,443.79,Direct,Completed,11
SYN-B001738,2024-04-13,2024-04-19,2024-04-20,SYN-STA-02,Standard,1.0,1,84.55,84.55,Direct,Completed,6
SYN-B001739,2024-03-23,2024-04-19,2024-04-20,SYN-STA-05,Standard,2.0,1,82.87,82.87,Direct,Completed,27
SYN-B001740,2024-04-06,2024-04-19,2024-04-20,SYN-STA-08,Standard,1.0,1,89.51,0.0,Online travel agency,Cancelled,13
SYN-B001741,2024-04-16,2024-04-20,2024-04-21,SYN-STA-03,Standard,2.0,1,83.27,83.27,Online travel agency,Completed,4
SYN-B001742,2024-04-09,2024-04-20,2024-04-23,SYN-STA-05,Standard,2.0,3,89.69,269.07,Direct,Completed,11
SYN-B001743,2024-04-05,2024-04-20,2024-04-23,SYN-STA-06,Standard,1.0,3,89.73,269.19,Online travel agency,Completed,15
SYN-B001744,2024-03-26,2024-04-20,2024-04-21,SYN-STA-09,Standard,2.0,1,85.4,85.4,Direct,Completed,25
SYN-B001745,2024-04-09,2024-04-20,2024-04-22,SYN-STA-10,Standard,1.0,2,89.97,179.94,Online travel agency,Completed,11
SYN-B001746,2024-04-11,2024-04-20,2024-04-22,SYN-FAM-01,Family,1.0,2,170.59,341.18,Direct,Completed,9
SYN-B001747,2024-04-13,2024-04-20,2024-04-22,SYN-FAM-02,Family,1.0,2,176.19,352.38,Online travel agency,Completed,7
SYN-B001748,2024-04-07,2024-04-21,2024-04-24,SYN-STA-01, standard ,2.0,3,78.55,235.65,Direct,Completed,14
SYN-B001749,2024-04-14,2024-04-21,2024-04-24,SYN-STA-04,Standard,2.0,3,73.06,219.18,Online travel agency,Completed,7
SYN-B001750,2024-04-13,2024-04-21,2024-04-24,SYN-DEL-05,Deluxe,1.0,3,110.16,330.48,Online travel agency,Completed,8
SYN-B001751,2024-04-05,2024-04-21,2024-04-24,SYN-FAM-03,Family,1.0,3,148.46,445.38,Online travel agency,Completed,16
SYN-B001752,2024-03-30,2024-04-22,2024-04-23,SYN-STA-09, standard ,1.0,1,80.26,80.26,Travel agent, completed ,23
SYN-B001753,2024-04-09,2024-04-22,2024-04-25,SYN-DEL-01,Deluxe,2.0,3,119.04,357.12,Direct,Completed,13
SYN-B001754,2024-04-15,2024-04-22,2024-04-24,SYN-DEL-02,Deluxe,2.0,2,106.89,213.78,Direct, completed ,7
SYN-B001755,2024-03-09,2024-04-23,2024-04-25,SYN-STA-05,Standard,1.0,2,73.53,0.0,Travel agent,Cancelled,45
SYN-B001756,2024-04-07,2024-04-23,2024-04-25,SYN-STA-08,Standard,2.0,2,76.57,153.14,Online travel agency,Completed,16
SYN-B001757,2024-03-12,2024-04-23,2024-04-28,SYN-STA-10,Standard,2.0,5,76.51,382.55,Online travel agency,Completed,42
SYN-B001758,2024-03-25,2024-04-23,2024-04-24,SYN-DEL-03,Deluxe,1.0,1,108.92,108.92,Online travel agency,Completed,29
SYN-B001759,2024-03-11,2024-04-23,2024-04-25,SYN-DEL-04,Deluxe,1.0,2,118.14,236.28,Direct,Completed,43
SYN-B001760,2024-04-18,2024-04-24,2024-04-26,SYN-STA-02,Standard,1.0,2,74.56,149.12,Travel agent,Completed,6
SYN-B001761,2024-04-01,2024-04-24,2024-04-25,SYN-STA-03, standard ,,-1,80.16,80.16,Direct,Completed,23
SYN-B001762,2024-04-19,2024-04-24,2024-04-28,SYN-DEL-02,Deluxe,1.0,4,115.1,460.4,Online travel agency,Completed,5
SYN-B001763,2024-04-18,2024-04-24,2024-04-27,SYN-FAM-01,Family,3.0,3,154.58,463.74,Online travel agency,Completed,6
SYN-B001764,2024-04-12,2024-04-24,2024-04-26,SYN-FAM-03, family ,4.0,2,152.68,305.36,Direct,Completed,12
SYN-B001765,2024-03-26,2024-04-25,2024-04-27,SYN-STA-04, standard ,1.0,2,73.54,147.08,Online travel agency,Completed,30
SYN-B001766,2024-03-27,2024-04-25,2024-04-28,SYN-DEL-04,Deluxe,1.0,3,108.23,324.69, online travel agency ,Completed,29
SYN-B001767,2024-04-04,2024-04-25,2024-04-27,SYN-DEL-05,Deluxe,2.0,2,116.31,0.0,Direct,Cancelled,21
SYN-B001768,2024-04-20,2024-04-25,2024-04-27,SYN-FAM-02,Family,3.0,2,146.46,292.92,Online travel agency,Completed,5
SYN-B001769,2024-04-23,2024-04-26,2024-04-29,SYN-STA-02,Standard,2.0,3,89.47,268.41,Direct,Completed,3
SYN-B001770,2024-04-19,2024-04-26,2024-05-02,SYN-STA-06,Standard,1.0,6,90.16,540.96,Direct,Completed,7
SYN-B001771,2024-03-25,2024-04-26,2024-04-28,SYN-STA-07,Standard,2.0,2,82.16,164.32,Direct,Completed,32
SYN-B001772,2024-04-06,2024-04-26,2024-04-29,SYN-DEL-03,Deluxe,1.0,3,133.08,0.0,Travel agent,Cancelled,20
SYN-B001773,2024-03-31,2024-04-26,2024-04-27,SYN-DEL-05,Deluxe,1.0,1,130.71,130.71,Travel agent,Completed,26
SYN-B001774,2024-04-04,2024-04-27,2024-05-01,SYN-STA-09,Standard,1.0,4,85.39,341.56,Direct,Completed,23
SYN-B001775,2024-03-31,2024-04-27,2024-05-01,SYN-DEL-05,Deluxe,1.0,4,131.19,524.76,Direct,Completed,27
SYN-B001776,2024-04-19,2024-04-27,2024-04-30,SYN-FAM-01,Family,2.0,3,166.95,0.0,Online travel agency,Cancelled,8
SYN-B001777,2024-03-04,2024-04-28,2024-04-30,SYN-STA-04,Standard,2.0,2,74.41,148.82,Direct,Completed,55
SYN-B001778,2024-04-19,2024-04-28,2024-05-01,SYN-STA-07,Standard,,3,77.02,231.06,Direct,Completed,9
SYN-B001779,2024-04-11,2024-04-28,2024-04-30,SYN-STA-08,Standard,2.0,2,78.2,156.4,Online travel agency,Completed,17
SYN-B001780,2024-04-17,2024-04-28,2024-05-02,SYN-FAM-02,Family,4.0,4,140.73,562.92,Travel agent,Completed,11
SYN-B001781,2024-04-25,2024-04-29,2024-05-03,SYN-STA-01,Standard,2.0,4,74.3,297.2,Online travel agency,Completed,4
SYN-B001782,2024-04-11,2024-04-29,2024-04-30,SYN-DEL-03,Deluxe,1.0,1,116.82,116.82,Online travel agency,Completed,18
SYN-B001783,2024-04-21,2024-04-30,2024-05-01,SYN-STA-03,Standard,1.0,1,76.77,76.77,Direct,Completed,9
SYN-B001784,2024-03-31,2024-04-30,2024-05-02,SYN-STA-08,Standard,1.0,2,79.0,158.0,Direct,Completed,30
SYN-B001785,2024-03-24,2024-04-30,2024-05-03,SYN-STA-10,Standard,1.0,3,80.14,240.42,Direct,Completed,37
SYN-B001786,2024-04-04,2024-05-01,2024-05-02,SYN-STA-09,Standard,1.0,1,76.08,0.0,Online travel agency,Cancelled,27
SYN-B001787,2024-03-11,2024-05-01,2024-05-03,SYN-DEL-02,Deluxe,1.0,2,113.9,227.8,Direct,Completed,51
SYN-B001788,2024-04-24,2024-05-01,2024-05-03,SYN-FAM-01,Family,2.0,2,140.94,281.88,Online travel agency,Completed,7
SYN-B001789,2024-04-24,2024-05-01,2024-05-02,SYN-FAM-03,Family,3.0,1,141.55,141.55,Online travel agency,Completed,7
SYN-B001790,2024-02-13,2024-05-02,2024-05-03,SYN-STA-05,Standard,1.0,1,69.12,69.12,Online travel agency,Completed,79
SYN-B001791,2024-04-24,2024-05-02,2024-05-04,SYN-STA-06,Standard,1.0,2,74.56,149.12,Direct,Completed,8
SYN-B001792,2024-04-26,2024-05-02,2024-05-03,SYN-STA-07,Standard,2.0,1,75.05,75.05,Direct,Completed,6
SYN-B001793,2024-04-24,2024-05-02,2024-05-06,SYN-DEL-05,Deluxe,1.0,4,110.08,440.32,Online travel agency,Completed,8
SYN-B001794,2024-03-26,2024-05-03,2024-05-04,SYN-STA-03,Standard,2.0,1,87.95,0.0,Online travel agency,Cancelled,38
SYN-B001795,2024-03-27,2024-05-03,2024-05-07,SYN-STA-09,Standard,2.0,4,90.12,360.48,Online travel agency,Completed,37
SYN-B001796,2024-03-20,2024-05-03,2024-05-06,SYN-DEL-02,Deluxe,2.0,3,122.68,368.04,Direct,Completed,44
SYN-B001797,2024-04-09,2024-05-03,2024-05-09,SYN-FAM-01,Family,1.0,6,165.32,991.92,Travel agent,Completed,24
SYN-B001798,2024-02-11,2024-05-04,2024-05-07,SYN-STA-01,Standard,2.0,3,82.59,247.77,Online travel agency,Completed,83
SYN-B001799,2024-04-11,2024-05-04,2024-05-06,SYN-STA-02,Standard,1.0,2,89.21,178.42,Direct,Completed,23
SYN-B001800,2024-03-27,2024-05-04,2024-05-06,SYN-DEL-01,Deluxe,1.0,2,128.11,256.22,Online travel agency,Completed,-1
SYN-B001801,2024-03-14,2024-05-04,2024-05-07,SYN-DEL-03,Deluxe,2.0,3,132.78,398.34,Online travel agency, completed ,51
SYN-B001802,2024-04-14,2024-05-04,2024-05-06,SYN-DEL-04,Deluxe,2.0,2,132.08,264.16,Online travel agency,Completed,20
SYN-B001803,2024-04-25,2024-05-05,2024-05-06,SYN-STA-04,Standard,1.0,1,76.59,0.0,Online travel agency,Cancelled,10
SYN-B001804,2024-04-27,2024-05-05,2024-05-06,SYN-STA-07,Standard,1.0,1,74.72,74.72,Online travel agency,Completed,8
SYN-B001805,2024-03-27,2024-05-06,2024-05-11,SYN-STA-02,Standard,2.0,5,74.72,373.6,Direct,Completed,40
SYN-B001806,2024-04-24,2024-05-06,2024-05-07,SYN-STA-03,Standard,1.0,1,76.86,76.86,Online travel agency,Completed,12
SYN-B001807,2024-02-19,2024-05-06,2024-05-09,SYN-STA-06,Standard,2.0,3,68.58,205.74,Direct,Completed,77
SYN-B001808,2024-04-24,2024-05-06,2024-05-07,SYN-STA-08,Standard,2.0,1,76.32,76.32,Direct,Completed,12
SYN-B001809,2024-04-21,2024-05-06,2024-05-08,SYN-FAM-03,Family,1.0,2,155.1,0.0,Online travel agency,Cancelled,15
SYN-B001810,2024-03-16,2024-05-07,2024-05-09,SYN-STA-04,Standard,2.0,2,76.7,153.4,Direct,Completed,52
SYN-B001811,2024-05-02,2024-05-07,2024-05-09,SYN-STA-09,Standard,1.0,2,78.59,157.18,Travel agent,Completed,5
SYN-B001812,2024-04-27,2024-05-07,2024-05-13,SYN-DEL-02,Deluxe,2.0,6,112.41,674.46,Online travel agency,Completed,10
SYN-B001813,2024-04-17,2024-05-07,2024-05-10,SYN-DEL-04,Deluxe,1.0,3,120.04,360.12,Online travel agency,Completed,20
SYN-B001814,2024-04-30,2024-05-07,2024-05-08,SYN-DEL-05,Deluxe,1.0,1,119.59,119.59, online travel agency ,Completed,7
SYN-B001815,2023-12-05,2024-05-07,2024-05-08,SYN-FAM-03,Family,4.0,1,146.76,146.76,Direct,Completed,154
SYN-B001816,2024-04-26,2024-05-08,2024-05-12,SYN-FAM-03,Family,3.0,4,145.83,583.32,Online travel agency,Completed,12
SYN-B001817,2024-05-07,2024-05-09,2024-05-11,SYN-STA-01,Standard,2.0,2,79.13,158.26,Online travel agency,Completed,2
SYN-B001818,2024-04-19,2024-05-09,2024-05-14,SYN-STA-03,Standard,1.0,5,80.25,401.25,Online travel agency,Completed,20
SYN-B001819,2024-03-27,2024-05-09,2024-05-13,SYN-STA-04,Standard,1.0,4,78.91,-1.0,Online travel agency,Completed,43
SYN-B001820,2024-04-18,2024-05-09,2024-05-14,SYN-STA-05,Standard,1.0,5,80.03,0.0,Online travel agency,Cancelled,21
SYN-B001821,2024-04-20,2024-05-09,2024-05-12,SYN-STA-09,Standard,1.0,3,78.31,234.93,Online travel agency,Completed,19
SYN-B001822,2024-04-27,2024-05-09,2024-05-10,SYN-STA-10,Standard,1.0,1,73.83,73.83,Direct,Completed,12
SYN-B001823,2024-04-13,2024-05-09,2024-05-13,SYN-DEL-03,Deluxe,1.0,4,114.24,0.0,Online travel agency,Cancelled,26
SYN-B001824,2024-05-07,2024-05-10,2024-05-11,SYN-STA-05,Standard,2.0,1,82.4,0.0,Online travel agency,Cancelled,3
SYN-B001825,2024-04-28,2024-05-10,2024-05-13,SYN-STA-07,Standard,2.0,3,82.1,246.3,Online travel agency,Completed,12
SYN-B001826,2024-05-06,2024-05-10,2024-05-13,SYN-DEL-03,Deluxe,1.0,3,132.54,397.62,Online travel agency,Completed,4
SYN-B001827,2024-04-22,2024-05-10,2024-05-14,SYN-FAM-01,Family,1.0,4,158.44,633.76,Travel agent,Completed,18
SYN-B001828,2024-04-12,2024-05-10,2024-05-13,SYN-FAM-02,Family,4.0,3,167.78,503.34,Travel agent,Completed,28
SYN-B001829,2024-04-14,2024-05-11,2024-05-14,SYN-STA-05,Standard,2.0,3,83.93,251.79,Online travel agency,Completed,27
SYN-B001830,2024-04-17,2024-05-11,2024-05-14,SYN-STA-06,Standard,1.0,3,89.68,269.04,Direct,Completed,24
SYN-B001831,2024-05-05,2024-05-11,2024-05-15,SYN-STA-10,Standard,2.0,4,91.08,364.32,Online travel agency,Completed,6
SYN-B001832,2024-05-04,2024-05-11,2024-05-12,SYN-DEL-04,Deluxe,2.0,1,130.5,130.5,Direct,Completed,7
SYN-B001833,2024-04-05,2024-05-12,2024-05-16,SYN-STA-01,Standard,2.0,-1,77.98,0.0,Online travel agency,Cancelled,37
SYN-B001834,2024-04-28,2024-05-12,2024-05-14,SYN-STA-02,Standard,1.0,2,73.14,0.0,Online travel agency,Cancelled,14
SYN-B001835,2024-04-11,2024-05-12,2024-05-14,SYN-STA-09,Standard,2.0,2,81.48,162.96,Travel agent,Completed,31
SYN-B001836,2024-05-01,2024-05-13,2024-05-16,SYN-STA-02,Standard,2.0,3,74.45,223.35,Direct,Completed,12
SYN-B001837,2024-04-27,2024-05-13,2024-05-15,SYN-STA-04,Standard,1.0,2,76.78,153.56,Direct,Completed,16
SYN-B001838,2024-05-10,2024-05-13,2024-05-15,SYN-STA-08,Standard,1.0,2,77.86,155.72,Online travel agency,Completed,3
SYN-B001839,2024-04-25,2024-05-13,2024-05-17,SYN-FAM-02,Family,3.0,4,149.17,596.68,Direct,Completed,18
SYN-B001840,2024-04-11,2024-05-14,2024-05-17,SYN-STA-01,Standard,1.0,3,80.23,240.69,Online travel agency,Completed,33
SYN-B001841,2024-05-01,2024-05-14,2024-05-15,SYN-STA-03,Standard,1.0,1,75.68,75.68,Online travel agency,Completed,13
SYN-B001842,2024-05-07,2024-05-14,2024-05-19,SYN-STA-09,Standard,2.0,5,74.86,374.3,Direct,Completed,7
SYN-B001843,2024-05-06,2024-05-14,2024-05-15,SYN-DEL-01,Deluxe,2.0,1,112.34,112.34,Online travel agency,Completed,8
SYN-B001844,2024-05-08,2024-05-14,2024-05-18,SYN-DEL-03,Deluxe,1.0,4,108.04,432.16,Direct,Completed,6
SYN-B001845,2024-05-10,2024-05-15,2024-05-18,SYN-STA-03,Standard,1.0,3,75.5,226.5,Direct,Completed,5
SYN-B001846,2024-04-04,2024-05-15,2024-05-17,SYN-STA-04,Standard,2.0,2,75.27,-1.0,Online travel agency,Completed,41
SYN-B001847,2024-05-06,2024-05-15,2024-05-18,SYN-STA-05,Standard,2.0,3,76.54,229.62,Direct,Completed,9
SYN-B001848,2024-04-11,2024-05-15,2024-05-17,SYN-DEL-04,Deluxe,1.0,2,115.87,231.74,Online travel agency,Completed,34
SYN-B001849,2024-04-20,2024-05-15,2024-05-18,SYN-FAM-01,Family,2.0,3,146.74,440.22,Direct,Completed,25
SYN-B001850,2024-04-30,2024-05-16,2024-05-17,SYN-STA-02,Standard,1.0,1,81.53,81.53,Online travel agency,Completed,16
SYN-B001851,2024-05-02,2024-05-16,2024-05-19,SYN-STA-06,Standard,1.0,3,78.73,236.19,Direct,Completed,14
SYN-B001852,2024-04-27,2024-05-16,2024-05-19,SYN-STA-07,Standard,1.0,3,78.14,234.42,Travel agent,Completed,19
SYN-B001853,2024-05-07,2024-05-16,2024-05-18,SYN-DEL-01,Deluxe,1.0,2,109.61,219.22,Direct,Completed,9
SYN-B001854,2024-04-25,2024-05-16,2024-05-18,SYN-FAM-03,Family,3.0,2,147.8,295.6,Direct,Completed,21
SYN-B001855,2024-04-23,2024-05-17,2024-05-19,SYN-STA-02,Standard,1.0,2,87.24,174.48,Online travel agency,Completed,24
SYN-B001856,2024-04-25,2024-05-17,2024-05-20,SYN-STA-04,Standard,2.0,3,82.07,246.21,Direct,Completed,22
SYN-B001857,2024-05-12,2024-05-17,2024-05-18,SYN-DEL-02,Deluxe,,1,121.91,121.91,Direct,Completed,5
SYN-B001858,2024-04-03,2024-05-17,2024-05-19,SYN-DEL-05,Deluxe,2.0,2,130.6,261.2,Direct,Completed,44
SYN-B001859,2024-05-14,2024-05-18,2024-05-21,SYN-STA-01,Standard,1.0,3,83.24,249.72,Direct,Completed,4
SYN-B001860,2024-05-12,2024-05-18,2024-05-21,SYN-STA-03,Standard,2.0,3,82.93,248.79,Direct,Completed,6
SYN-B001861,2023-12-20,2024-05-18,2024-05-20,SYN-STA-08,Standard,2.0,2,83.29,0.0,Online travel agency,Cancelled,150
SYN-B001862,2024-04-24,2024-05-18,2024-05-23,SYN-STA-10,Standard,1.0,5,87.38,436.9,Online travel agency,Completed,24
SYN-B001863,2024-05-03,2024-05-18,2024-05-22,SYN-DEL-02,Deluxe,2.0,4,130.84,523.36,Direct,Completed,15
SYN-B001864,2024-05-06,2024-05-18,2024-05-20,SYN-DEL-03,Deluxe,2.0,2,127.35,254.7,Travel agent,Completed,12
SYN-B001865,2024-03-06,2024-05-18,2024-05-23,SYN-FAM-01,Family,2.0,5,151.26,756.3,Direct,Completed,73
SYN-B001866,2024-05-05,2024-05-19,2024-05-20,SYN-STA-05,Standard,1.0,1,80.57,80.57,Online travel agency,Completed,14
SYN-B001867,2024-05-07,2024-05-19,2024-05-23,SYN-STA-08,Standard,2.0,4,79.41,317.64,Direct,Completed,12
SYN-B001868,2024-05-08,2024-05-19,2024-05-21,SYN-DEL-01,Deluxe,2.0,2,110.87,221.74,Direct,Completed,11
SYN-B001869,2024-05-10,2024-05-19,2024-05-21,SYN-DEL-04,Deluxe,2.0,2,116.74,233.48,Direct,Completed,9
SYN-B001870,2024-05-07,2024-05-20,2024-05-22,SYN-STA-05,Standard,2.0,2,77.64,155.28,Travel agent,Completed,13
SYN-B001871,2024-05-13,2024-05-20,2024-05-23,SYN-STA-09,Standard,1.0,3,74.65,223.95,Direct,Completed,7
SYN-B001872,2024-04-09,2024-05-20,2024-05-22,SYN-DEL-03,Deluxe,2.0,2,117.8,235.6,Direct,Completed,41
SYN-B001873,2024-04-26,2024-05-20,2024-05-24,SYN-FAM-02,Family,1.0,4,142.03,568.12,Travel agent,Completed,24
SYN-B001874,2024-04-26,2024-05-21,2024-05-23,SYN-STA-03,Standard,1.0,2,75.74,0.0,Online travel agency,Cancelled,25
SYN-B001875,2024-04-17,2024-05-21,2024-05-24,SYN-STA-04,Standard,1.0,3,77.94,233.82,Travel agent,Completed,34
SYN-B001876,2024-04-23,2024-05-21,2024-05-23,SYN-DEL-04,Deluxe,1.0,2,119.75,0.0,Online travel agency,Cancelled,28
SYN-B001877,2024-04-30,2024-05-21,2024-05-24,SYN-FAM-03,Family,2.0,3,155.42,466.26,Direct,Completed,21
SYN-B001878,2024-04-25,2024-05-22,2024-05-25,SYN-STA-02, standard ,2.0,3,77.42,232.26,Direct,Completed,27
SYN-B001879,2024-05-18,2024-05-23,2024-05-25,SYN-STA-01,Standard,1.0,2,80.47,160.94,Online travel agency,Completed,5
SYN-B001880,2024-05-20,2024-05-23,2024-05-26,SYN-STA-03,Standard,2.0,3,78.53,235.59,Online travel agency,Completed,3
SYN-B001881,2024-05-09,2024-05-23,2024-05-26,SYN-STA-07,Standard,1.0,3,76.91,230.73,Direct,Completed,14
SYN-B001882,2024-02-28,2024-05-23,2024-05-24,SYN-DEL-02,Deluxe,1.0,1,102.14,102.14,Direct,Completed,85
SYN-B001883,2024-05-09,2024-05-23,2024-05-24,SYN-DEL-04,Deluxe,2.0,1,116.32,116.32,Online travel agency,Completed,14
SYN-B001884,2024-05-17,2024-05-24,2024-05-27,SYN-STA-04,Standard,1.0,3,87.62,262.86,Direct,Completed,7
SYN-B001885,2024-05-09,2024-05-24,2024-05-25,SYN-STA-06,Standard,2.0,1,89.85,89.85,Direct,Completed,15
SYN-B001886,2024-05-09,2024-05-24,2024-05-30,SYN-STA-09,Standard,1.0,6,87.8,526.8,Direct,Completed,15
SYN-B001887,2024-05-22,2024-05-24,2024-05-25,SYN-DEL-02,Deluxe,2.0,1,124.23,124.23,Travel agent,Completed,2
SYN-B001888,2024-05-02,2024-05-24,2024-05-26,SYN-DEL-04,Deluxe,1.0,2,129.64,-1.0,Online travel agency, completed ,22
SYN-B001889,2024-05-01,2024-05-24,2024-05-28,SYN-DEL-05,Deluxe,1.0,4,130.67,522.68,Direct,Completed,23
SYN-B001890,2024-04-26,2024-05-24,2024-05-25,SYN-FAM-01,Family,2.0,1,159.6,159.6,Online travel agency,Completed,28
SYN-B001891,2024-04-24,2024-05-24,2024-05-25,SYN-FAM-02,Family,1.0,1,170.94,170.94,Direct,Completed,30
SYN-B001892,2024-05-08,2024-05-25,2024-05-28,SYN-STA-05,Standard,2.0,3,85.21,255.63,Online travel agency,Completed,17
SYN-B001893,2024-04-14,2024-05-25,2024-05-27,SYN-STA-06,Standard,2.0,2,88.44,-1.0,Direct,Completed,41
SYN-B001894,2024-05-21,2024-05-25,2024-05-27,SYN-STA-10,Standard,2.0,2,89.96,179.92,Direct,Completed,4
SYN-B001895,2024-05-09,2024-05-25,2024-05-27,SYN-DEL-01,Deluxe,2.0,2,126.85,253.7,Direct,Completed,16
SYN-B001896,2024-03-25,2024-05-25,2024-05-28,SYN-DEL-02,Deluxe,1.0,3,112.82,338.46,Online travel agency,Completed,61
SYN-B001897,2024-05-12,2024-05-25,2024-05-30,SYN-FAM-02,Family,2.0,5,164.67,823.35,Direct,Completed,13
SYN-B001898,2024-04-19,2024-05-25,2024-05-29,SYN-FAM-03,Family,1.0,4,170.89,683.56,Online travel agency,Completed,36
SYN-B001899,2024-05-14,2024-05-26,2024-05-28,SYN-FAM-01, family ,4.0,2,142.36,284.72,Direct,Completed,12
SYN-B001900,2024-05-24,2024-05-27,2024-05-31,SYN-STA-03,Standard,1.0,4,77.6,0.0,Direct,Cancelled,3
SYN-B001901,2024-05-17,2024-05-27,2024-05-28,SYN-STA-06,Standard,1.0,1,79.91,79.91,Online travel agency,Completed,10
SYN-B001902,2024-05-17,2024-05-27,2024-05-31,SYN-STA-08,Standard,2.0,4,81.77,327.08,Online travel agency,Completed,10
SYN-B001903,2024-05-16,2024-05-27,2024-06-01,SYN-DEL-04,Deluxe,2.0,5,112.03,560.15,Online travel agency,Completed,11
SYN-B001904,2024-04-17,2024-05-28,2024-06-02,SYN-STA-04,Standard,1.0,5,78.46,392.3,Direct,Completed,41
SYN-B001905,2024-05-11,2024-05-28,2024-05-29,SYN-STA-06,Standard,2.0,-1,77.08,77.08,Direct,Completed,17
SYN-B001906,2024-05-15,2024-05-28,2024-05-29,SYN-STA-07,Standard,2.0,1,76.74,76.74,Direct,Completed,13
SYN-B001907,2024-05-17,2024-05-28,2024-05-31,SYN-STA-10, standard ,2.0,3,81.38,244.14, online travel agency ,Completed,11
SYN-B001908,2024-05-13,2024-05-28,2024-05-31,SYN-DEL-02,Deluxe,1.0,3,108.22,324.66,Direct,Completed,15
SYN-B001909,2024-05-20,2024-05-28,2024-05-29,SYN-DEL-03,Deluxe,2.0,1,113.79,0.0,Online travel agency,Cancelled,8
SYN-B001910,2024-05-03,2024-05-28,2024-05-31,SYN-DEL-05,Deluxe,2.0,3,117.69,353.07,Online travel agency,Completed,25
SYN-B001911,2024-05-15,2024-05-29,2024-05-30,SYN-STA-02,Standard,1.0,1,81.88,81.88,Direct,Completed,14
SYN-B001912,2024-05-18,2024-05-29,2024-06-01,SYN-FAM-01,Family,1.0,3,147.23,441.69,Direct,Completed,11
SYN-B001913,2024-05-03,2024-05-30,2024-06-02,SYN-STA-06,Standard,2.0,3,73.65,220.95, travel agent ,Completed,27
SYN-B001914,2024-05-16,2024-05-30,2024-06-01,SYN-DEL-01,Deluxe,2.0,2,113.4,226.8,Direct,Completed,14
SYN-B001915,2024-05-17,2024-05-30,2024-06-01,SYN-DEL-03,Deluxe,1.0,2,109.84,219.68,Online travel agency,Completed,13
SYN-B001916,2024-03-19,2024-05-31,2024-06-01,SYN-STA-02,Standard,2.0,1,76.99,76.99,Online travel agency,Completed,73
SYN-B001917,2024-05-09,2024-05-31,2024-06-01,SYN-STA-03,Standard,2.0,1,89.81,89.81,Travel agent,Completed,22
SYN-B001918,2024-05-09,2024-05-31,2024-06-02,SYN-STA-05,Standard,1.0,2,81.88,0.0,Online travel agency,Cancelled,22
SYN-B001919,2024-05-24,2024-05-31,2024-06-02,SYN-STA-08,Standard,2.0,2,84.37,168.74,Online travel agency,Completed,7
SYN-B001920,2024-05-21,2024-05-31,2024-06-03,SYN-DEL-02,Deluxe,2.0,3,133.83,401.49,Online travel agency,Completed,10
SYN-B001921,2024-05-11,2024-05-31,2024-06-03,SYN-DEL-05,Deluxe,2.0,3,133.64,400.92,Direct,Completed,20
SYN-B001922,2024-05-11,2024-05-31,2024-06-02,SYN-FAM-02,Family,4.0,2,157.98,315.96,Direct,Completed,20
SYN-B001923,2024-04-15,2024-05-31,2024-06-03,SYN-FAM-03,Family,1.0,3,157.52,472.56,Online travel agency,Completed,46
SYN-B001924,2024-05-14,2024-06-01,2024-06-07,SYN-STA-01,Standard,1.0,6,118.02,708.12,Online travel agency,Completed,18
SYN-B001925,2024-04-19,2024-06-01,2024-06-07,SYN-STA-02,Standard,2.0,6,119.55,717.3,Online travel agency,Completed,43
SYN-B001926,2024-05-06,2024-06-01,2024-06-05,SYN-STA-03,Standard,1.0,4,114.84,459.36,Online travel agency,Completed,26
SYN-B001927,2024-04-16,2024-06-01,2024-06-03,SYN-STA-05,Standard,2.0,2,118.52,237.04,Online travel agency,Completed,46
SYN-B001928,2024-04-24,2024-06-01,2024-06-03,SYN-STA-07,Standard,1.0,2,118.02,236.04,Travel agent,Completed,38
SYN-B001929,2024-01-14,2024-06-01,2024-06-04,SYN-DEL-01, deluxe ,2.0,3,166.03,0.0,Online travel agency,Cancelled,139
SYN-B001930,2024-04-09,2024-06-01,2024-06-09,SYN-FAM-01,Family,1.0,8,228.83,1830.64,Direct,Completed,53
SYN-B001931,2024-03-22,2024-06-02,2024-06-05,SYN-STA-08,Standard,1.0,3,93.04,279.12,Direct,Completed,72
SYN-B001932,2024-04-11,2024-06-02,2024-06-05,SYN-DEL-01,Deluxe,2.0,3,153.98,461.94,Travel agent,Completed,52
SYN-B001933,2024-05-11,2024-06-02,2024-06-06,SYN-DEL-03,Deluxe,1.0,4,156.08,624.32,Online travel agency,Completed,22
SYN-B001934,2024-03-10,2024-06-02,2024-06-08,SYN-DEL-04,Deluxe,1.0,6,146.4,878.4,Online travel agency,Completed,84
SYN-B001935,2024-05-10,2024-06-02,2024-06-06,SYN-FAM-02,Family,2.0,4,195.83,783.32,Direct,Completed,23
SYN-B001936,2024-03-31,2024-06-03,2024-06-05,SYN-STA-04,Standard,2.0,2,99.2,198.4,Direct,Completed,64
SYN-B001937,2024-05-10,2024-06-03,2024-06-09,SYN-STA-05,Standard,1.0,6,97.89,587.34,Online travel agency,Completed,24
SYN-B001938,2024-01-30,2024-06-03,2024-06-09,SYN-STA-06,Standard,2.0,6,96.9,0.0,Online travel agency,Cancelled,125
SYN-B001939,2024-05-28,2024-06-03,2024-06-04,SYN-DEL-02,Deluxe,2.0,1,141.07,141.07,Online travel agency,Completed,6
SYN-B001940,2024-05-18,2024-06-03,2024-06-05,SYN-FAM-03,Family,2.0,2,201.82,403.64,Direct,Completed,16
SYN-B001941,2024-05-21,2024-06-04,2024-06-07,SYN-STA-06,Standard,1.0,3,102.52,307.56,Online travel agency,Completed,14
SYN-B001942,2024-04-25,2024-06-04,2024-06-10,SYN-STA-07,Standard,2.0,6,101.94,611.64,Direct,Completed,40
SYN-B001943,2024-03-29,2024-06-04,2024-06-06,SYN-STA-10,Standard,1.0,2,93.45,186.9,Online travel agency,Completed,67
SYN-B001944,2024-04-01,2024-06-04,2024-06-09,SYN-DEL-02,Deluxe,1.0,5,143.68,718.4,Online travel agency,Completed,64
SYN-B001945,2024-05-29,2024-06-05,2024-06-06,SYN-STA-03,Standard,2.0,1,100.01,100.01,Online travel agency,Completed,7
SYN-B001946,2024-05-13,2024-06-05,2024-06-09,SYN-STA-04,Standard,2.0,4,108.08,432.32,Online travel agency,Completed,23
SYN-B001947,2024-04-09,2024-06-05,2024-06-09,SYN-DEL-05,Deluxe,2.0,4,152.04,608.16,Direct,Completed,57
SYN-B001948,2024-04-18,2024-06-05,2024-06-08,SYN-FAM-03,Family,3.0,3,196.07,588.21,Direct,Completed,48
SYN-B001949,2024-05-14,2024-06-06,2024-06-13,SYN-STA-03,Standard,1.0,7,102.36,0.0,Travel agent,Cancelled,23
SYN-B001950,2024-04-03,2024-06-06,2024-06-11,SYN-DEL-01,Deluxe,2.0,5,142.64,713.2,Travel agent,Completed,64
SYN-B001951,2024-04-04,2024-06-06,2024-06-09,SYN-DEL-03,Deluxe,1.0,3,138.81,416.43,Online travel agency,Completed,63
SYN-B001952,2024-05-22,2024-06-07,2024-06-12,SYN-STA-06,Standard,1.0,5,113.17,565.85,Online travel agency,Completed,16
SYN-B001953,2024-05-26,2024-06-07,2024-06-10,SYN-STA-08,Standard,2.0,3,107.51,322.53,Online travel agency,Completed,12
SYN-B001954,2024-05-17,2024-06-07,2024-06-09,SYN-STA-09,Standard,1.0,2,112.42,224.84,Online travel agency,Completed,21
SYN-B001955,2024-05-06,2024-06-07,2024-06-12,SYN-FAM-02,Family,2.0,5,228.05,1140.25,Online travel agency,Completed,32
SYN-B001956,2024-05-20,2024-06-08,2024-06-11,SYN-STA-01,Standard,1.0,3,109.96,329.88,Travel agent,Completed,19
SYN-B001957,2024-01-20,2024-06-08,2024-06-10,SYN-STA-10,Standard,1.0,2,112.5,225.0,Online travel agency,Completed,140
SYN-B001958,2024-05-18,2024-06-08,2024-06-10,SYN-DEL-04,Deluxe,2.0,2,159.87,319.74,Direct,Completed,21
SYN-B001959,2024-05-27,2024-06-09,2024-06-11,SYN-STA-03,Standard,2.0,2,106.96,213.92,Direct,Completed,13
SYN-B001960,2024-05-08,2024-06-09,2024-06-16,SYN-DEL-02,Deluxe,2.0,7,147.62,1033.34,Direct,Completed,32
SYN-B001961,2024-05-10,2024-06-10,2024-06-13,SYN-STA-02,Standard,2.0,3,108.05,0.0,Direct,Cancelled,31
SYN-B001962,2024-05-28,2024-06-10,2024-06-14,SYN-STA-05,Standard,2.0,4,98.0,392.0,Online travel agency,Completed,13
SYN-B001963,2024-04-11,2024-06-10,2024-06-18,SYN-STA-07,Standard,2.0,8,93.26,746.08,Online travel agency,Completed,60
SYN-B001964,2024-05-07,2024-06-10,2024-06-13,SYN-STA-09,Standard,2.0,3,104.64,0.0,Online travel agency,Cancelled,34
SYN-B001965,2024-05-22,2024-06-10,2024-06-12,SYN-FAM-01,Family,4.0,2,201.09,402.18,Direct,Completed,19
SYN-B001966,2024-05-12,2024-06-10,2024-06-14,SYN-FAM-03,Family,3.0,4,186.25,745.0,Online travel agency,Completed,29
SYN-B001967,2024-04-03,2024-06-11,2024-06-13,SYN-STA-01, standard ,1.0,2,91.38,0.0,Online travel agency,Cancelled,69
SYN-B001968,2024-05-21,2024-06-11,2024-06-13,SYN-STA-02,Standard,1.0,2,98.44,196.88,Travel agent,Completed,21
SYN-B001969,2024-05-02,2024-06-11,2024-06-14,SYN-STA-03,Standard,2.0,3,98.49,295.47,Travel agent,Completed,40
SYN-B001970,2024-05-20,2024-06-11,2024-06-13,SYN-STA-04,Standard,1.0,2,99.8,199.6,Direct,Completed,22
SYN-B001971,2024-03-16,2024-06-11,2024-06-15,SYN-STA-08,Standard,2.0,4,95.72,382.88,Online travel agency,Completed,87
SYN-B001972,2024-05-27,2024-06-11,2024-06-14,SYN-STA-10,Standard,2.0,3,105.68,0.0,Direct,Cancelled,15
SYN-B001973,2024-05-28,2024-06-11,2024-06-13,SYN-DEL-03,Deluxe,1.0,2,147.64,295.28,Online travel agency,Completed,14
SYN-B001974,2024-05-31,2024-06-11,2024-06-13,SYN-DEL-05,Deluxe,1.0,2,147.38,294.76,Direct,Completed,11
SYN-B001975,2024-05-02,2024-06-12,2024-06-15,SYN-STA-09,Standard,2.0,3,107.45,322.35,Online travel agency,Completed,41
SYN-B001976,2024-06-03,2024-06-12,2024-06-17,SYN-DEL-01,Deluxe,1.0,5,150.39,751.95,Online travel agency,Completed,9
SYN-B001977,2024-04-08,2024-06-12,2024-06-14,SYN-DEL-04,Deluxe,1.0,2,148.27,296.54,Travel agent,Completed,65
SYN-B001978,2024-04-03,2024-06-12,2024-06-14,SYN-FAM-01,Family,1.0,2,185.72,371.44,Direct,Completed,70
SYN-B001979,2024-02-14,2024-06-12,2024-06-14,SYN-FAM-02,Family,3.0,2,183.93,367.86,Online travel agency,Completed,119
SYN-B001980,2023-12-16,2024-06-13,2024-06-17,SYN-STA-01,Standard,1.0,4,97.1,0.0,Online travel agency,Cancelled,180
SYN-B001981,2024-02-23,2024-06-13,2024-06-20,SYN-STA-02,Standard,1.0,7,91.41,639.87,Direct,Completed,111
SYN-B001982,2024-06-08,2024-06-13,2024-06-20,SYN-STA-06,Standard,1.0,7,105.52,738.64,Online travel agency,Completed,5
SYN-B001983,2024-05-28,2024-06-13,2024-06-18,SYN-DEL-03,Deluxe,1.0,5,156.46,782.3,Online travel agency,Completed,16
SYN-B001984,2024-05-27,2024-06-13,2024-06-16,SYN-DEL-05,Deluxe,1.0,3,153.16,459.48,Travel agent,Completed,17
SYN-B001985,2024-05-30,2024-06-14,2024-06-21,SYN-STA-01,Standard,2.0,7,108.58,760.06,Online travel agency,Completed,15
SYN-B001986,2024-05-15,2024-06-14,2024-06-19,SYN-STA-04,Standard,2.0,5,114.75,573.75,Online travel agency,Completed,30
SYN-B001987,2024-05-29,2024-06-14,2024-06-17,SYN-STA-05,Standard,1.0,3,112.26,0.0,Online travel agency,Cancelled,16
SYN-B001988,2024-05-25,2024-06-14,2024-06-16,SYN-STA-10,Standard,2.0,2,115.16,230.32,Online travel agency,Completed,20
SYN-B001989,2024-05-22,2024-06-14,2024-06-16,SYN-DEL-04,Deluxe,1.0,2,175.35,350.7,Direct,Completed,23
SYN-B001990,2024-05-26,2024-06-14,2024-06-16,SYN-FAM-03,Family,1.0,2,218.43,436.86,Online travel agency,Completed,19
SYN-B001991,2024-03-31,2024-06-15,2024-06-20,SYN-STA-05,Standard,1.0,5,113.51,567.55,Online travel agency,Completed,76
SYN-B001992,2024-05-13,2024-06-15,2024-06-18,SYN-STA-09,Standard,2.0,3,113.07,0.0,Online travel agency,Cancelled,33
SYN-B001993,2024-05-28,2024-06-15,2024-06-18,SYN-FAM-01,Family,3.0,3,215.48,646.44,Online travel agency,Completed,18
SYN-B001994,2024-06-07,2024-06-15,2024-06-19,SYN-FAM-02,Family,1.0,4,227.95,911.8,Direct,Completed,8
SYN-B001995,2024-05-29,2024-06-16,2024-06-19,SYN-STA-03,Standard,2.0,3,102.14,306.42,Online travel agency,Completed,18
SYN-B001996,2024-05-18,2024-06-16,2024-06-20,SYN-STA-08,Standard,1.0,4,107.13,0.0,Online travel agency,Cancelled,29
SYN-B001997,2024-06-09,2024-06-16,2024-06-23,SYN-STA-09,Standard,2.0,7,95.97,671.79,Direct,Completed,7
SYN-B001998,2024-04-25,2024-06-16,2024-06-19,SYN-DEL-04,Deluxe,2.0,3,144.39,433.17,Travel agent,Completed,52
SYN-B001999,2024-05-25,2024-06-16,2024-06-18,SYN-DEL-05,Deluxe,2.0,2,155.75,311.5,Direct,Completed,22
SYN-B002000,2024-05-20,2024-06-16,2024-06-19,SYN-FAM-03,Family,4.0,3,188.6,565.8,Direct,Completed,27
SYN-B002001,2024-05-21,2024-06-17,2024-06-20,SYN-STA-10,Standard,1.0,3,99.91,299.73,Direct,Completed,27
SYN-B002002,2024-06-11,2024-06-17,2024-06-22,SYN-DEL-02,Deluxe,2.0,5,155.07,775.35,Online travel agency,Completed,6
SYN-B002003,2024-05-24,2024-06-18,2024-06-19,SYN-DEL-01,Deluxe,1.0,1,150.22,150.22,Online travel agency,Completed,25
SYN-B002004,2024-05-18,2024-06-18,2024-06-21,SYN-FAM-01,Family,1.0,3,190.77,572.31,Online travel agency,Completed,31
SYN-B002005,2024-05-27,2024-06-19,2024-06-20,SYN-STA-07,Standard,2.0,1,105.86,105.86,Direct,Completed,23
SYN-B002006,2024-03-05,2024-06-19,2024-06-21,SYN-STA-08,Standard,1.0,2,93.86,187.72,Direct,Completed,106
SYN-B002007,2024-05-17,2024-06-19,2024-06-23,SYN-DEL-01,Deluxe,1.0,4,151.1,0.0,Travel agent,Cancelled,33
SYN-B002008,2024-05-15,2024-06-19,2024-06-24,SYN-DEL-03,Deluxe,1.0,5,155.78,778.9,Direct,Completed,35
SYN-B002009,2024-04-30,2024-06-19,2024-06-21,SYN-DEL-04,Deluxe,1.0,2,146.6,293.2,Travel agent,Completed,50
SYN-B002010,2023-12-31,2024-06-19,2024-06-21,SYN-DEL-05,Deluxe,2.0,2,137.41,274.82,Online travel agency,Completed,171
SYN-B002011,2024-06-05,2024-06-19,2024-06-24,SYN-FAM-03,Family,2.0,5,197.89,989.45,Direct,Completed,14
SYN-B002012,2024-06-01,2024-06-20,2024-06-24,SYN-STA-03,Standard,2.0,4,102.5,410.0,Online travel agency,Completed,19
SYN-B002013,2024-05-04,2024-06-20,2024-06-21,SYN-STA-05,Standard,2.0,1,100.77,100.77,Online travel agency,Completed,47
SYN-B002014,2024-05-16,2024-06-20,2024-06-21,SYN-STA-07,Standard,1.0,1,103.1,103.1,Online travel agency,Completed,35
SYN-B002015,2024-05-04,2024-06-20,2024-06-24,SYN-STA-10,Standard,1.0,4,96.33,385.32,Online travel agency,Completed,47
SYN-B002016,2024-06-06,2024-06-20,2024-06-26,SYN-FAM-02,Family,4.0,6,199.66,1197.96,Direct,Completed,14
SYN-B002017,2024-05-02,2024-06-21,2024-06-24,SYN-STA-02,Standard,2.0,3,119.47,358.41,Travel agent,Completed,50
SYN-B002018,2024-05-25,2024-06-21,2024-06-25,SYN-STA-04,Standard,2.0,4,114.11,456.44,Online travel agency,Completed,27
SYN-B002019,2023-12-30,2024-06-21,2024-06-25,SYN-STA-05,Standard,2.0,4,101.39,405.56,Online travel agency,Completed,174
SYN-B002020,2024-06-01,2024-06-21,2024-06-22,SYN-STA-08,Standard,1.0,1,116.11,116.11,Online travel agency,Completed,20
SYN-B002021,2024-05-10,2024-06-21,2024-06-25,SYN-DEL-01,Deluxe,2.0,4,173.73,694.92, online travel agency ,Completed,42
SYN-B002022,2024-06-02,2024-06-21,2024-06-25,SYN-DEL-04,Deluxe,1.0,4,162.62,650.48,Online travel agency,Completed,19
SYN-B002023,2024-04-12,2024-06-21,2024-06-24,SYN-DEL-05,Deluxe,2.0,3,153.86,0.0,Online travel agency,Cancelled,70
SYN-B002024,2024-04-27,2024-06-21,2024-06-23,SYN-FAM-01,Family,4.0,2,230.75,461.5,Direct,Completed,55
SYN-B002025,2024-06-02,2024-06-22,2024-06-27,SYN-STA-01,Standard,2.0,5,112.95,564.75,Online travel agency,Completed,20
SYN-B002026,2024-03-22,2024-06-22,2024-06-30,SYN-DEL-02,Deluxe,1.0,8,158.91,1271.28,Online travel agency,Completed,92
SYN-B002027,2024-06-14,2024-06-22,2024-06-25,SYN-DEL-05,Deluxe,2.0,3,162.41,0.0,Online travel agency,Cancelled,8
SYN-B002028,2024-06-17,2024-06-23,2024-06-25,SYN-STA-07,Standard,1.0,2,96.16,192.32,Direct,Completed,6
SYN-B002029,2024-05-08,2024-06-23,2024-06-27,SYN-FAM-01,Family,3.0,4,207.3,829.2,Online travel agency,Completed,46
SYN-B002030,2024-05-18,2024-06-24,2024-06-25,SYN-STA-08,Standard,2.0,1,97.3,97.3,Direct,Completed,37
SYN-B002031,2024-05-26,2024-06-24,2024-06-28,SYN-STA-09,Standard,2.0,4,98.78,395.12,Online travel agency,Completed,29
SYN-B002032,2024-05-10,2024-06-24,2024-06-28,SYN-STA-10, standard ,2.0,4,98.97,395.88,Online travel agency,Completed,45
SYN-B002033,2024-06-06,2024-06-25,2024-06-29,SYN-STA-03,Standard,2.0,4,103.22,412.88,Direct,Completed,19
SYN-B002034,2024-06-01,2024-06-25,2024-06-28,SYN-STA-05,Standard,1.0,3,100.17,300.51,Direct,Completed,24
SYN-B002035,2024-05-23,2024-06-25,2024-06-29,SYN-DEL-03,Deluxe,1.0,4,156.48,625.92,Online travel agency,Completed,33
SYN-B002036,2024-05-30,2024-06-25,2024-07-04,SYN-DEL-05,Deluxe,2.0,9,146.67,1320.03,Direct,Completed,26
SYN-B002037,2024-06-05,2024-06-25,2024-06-27,SYN-FAM-03,Family,3.0,2,185.82,371.64,Online travel agency,Completed,20
SYN-B002038,2024-03-20,2024-06-26,2024-06-27,SYN-STA-02,Standard,1.0,1,96.23,96.23,Online travel agency,Completed,98
SYN-B002039,2024-05-30,2024-06-26,2024-06-30,SYN-STA-04,Standard,2.0,4,104.06,416.24,Direct,Completed,27
SYN-B002040,2024-03-04,2024-06-26,2024-06-29,SYN-STA-06,Standard,2.0,3,97.99,293.97,Online travel agency,Completed,114
SYN-B002041,2024-04-20,2024-06-26,2024-06-30,SYN-DEL-04,Deluxe,2.0,4,133.59,534.36,Online travel agency,Completed,67
SYN-B002042,2024-06-22,2024-06-27,2024-06-29,SYN-STA-02,Standard,1.0,2,102.44,204.88,Direct,Completed,5
SYN-B002043,2024-06-03,2024-06-27,2024-06-29,SYN-STA-07,Standard,2.0,2,103.91,207.82,Online travel agency,Completed,24
SYN-B002044,2024-06-07,2024-06-27,2024-07-01,SYN-FAM-01,Family,2.0,4,196.45,785.8,Online travel agency,Completed,20
SYN-B002045,2024-05-13,2024-06-27,2024-06-28,SYN-FAM-02,Family,1.0,1,196.04,0.0,Online travel agency,Cancelled,45
SYN-B002046,2024-06-04,2024-06-27,2024-07-01,SYN-FAM-03,Family,2.0,4,207.12,828.48,Direct,Completed,23
SYN-B002047,2024-06-16,2024-06-28,2024-07-02,SYN-STA-01,Standard,1.0,4,115.6,462.4,Direct,Completed,12
SYN-B002048,2024-05-25,2024-06-28,2024-07-01,SYN-STA-05,Standard,1.0,3,115.38,346.14,Online travel agency,Completed,34
SYN-B002049,2024-05-04,2024-06-28,2024-06-30,SYN-STA-08,Standard,2.0,2,119.32,238.64,Direct,Completed,55
SYN-B002050,2024-05-22,2024-06-28,2024-07-01,SYN-STA-09,Standard,2.0,-1,115.98,347.94,Direct,Completed,37
SYN-B002051,2024-05-20,2024-06-28,2024-07-02,SYN-DEL-01,Deluxe,1.0,4,161.57,646.28,Online travel agency,Completed,39
SYN-B002052,2024-04-29,2024-06-28,2024-07-01,SYN-FAM-02,Family,2.0,3,197.63,592.89,Online travel agency,Completed,60
SYN-B002053,2024-06-22,2024-06-29,2024-07-03,SYN-STA-02,Standard,1.0,4,117.87,471.48,Direct,Completed,7
SYN-B002054,2024-05-10,2024-06-29,2024-07-01,SYN-STA-06,Standard,2.0,2,117.39,234.78,Online travel agency,Completed,50
SYN-B002055,2024-05-18,2024-06-29,2024-07-02,SYN-STA-07,Standard,2.0,3,114.49,343.47,Online travel agency,Completed,42
SYN-B002056,2024-06-16,2024-06-29,2024-07-04,SYN-STA-10,Standard,1.0,5,117.92,589.6,Online travel agency,Completed,13
SYN-B002057,2024-05-31,2024-06-29,2024-07-02,SYN-DEL-03,Deluxe,2.0,3,163.18,489.54,Online travel agency,Completed,29
SYN-B002058,2024-06-18,2024-06-30,2024-07-01,SYN-STA-03,Standard,2.0,1,100.84,100.84,Travel agent,Completed,12
SYN-B002059,2024-02-29,2024-06-30,2024-07-03,SYN-DEL-04,Deluxe,1.0,3,139.34,418.02,Direct,Completed,122
SYN-B002060,2024-06-21,2024-07-01,2024-07-08,SYN-STA-03,Standard,2.0,7,96.29,674.03,Online travel agency,Completed,10
SYN-B002061,2024-06-15,2024-07-01,2024-07-07,SYN-STA-04,Standard,1.0,6,105.3,0.0,Direct,Cancelled,16
SYN-B002062,2024-06-10,2024-07-01,2024-07-06,SYN-STA-05,Standard,1.0,5,96.61,483.05,Direct,Completed,21
SYN-B002063,2024-05-21,2024-07-01,2024-07-05,SYN-STA-06,Standard,2.0,4,105.69,422.76,Online travel agency,Completed,41
SYN-B002064,2024-06-19,2024-07-01,2024-07-07,SYN-STA-08,Standard,2.0,6,106.06,636.36,Direct,Completed,12
SYN-B002065,2024-06-27,2024-07-01,2024-07-06,SYN-DEL-02,Deluxe,2.0,5,149.52,0.0,Online travel agency,Cancelled,4
SYN-B002066,2024-05-21,2024-07-01,2024-07-03,SYN-FAM-01,Family,3.0,2,205.95,411.9,Online travel agency,Completed,41
SYN-B002067,2024-06-20,2024-07-01,2024-07-05,SYN-FAM-02,Family,3.0,4,188.81,755.24,Direct,Completed,11
SYN-B002068,2024-03-14,2024-07-01,2024-07-02,SYN-FAM-03,Family,1.0,1,195.08,0.0,Online travel agency,Cancelled,109
SYN-B002069,2024-04-16,2024-07-02,2024-07-05,SYN-STA-01,Standard,2.0,3,101.36,304.08,Online travel agency,Completed,77
SYN-B002070,2024-06-03,2024-07-02,2024-07-06,SYN-STA-07,Standard,2.0,4,106.93,427.72,Direct,Completed,29
SYN-B002071,2024-05-30,2024-07-02,2024-07-06,SYN-DEL-01,Deluxe,1.0,4,152.38,609.52,Direct,Completed,33
SYN-B002072,2024-06-28,2024-07-02,2024-07-05,SYN-DEL-02,Deluxe,2.0,3,149.53,448.59,Online travel agency,Completed,4
SYN-B002073,2024-04-28,2024-07-03,2024-07-08,SYN-STA-02,Standard,1.0,5,94.07,470.35,Online travel agency,Completed,66
SYN-B002074,2024-06-06,2024-07-03,2024-07-07,SYN-STA-09,Standard,2.0,4,101.86,407.44,Direct,Completed,27
SYN-B002075,2024-06-22,2024-07-03,2024-07-10,SYN-DEL-03,Deluxe,1.0,7,144.44,1011.08,Online travel agency,Completed,11
SYN-B002076,2024-05-31,2024-07-03,2024-07-06,SYN-DEL-04,Deluxe,1.0,3,156.65,469.95,Online travel agency,Completed,33
SYN-B002077,2024-06-26,2024-07-03,2024-07-04,SYN-FAM-01,Family,4.0,1,208.06,208.06,Online travel agency,Completed,7
SYN-B002078,2024-06-16,2024-07-03,2024-07-07,SYN-FAM-03,Family,2.0,4,201.46,805.84,Direct,Completed,17
SYN-B002079,2024-05-30,2024-07-04,2024-07-08,SYN-STA-04,Standard,2.0,4,96.0,384.0,Direct,Completed,35
SYN-B002080,2024-06-18,2024-07-04,2024-07-08,SYN-STA-10,Standard,2.0,4,100.43,401.72,Travel agent, completed ,16
SYN-B002081,2024-06-20,2024-07-04,2024-07-07,SYN-FAM-01,Family,3.0,3,199.44,598.32, online travel agency ,Completed,14
SYN-B002082,2024-06-12,2024-07-05,2024-07-08,SYN-STA-01,Standard,1.0,3,115.97,347.91,Online travel agency,Completed,23
SYN-B002083,2024-05-27,2024-07-05,2024-07-07,SYN-STA-06,Standard,2.0,2,110.08,220.16,Direct,Completed,39
SYN-B002084,2024-06-12,2024-07-05,2024-07-07,SYN-DEL-02,Deluxe,2.0,2,165.49,330.98,Direct,Completed,23
SYN-B002085,2024-05-18,2024-07-05,2024-07-06,SYN-FAM-02,Family,1.0,1,221.58,221.58, direct ,Completed,48
SYN-B002086,2024-06-03,2024-07-06,2024-07-08,SYN-STA-05,Standard,1.0,2,111.97,223.94,Travel agent,Completed,33
SYN-B002087,2024-04-20,2024-07-06,2024-07-10,SYN-STA-07,Standard,2.0,4,108.86,435.44,Direct,Completed,77
SYN-B002088,2024-05-18,2024-07-06,2024-07-11,SYN-DEL-04,Deluxe,2.0,5,162.21,0.0,Online travel agency,Cancelled,49
SYN-B002089,2024-04-29,2024-07-06,2024-07-08,SYN-DEL-05,Deluxe,2.0,2,160.12,320.24,Travel agent,Completed,68
SYN-B002090,2024-05-10,2024-07-06,2024-07-11,SYN-FAM-02,Family,1.0,5,220.51,1102.55,Direct,Completed,57
SYN-B002091,2024-06-18,2024-07-07,2024-07-12,SYN-STA-06,Standard,1.0,5,96.82,484.1,Direct,Completed,19
SYN-B002092,2024-06-23,2024-07-07,2024-07-13,SYN-STA-08,Standard,1.0,6,105.81,634.86,Direct,Completed,14
SYN-B002093,2024-02-28,2024-07-07,2024-07-10,SYN-DEL-02,Deluxe,1.0,3,146.97,440.91, online travel agency ,Completed,130
SYN-B002094,2024-04-30,2024-07-07,2024-07-09,SYN-DEL-04, deluxe ,1.0,2,140.08,280.16,Online travel agency,Completed,68
SYN-B002095,2024-06-12,2024-07-07,2024-07-11,SYN-FAM-03,Family,1.0,4,193.15,772.6,Direct,Completed,25
SYN-B002096,2024-06-18,2024-07-08,2024-07-15,SYN-STA-01,Standard,1.0,7,97.22,680.54,Travel agent,Completed,20
SYN-B002097,2024-06-03,2024-07-08,2024-07-12,SYN-STA-03,Standard,1.0,4,105.5,422.0,Direct,Completed,35
SYN-B002098,2024-04-26,2024-07-08,2024-07-11,SYN-STA-05,Standard,1.0,3,96.52,289.56,Travel agent,Completed,73
SYN-B002099,2024-05-20,2024-07-08,2024-07-11,SYN-STA-09,Standard,1.0,3,99.43,298.29,Direct,Completed,49
SYN-B002100,2024-04-16,2024-07-08,2024-07-10,SYN-DEL-05,Deluxe,2.0,2,134.3,268.6,Direct,Completed,83
SYN-B002101,2024-06-22,2024-07-08,2024-07-13,SYN-FAM-01,Family,2.0,5,185.67,928.35,Direct,Completed,16
SYN-B002102,2024-06-12,2024-07-09,2024-07-12,SYN-DEL-01,Deluxe,2.0,3,152.7,458.1,Direct,Completed,27
SYN-B002103,2024-05-21,2024-07-09,2024-07-11,SYN-DEL-04,Deluxe,1.0,2,152.08,304.16,Direct,Completed,49
SYN-B002104,2024-06-20,2024-07-10,2024-07-14,SYN-STA-04,Standard,2.0,4,97.54,-1.0,Direct,Completed,20
SYN-B002105,2024-06-20,2024-07-10,2024-07-15,SYN-STA-07,Standard,2.0,5,101.4,507.0,Direct,Completed,20
SYN-B002106,2024-07-01,2024-07-10,2024-07-13,SYN-STA-10,Standard,1.0,3,103.46,310.38,Direct,Completed,9
SYN-B002107,2024-06-16,2024-07-10,2024-07-12,SYN-DEL-02,Deluxe,2.0,2,149.96,299.92,Travel agent,Completed,24
SYN-B002108,2024-06-03,2024-07-10,2024-07-12,SYN-DEL-05,Deluxe,1.0,2,143.92,287.84,Direct,Completed,37
SYN-B002109,2024-06-24,2024-07-11,2024-07-15,SYN-STA-05,Standard,1.0,4,96.4,385.6,Direct,Completed,17
SYN-B002110,2024-05-15,2024-07-11,2024-07-13,SYN-STA-09, standard ,1.0,2,105.12,210.24,Direct,Completed,57
SYN-B002111,2024-06-09,2024-07-11,2024-07-16,SYN-DEL-03,Deluxe,1.0,5,148.57,0.0,Online travel agency,Cancelled,32
SYN-B002112,2024-06-23,2024-07-11,2024-07-14,SYN-DEL-04,Deluxe,2.0,3,153.03,459.09,Direct,Completed,18
SYN-B002113,2024-05-29,2024-07-11,2024-07-18,SYN-FAM-02,Family,4.0,7,208.3,1458.1,Direct,Completed,43
SYN-B002114,2024-05-25,2024-07-12,2024-07-17,SYN-STA-02,Standard,2.0,5,109.73,548.65,Direct,Completed,48
SYN-B002115,2024-05-03,2024-07-12,2024-07-16,SYN-STA-03,Standard,2.0,4,107.69,430.76,Online travel agency,Completed,70
SYN-B002116,2024-06-05,2024-07-12,2024-07-15,SYN-STA-06,Standard,2.0,3,117.24,0.0,Online travel agency,Cancelled,37
SYN-B002117,2024-03-27,2024-07-12,2024-07-15,SYN-DEL-01,Deluxe,2.0,3,154.39,0.0,Online travel agency,Cancelled,107
SYN-B002118,2024-06-20,2024-07-12,2024-07-14,SYN-DEL-02,Deluxe,2.0,2,176.91,0.0,Direct,Cancelled,22
SYN-B002119,2024-03-31,2024-07-12,2024-07-18,SYN-DEL-05,Deluxe,1.0,6,159.78,958.68,Online travel agency,Completed,103
SYN-B002120,2024-07-09,2024-07-12,2024-07-14,SYN-FAM-03,Family,4.0,2,219.77,439.54,Online travel agency,Completed,3
SYN-B002121,2024-06-23,2024-07-13,2024-07-17,SYN-STA-06,Standard,2.0,4,110.43,441.72,Direct,Completed,20
SYN-B002122,2024-07-04,2024-07-13,2024-07-15,SYN-STA-08,Standard,1.0,2,117.23,234.46, direct ,Completed,9
SYN-B002123,2024-06-11,2024-07-13,2024-07-16,SYN-DEL-01,Deluxe,2.0,3,170.95,512.85,Online travel agency,Completed,32
SYN-B002124,2024-06-29,2024-07-13,2024-07-17,SYN-DEL-02,Deluxe,1.0,4,165.93,663.72,Online travel agency,Completed,14
SYN-B002125,2024-06-16,2024-07-13,2024-07-16,SYN-DEL-03,Deluxe,2.0,3,163.02,489.06,Online travel agency,Completed,27
SYN-B002126,2024-05-19,2024-07-13,2024-07-18,SYN-FAM-01,Family,3.0,5,208.67,1043.35,Online travel agency,Completed,55
SYN-B002127,2024-05-16,2024-07-14,2024-07-16,SYN-STA-04,Standard,,2,102.61,205.22,Direct,Completed,59
SYN-B002128,2024-06-10,2024-07-14,2024-07-19,SYN-STA-10,Standard,1.0,5,100.75,503.75,Online travel agency,Completed,34
SYN-B002129,2024-07-08,2024-07-15,2024-07-21,SYN-STA-05, standard ,1.0,6,96.34,0.0,Online travel agency,Cancelled,7
SYN-B002130,2024-06-27,2024-07-15,2024-07-18,SYN-STA-07,Standard,1.0,3,106.69,320.07,Online travel agency,Completed,18
SYN-B002131,2024-06-04,2024-07-15,2024-07-21,SYN-STA-08,Standard,2.0,6,96.43,578.58,Direct,Completed,41
SYN-B002132,2024-06-27,2024-07-15,2024-07-20,SYN-STA-09,Standard,1.0,5,104.4,0.0,Online travel agency,Cancelled,18
SYN-B002133,2024-03-12,2024-07-15,2024-07-17,SYN-DEL-04,Deluxe,2.0,2,133.8,267.6,Direct,Completed,125
SYN-B002134,2024-05-29,2024-07-15,2024-07-21,SYN-FAM-03,Family,2.0,6,188.45,0.0,Online travel agency,Cancelled,47
SYN-B002135,2024-06-06,2024-07-16,2024-07-18,SYN-STA-01,Standard,2.0,2,101.91,203.82,Direct,Completed,40
SYN-B002136,2024-06-15,2024-07-16,2024-07-20,SYN-STA-03,Standard,2.0,4,98.62,394.48,Online travel agency,Completed,31
SYN-B002137,2024-06-11,2024-07-16,2024-07-21,SYN-STA-04,Standard,1.0,5,105.21,526.05,Online travel agency,Completed,35
SYN-B002138,2024-05-19,2024-07-16,2024-07-20,SYN-STA-05,Standard,1.0,4,105.1,420.4,Online travel agency,Completed,58
SYN-B002139,2024-05-24,2024-07-16,2024-07-22,SYN-STA-09,Standard,1.0,6,103.55,621.3,Online travel agency,Completed,53
SYN-B002140,2024-07-08,2024-07-16,2024-07-18,SYN-DEL-01,Deluxe,1.0,2,154.3,0.0,Online travel agency,Cancelled,8
SYN-B002141,2024-05-13,2024-07-16,2024-07-19,SYN-DEL-03,Deluxe,2.0,3,144.87,434.61,Online travel agency,Completed,64
SYN-B002142,2024-06-29,2024-07-17,2024-07-22,SYN-STA-02,Standard,1.0,5,99.45,497.25,Online travel agency,Completed,18
SYN-B002143,2024-04-22,2024-07-17,2024-07-18,SYN-DEL-01,Deluxe,1.0,1,142.32,142.32,Online travel agency,Completed,86
SYN-B002144,2024-07-06,2024-07-17,2024-07-21,SYN-DEL-04,Deluxe,2.0,-1,148.28,593.12,Online travel agency,Completed,11
SYN-B002145,2024-06-01,2024-07-17,2024-07-19,SYN-FAM-03,Family,2.0,2,193.91,387.82,Direct,Completed,46
SYN-B002146,2024-06-15,2024-07-18,2024-07-20,SYN-STA-01,Standard,1.0,2,105.89,211.78,Online travel agency,Completed,33
SYN-B002147,2024-07-07,2024-07-18,2024-07-20,SYN-STA-06,Standard,1.0,2,96.09,192.18,Travel agent,Completed,11
SYN-B002148,2024-06-26,2024-07-18,2024-07-21,SYN-DEL-01,Deluxe,2.0,3,144.02,432.06,Online travel agency,Completed,22
SYN-B002149,2024-06-19,2024-07-18,2024-07-24,SYN-DEL-02,Deluxe,2.0,6,144.27,865.62,Direct,Completed,29
SYN-B002150,2024-07-05,2024-07-18,2024-07-21,SYN-DEL-05,Deluxe,2.0,3,153.21,459.63,Online travel agency,Completed,13
SYN-B002151,2024-04-06,2024-07-18,2024-07-20,SYN-FAM-01,Family,4.0,2,177.24,0.0,Online travel agency,Cancelled,103
SYN-B002152,2024-06-10,2024-07-18,2024-07-19,SYN-FAM-02,Family,1.0,1,190.03,190.03,Online travel agency,Completed,38
SYN-B002153,2024-06-24,2024-07-19,2024-07-22,SYN-STA-07,Standard,1.0,3,113.55,340.65,Direct,Completed,25
SYN-B002154,2024-07-16,2024-07-19,2024-07-25,SYN-FAM-01,Family,2.0,6,215.68,1294.08,Direct,Completed,3
SYN-B002155,2024-07-05,2024-07-19,2024-07-23,SYN-FAM-02,Family,2.0,4,226.47,905.88,Online travel agency,Completed,14
SYN-B002156,2024-07-15,2024-07-19,2024-07-21,SYN-FAM-03,Family,3.0,2,217.94,435.88,Online travel agency,Completed,4
SYN-B002157,2024-06-06,2024-07-20,2024-07-23,SYN-STA-01,Standard,2.0,3,112.21,336.63,Direct, completed ,44
SYN-B002158,2024-06-16,2024-07-20,2024-07-25,SYN-STA-03,Standard,1.0,5,120.21,601.05,Online travel agency,Completed,34
SYN-B002159,2024-07-17,2024-07-20,2024-07-25,SYN-STA-05,Standard,1.0,5,108.05,540.25,Online travel agency,Completed,3
SYN-B002160,2024-06-23,2024-07-20,2024-07-22,SYN-STA-10,Standard,1.0,2,115.06,230.12,Online travel agency,Completed,27
SYN-B002161,2024-06-18,2024-07-20,2024-07-21,SYN-DEL-03,Deluxe,1.0,1,159.04,159.04,Online travel agency,Completed,32
SYN-B002162,2024-07-13,2024-07-21,2024-07-25,SYN-STA-04,Standard,1.0,4,97.95,391.8,Direct,Completed,8
SYN-B002163,2024-06-23,2024-07-21,2024-07-26,SYN-STA-06,Standard,1.0,5,98.06,490.3,Direct,Completed,28
SYN-B002164,2024-06-26,2024-07-21,2024-07-23,SYN-DEL-01,Deluxe,1.0,2,149.28,298.56,Direct,Completed,25
SYN-B002165,2024-07-08,2024-07-21,2024-07-25,SYN-FAM-03,Family,2.0,4,195.87,783.48,Online travel agency,Completed,13
SYN-B002166,2024-05-25,2024-07-22,2024-07-26,SYN-STA-02,Standard,1.0,4,103.95,415.8,Online travel agency,Completed,58
SYN-B002167,2024-06-23,2024-07-22,2024-07-25,SYN-STA-09,Standard,1.0,3,100.42,301.26,Direct,Completed,29
SYN-B002168,2024-06-23,2024-07-22,2024-07-25,SYN-STA-10,Standard,2.0,3,100.03,0.0,Travel agent,Cancelled,29
SYN-B002169,2024-06-17,2024-07-22,2024-07-26,SYN-DEL-03,Deluxe,2.0,4,149.01,0.0,Online travel agency,Cancelled,35
SYN-B002170,2024-07-14,2024-07-22,2024-07-26,SYN-DEL-04,Deluxe,1.0,4,157.09,628.36,Online travel agency,Completed,8
SYN-B002171,2024-06-21,2024-07-22,2024-07-27,SYN-DEL-05,Deluxe,2.0,5,152.44,762.2,Online travel agency,Completed,31
SYN-B002172,2024-04-03,2024-07-23,2024-07-26,SYN-STA-01,Standard,2.0,3,95.28,285.84,Direct,Completed,111
SYN-B002173,2024-07-12,2024-07-23,2024-07-26,SYN-STA-08,Standard,1.0,3,104.84,314.52,Direct,Completed,11
SYN-B002174,2024-06-23,2024-07-23,2024-07-27,SYN-STA-10,Standard,1.0,4,106.61,426.44,Online travel agency,Completed,30
SYN-B002175,2024-07-16,2024-07-23,2024-07-30,SYN-DEL-01,Deluxe,2.0,7,146.55,1025.85,Online travel agency,Completed,7
SYN-B002176,2024-07-08,2024-07-23,2024-07-26,SYN-DEL-03,Deluxe,1.0,3,155.96,467.88,Travel agent,Completed,15
SYN-B002177,2024-06-30,2024-07-23,2024-07-27,SYN-FAM-02,Family,1.0,4,198.36,793.44,Online travel agency,Completed,23
SYN-B002178,2024-07-17,2024-07-24,2024-07-27,SYN-DEL-02,Deluxe,2.0,3,157.65,472.95,Direct,Completed,7
SYN-B002179,2024-06-18,2024-07-25,2024-07-27,SYN-STA-03,Standard,1.0,2,105.8,0.0,Direct,Cancelled,37
SYN-B002180,2024-06-25,2024-07-25,2024-07-27,SYN-STA-04,Standard,1.0,2,99.66,199.32,Online travel agency,Completed,30
SYN-B002181,2024-06-29,2024-07-25,2024-07-27,SYN-STA-05,Standard,1.0,2,105.67,211.34,Direct,Completed,26
SYN-B002182,2024-06-25,2024-07-25,2024-07-28,SYN-STA-07,Standard,1.0,3,97.52,292.56,Online travel agency,Completed,30
SYN-B002183,2024-06-15,2024-07-25,2024-07-26,SYN-FAM-01,Family,4.0,1,189.41,189.41,Direct,Completed,40
SYN-B002184,2024-06-04,2024-07-25,2024-07-30,SYN-FAM-03,Family,4.0,5,186.54,932.7,Direct,Completed,51
SYN-B002185,2024-06-06,2024-07-26,2024-07-30,SYN-STA-01,Standard,2.0,4,107.97,431.88,Direct,Completed,50
SYN-B002186,2024-06-11,2024-07-26,2024-07-29,SYN-STA-02,Standard,1.0,3,115.53,346.59,Direct,Completed,45
SYN-B002187,2024-06-14,2024-07-26,2024-07-30,SYN-DEL-04,Deluxe,1.0,4,165.6,0.0,Online travel agency,Cancelled,42
SYN-B002188,2024-07-11,2024-07-26,2024-07-30,SYN-FAM-01,Family,1.0,4,224.69,898.76,Direct,Completed,15
SYN-B002189,2024-07-14,2024-07-27,2024-07-31,SYN-STA-03,Standard,1.0,4,116.61,466.44,Direct,Completed,13
SYN-B002190,2024-06-03,2024-07-27,2024-07-30,SYN-STA-04,Standard,2.0,3,114.56,343.68,Direct,Completed,54
SYN-B002191,2024-07-01,2024-07-27,2024-07-29,SYN-STA-05,Standard,1.0,2,113.48,226.96,Direct,Completed,26
SYN-B002192,2024-07-15,2024-07-27,2024-07-29,SYN-STA-08,Standard,2.0,2,112.35,224.7,Travel agent,Completed,12
SYN-B002193,2024-07-15,2024-07-27,2024-07-30,SYN-STA-09,Standard,1.0,3,114.06,0.0,Online travel agency,Cancelled,12
SYN-B002194,2024-05-29,2024-07-27,2024-07-31,SYN-STA-10,Standard,1.0,4,111.37,445.48,Online travel agency,Completed,59
SYN-B002195,2024-06-20,2024-07-27,2024-08-02,SYN-DEL-02,Deluxe,1.0,6,176.84,0.0,Online travel agency,Cancelled,37
SYN-B002196,2024-01-29,2024-07-27,2024-07-30,SYN-DEL-03,Deluxe,2.0,3,165.13,495.39,Online travel agency,Completed,180
SYN-B002197,2024-01-29,2024-07-27,2024-07-31,SYN-DEL-04,Deluxe,1.0,4,155.69,622.76,Online travel agency,Completed,180
SYN-B002198,2024-05-14,2024-07-27,2024-07-29,SYN-DEL-05,Deluxe,2.0,2,164.2,328.4,Direct,Completed,74
SYN-B002199,2024-07-04,2024-07-27,2024-07-30,SYN-FAM-02,Family,2.0,3,228.21,684.63,Direct,Completed,23
SYN-B002200,2024-02-09,2024-07-28,2024-07-30,SYN-STA-06,Standard,2.0,2,95.8,191.6,Online travel agency,Completed,170
SYN-B002201,2024-06-08,2024-07-28,2024-07-31,SYN-STA-07,Standard,2.0,3,107.19,321.57,Direct,Completed,50
SYN-B002202,2024-07-09,2024-07-28,2024-07-31,SYN-DEL-02,Deluxe,2.0,3,155.66,466.98,Direct,Completed,19
SYN-B002203,2024-07-04,2024-07-29,2024-08-01,SYN-STA-02,Standard,2.0,3,97.68,293.04,Online travel agency,Completed,25
SYN-B002204,2024-06-03,2024-07-29,2024-07-31,SYN-STA-05,Standard,2.0,2,104.39,208.78,Direct,Completed,56
SYN-B002205,2024-05-20,2024-07-29,2024-08-02,SYN-STA-08,Standard,2.0,4,94.2,376.8,Direct,Completed,70
SYN-B002206,2024-07-12,2024-07-30,2024-08-02,SYN-STA-01,Standard,1.0,3,104.33,312.99,Online travel agency,Completed,18
SYN-B002207,2024-07-08,2024-07-30,2024-08-02,SYN-STA-06,Standard,1.0,3,103.09,309.27,Direct,Completed,22
SYN-B002208,2024-07-04,2024-07-30,2024-08-02,SYN-STA-09,Standard,1.0,3,98.6,295.8,Online travel agency,Completed,26
SYN-B002209,2024-06-05,2024-07-30,2024-08-03,SYN-DEL-03,Deluxe,,4,145.43,581.72,Direct,Completed,55
SYN-B002210,2024-07-22,2024-07-30,2024-08-02,SYN-DEL-05,Deluxe,1.0,3,153.99,0.0,Online travel agency,Cancelled,8
SYN-B002211,2024-03-25,2024-07-30,2024-08-05,SYN-FAM-01,Family,1.0,6,187.91,1127.46,Travel agent,Completed,127
SYN-B002212,2024-06-19,2024-07-30,2024-08-03,SYN-FAM-02,Family,1.0,4,194.93,779.72,Online travel agency,Completed,41
SYN-B002213,2024-06-05,2024-07-30,2024-08-02,SYN-FAM-03,Family,4.0,3,204.6,613.8,Direct,Completed,55
SYN-B002214,2024-05-25,2024-07-31,2024-08-03,SYN-STA-03,Standard,1.0,3,99.75,299.25,Online travel agency, completed ,67
SYN-B002215,2024-07-16,2024-07-31,2024-08-04,SYN-STA-07,Standard,2.0,4,107.98,431.92,Direct,Completed,15
SYN-B002216,2024-07-22,2024-07-31,2024-08-04,SYN-STA-10,Standard,1.0,-1,107.1,428.4,Direct,Completed,9
SYN-B002217,2024-06-25,2024-07-31,2024-08-04,SYN-DEL-01,Deluxe,2.0,4,153.57,614.28,Direct,Completed,36
SYN-B002218,2024-06-12,2024-07-31,2024-08-05,SYN-DEL-02,Deluxe,2.0,5,147.09,735.45,Online travel agency,Completed,49
SYN-B002219,2024-07-19,2024-07-31,2024-08-02,SYN-DEL-05,Deluxe,1.0,2,147.11,294.22,Direct,Completed,12
SYN-B002220,2024-07-16,2024-08-01,2024-08-05,SYN-STA-04,Standard,2.0,4,102.46,409.84,Direct,Completed,16
SYN-B002221,2024-05-31,2024-08-01,2024-08-03,SYN-STA-05,Standard,1.0,2,96.14,192.28,Online travel agency,Completed,62
SYN-B002222,2024-07-03,2024-08-02,2024-08-06,SYN-STA-01,Standard,1.0,4,109.74,0.0,Online travel agency,Cancelled,30
SYN-B002223,2024-07-21,2024-08-02,2024-08-04,SYN-STA-02,Standard,1.0,2,118.22,236.44,Direct,Completed,12
SYN-B002224,2024-05-07,2024-08-02,2024-08-05,SYN-STA-06,Standard,1.0,3,113.27,339.81,Travel agent,Completed,87
SYN-B002225,2024-06-28,2024-08-02,2024-08-04,SYN-STA-08,Standard,1.0,2,120.62,241.24,Online travel agency,Completed,35
SYN-B002226,2024-07-28,2024-08-02,2024-08-06,SYN-STA-09,Standard,2.0,4,109.09,436.36, direct ,Completed,5
SYN-B002227,2024-07-26,2024-08-02,2024-08-05,SYN-DEL-04,Deluxe,1.0,3,177.49,532.47,Direct,Completed,7
SYN-B002228,2024-07-13,2024-08-02,2024-08-06,SYN-DEL-05,Deluxe,,4,174.05,696.2,Direct,Completed,20
SYN-B002229,2024-06-03,2024-08-02,2024-08-06,SYN-FAM-03,Family,2.0,4,217.32,0.0,Online travel agency,Cancelled,60
SYN-B002230,2024-06-08,2024-08-03,2024-08-06,SYN-STA-03,Standard,1.0,3,107.87,323.61,Direct,Completed,56
SYN-B002231,2024-07-17,2024-08-03,2024-08-07,SYN-STA-05,Standard,2.0,4,117.41,469.64,Online travel agency,Completed,17
SYN-B002232,2024-05-02,2024-08-03,2024-08-05,SYN-FAM-02,Family,4.0,2,206.01,412.02,Online travel agency,Completed,93
SYN-B002233,2024-07-26,2024-08-03,2024-08-07,SYN-FAM-03,Family,3.0,4,215.75,863.0,Online travel agency,Completed,8
SYN-B002234,2024-06-23,2024-08-04,2024-08-08,SYN-STA-02,Standard,1.0,4,96.1,384.4,Direct,Completed,42
SYN-B002235,2024-07-11,2024-08-04,2024-08-08,SYN-STA-07,Standard,2.0,4,96.06,384.24,Direct,Completed,24
SYN-B002236,2024-06-27,2024-08-04,2024-08-08,SYN-STA-08,Standard,2.0,4,104.62,418.48,Online travel agency,Completed,38
SYN-B002237,2024-07-11,2024-08-04,2024-08-07,SYN-STA-10,Standard,2.0,3,97.09,291.27,Direct,Completed,24
SYN-B002238,2024-06-30,2024-08-04,2024-08-07,SYN-DEL-03, deluxe ,1.0,3,154.5,0.0,Online travel agency,Cancelled,35
SYN-B002239,2024-07-25,2024-08-05,2024-08-09,SYN-STA-01,Standard,2.0,4,102.89,411.56,Direct,Completed,11
SYN-B002240,2024-07-17,2024-08-05,2024-08-08,SYN-STA-04,Standard,1.0,3,103.48,310.44,Direct,Completed,19
SYN-B002241,2024-06-21,2024-08-05,2024-08-08,SYN-STA-06,Standard,2.0,3,101.43,304.29,Direct,Completed,45
SYN-B002242,2024-07-28,2024-08-05,2024-08-09,SYN-DEL-01,Deluxe,2.0,4,148.88,595.52,Direct,Completed,8
SYN-B002243,2024-07-20,2024-08-05,2024-08-07,SYN-DEL-04,Deluxe,2.0,2,144.24,288.48,Travel agent,Completed,16
SYN-B002244,2024-07-07,2024-08-05,2024-08-08,SYN-FAM-01,Family,1.0,3,196.11,588.33,Travel agent,Completed,29
SYN-B002245,2024-07-11,2024-08-05,2024-08-09,SYN-FAM-02,Family,3.0,4,208.54,834.16,Direct,Completed,25
SYN-B002246,2024-06-28,2024-08-06,2024-08-08,SYN-STA-03,Standard,1.0,2,102.7,205.4,Online travel agency,Completed,39
SYN-B002247,2024-03-01,2024-08-06,2024-08-11,SYN-STA-09,Standard,2.0,5,98.27,491.35,Online travel agency,Completed,158
SYN-B002248,2024-05-08,2024-08-06,2024-08-08,SYN-DEL-02,Deluxe,1.0,2,142.23,284.46,Direct,Completed,90
SYN-B002249,2024-06-17,2024-08-06,2024-08-09,SYN-DEL-03,Deluxe,1.0,3,147.43,442.29,Online travel agency,Completed,50
SYN-B002250,2024-07-09,2024-08-06,2024-08-13,SYN-DEL-05,Deluxe,2.0,7,157.78,1104.46, online travel agency ,Completed,28
SYN-B002251,2024-06-22,2024-08-07,2024-08-12,SYN-STA-05,Standard,2.0,5,98.4,492.0,Online travel agency,Completed,46
SYN-B002252,2024-07-27,2024-08-07,2024-08-12,SYN-STA-10,Standard,2.0,5,105.87,529.35,Direct,Completed,11
SYN-B002253,2024-07-10,2024-08-07,2024-08-10,SYN-DEL-04,Deluxe,1.0,3,143.76,0.0,Online travel agency,Cancelled,28
SYN-B002254,2024-06-11,2024-08-08,2024-08-11,SYN-STA-04,Standard,2.0,3,98.94,0.0,Online travel agency,Cancelled,58
SYN-B002255,2024-07-26,2024-08-08,2024-08-10,SYN-STA-06,Standard,1.0,2,98.78,197.56,Direct,Completed,13
SYN-B002256,2024-07-19,2024-08-08,2024-08-10,SYN-STA-07,Standard,1.0,2,102.36,204.72,Online travel agency,Completed,20
SYN-B002257,2024-07-15,2024-08-08,2024-08-14,SYN-STA-08,Standard,2.0,6,104.05,624.3,Direct,Completed,24
SYN-B002258,2024-05-13,2024-08-08,2024-08-15,SYN-DEL-04,Deluxe,2.0,7,136.82,957.74,Direct,Completed,87
SYN-B002259,2024-06-08,2024-08-08,2024-08-11,SYN-FAM-01,Family,2.0,3,183.24,549.72, direct ,Completed,61
SYN-B002260,2024-06-18,2024-08-09,2024-08-12,SYN-STA-01,Standard,2.0,-1,107.81,323.43,Online travel agency,Completed,52
SYN-B002261,2024-05-02,2024-08-09,2024-08-12,SYN-STA-04,Standard,2.0,3,101.02,303.06,Direct, completed ,99
SYN-B002262,2024-06-26,2024-08-09,2024-08-11,SYN-DEL-02,Deluxe,2.0,2,169.21,338.42,Direct,Completed,44
SYN-B002263,2024-07-16,2024-08-09,2024-08-12,SYN-FAM-02,Family,3.0,3,223.66,670.98,Online travel agency,Completed,24
SYN-B002264,2024-06-25,2024-08-09,2024-08-11,SYN-FAM-03,Family,2.0,2,225.9,451.8,Online travel agency,Completed,45
SYN-B002265,2024-06-20,2024-08-10,2024-08-12,SYN-STA-02,Standard,1.0,2,112.52,225.04,Direct,Completed,51
SYN-B002266,2024-04-16,2024-08-10,2024-08-15,SYN-STA-03,Standard,2.0,5,109.99,0.0,Online travel agency,Cancelled,116
SYN-B002267,2024-07-13,2024-08-10,2024-08-15,SYN-STA-06,Standard,1.0,5,109.0,545.0,Online travel agency,Completed,28
SYN-B002268,2024-06-27,2024-08-10,2024-08-14,SYN-STA-07,Standard,2.0,4,111.23,444.92,Online travel agency,Completed,44
SYN-B002269,2024-06-20,2024-08-10,2024-08-13,SYN-DEL-01,Deluxe,1.0,3,163.51,490.53,Online travel agency,Completed,51
SYN-B002270,2024-07-17,2024-08-11,2024-08-13,SYN-STA-03,Standard,2.0,2,98.38,196.76,Direct,Completed,25
SYN-B002271,2024-07-24,2024-08-11,2024-08-15,SYN-DEL-02,Deluxe,1.0,4,155.76,623.04,Direct,Completed,18
SYN-B002272,2024-07-03,2024-08-11,2024-08-15,SYN-DEL-03,Deluxe,1.0,4,143.99,575.96,Online travel agency,Completed,39
SYN-B002273,2024-07-21,2024-08-11,2024-08-15,SYN-FAM-03,Family,4.0,4,193.1,772.4,Online travel agency,Completed,21
SYN-B002274,2024-07-18,2024-08-12,2024-08-15,SYN-STA-01,Standard,2.0,3,98.06,294.18,Direct,Completed,25
SYN-B002275,2024-06-07,2024-08-12,2024-08-14,SYN-STA-02,Standard,2.0,2,97.47,194.94,Direct,Completed,66
SYN-B002276,2024-06-11,2024-08-12,2024-08-14,SYN-STA-04,Standard,1.0,2,97.69,195.38,Travel agent,Completed,62
SYN-B002277,2024-07-29,2024-08-12,2024-08-15,SYN-STA-05,Standard,1.0,3,95.87,287.61,Direct,Completed,14
SYN-B002278,2024-07-03,2024-08-12,2024-08-15,SYN-STA-09,Standard,1.0,3,103.14,0.0,Online travel agency,Cancelled,40
SYN-B002279,2024-06-16,2024-08-12,2024-08-16,SYN-STA-10,Standard,1.0,4,105.61,422.44,Travel agent,Completed,57
SYN-B002280,2024-08-05,2024-08-12,2024-08-14,SYN-FAM-01,Family,1.0,2,204.06,408.12,Direct, completed ,7
SYN-B002281,2024-07-25,2024-08-12,2024-08-15,SYN-FAM-02,Family,4.0,3,195.73,587.19,Online travel agency,Completed,18
SYN-B002282,2024-03-31,2024-08-13,2024-08-15,SYN-STA-03,Standard,1.0,2,95.44,190.88,Direct,Completed,135
SYN-B002283,2024-07-13,2024-08-13,2024-08-16,SYN-STA-09,Standard,1.0,3,106.74,320.22,Online travel agency,Completed,31
SYN-B002284,2024-06-12,2024-08-13,2024-08-15,SYN-DEL-01,Deluxe,1.0,2,140.46,0.0,Direct,Cancelled,62
SYN-B002285,2024-07-06,2024-08-13,2024-08-15,SYN-DEL-05,Deluxe,2.0,2,153.45,306.9,Online travel agency,Completed,38
SYN-B002286,2024-07-21,2024-08-14,2024-08-21,SYN-STA-02,Standard,2.0,7,105.18,736.26,Online travel agency,Completed,24
SYN-B002287,2024-08-09,2024-08-14,2024-08-21,SYN-STA-07,Standard,2.0,7,105.7,739.9,Direct,Completed,5
SYN-B002288,2024-07-19,2024-08-14,2024-08-17,SYN-STA-08,Standard,1.0,3,101.12,303.36,Direct,Completed,26
SYN-B002289,2024-06-25,2024-08-14,2024-08-19,SYN-DEL-01, deluxe ,2.0,5,156.53,782.65,Direct,Completed,50
SYN-B002290,2024-08-02,2024-08-14,2024-08-22,SYN-FAM-01,Family,4.0,8,195.68,1565.44,Travel agent,Completed,12
SYN-B002291,2024-08-03,2024-08-15,2024-08-17,SYN-STA-01,Standard,1.0,2,100.3,200.6,Online travel agency,Completed,12
SYN-B002292,2024-08-08,2024-08-15,2024-08-20,SYN-STA-06,Standard,2.0,5,104.99,524.95,Online travel agency,Completed,7
SYN-B002293,2024-06-06,2024-08-15,2024-08-18,SYN-DEL-02,Deluxe,1.0,3,135.62,0.0,Online travel agency,Cancelled,70
SYN-B002294,2024-02-17,2024-08-15,2024-08-17,SYN-DEL-03,Deluxe,2.0,2,141.36,282.72,Direct,Completed,180
SYN-B002295,2024-06-07,2024-08-15,2024-08-19,SYN-DEL-04,Deluxe,2.0,4,145.92,583.68,Online travel agency,Completed,69
SYN-B002296,2024-08-08,2024-08-15,2024-08-19,SYN-FAM-02,Family,3.0,4,205.5,822.0,Online travel agency,Completed,7
SYN-B002297,2024-07-31,2024-08-15,2024-08-18,SYN-FAM-03,Family,2.0,3,196.28,588.84,Direct,Completed,15
SYN-B002298,2024-07-28,2024-08-16,2024-08-21,SYN-STA-04,Standard,2.0,5,120.08,600.4,Online travel agency,Completed,19
SYN-B002299,2024-07-23,2024-08-16,2024-08-20,SYN-STA-05,Standard,1.0,4,109.75,0.0,Online travel agency,Cancelled,24
SYN-B002300,2024-07-26,2024-08-16,2024-08-19,SYN-STA-09,Standard,1.0,3,120.65,361.95,Travel agent,Completed,21
SYN-B002301,2024-07-22,2024-08-16,2024-08-21,SYN-STA-10,Standard,2.0,5,114.34,571.7,Travel agent,Completed,25
SYN-B002302,2024-06-15,2024-08-16,2024-08-20,SYN-DEL-02,Deluxe,1.0,4,162.26,649.04,Online travel agency,Completed,62
SYN-B002303,2024-07-05,2024-08-16,2024-08-19,SYN-DEL-05,Deluxe,1.0,3,164.69,494.07,Online travel agency,Completed,42
SYN-B002304,2024-03-28,2024-08-17,2024-08-20,SYN-STA-01,Standard,1.0,3,104.14,312.42,Direct,Completed,142
SYN-B002305,2024-08-09,2024-08-17,2024-08-20,SYN-STA-03,Standard,2.0,3,107.69,0.0,Direct,Cancelled,8
SYN-B002306,2024-08-07,2024-08-17,2024-08-20,SYN-STA-08,Standard,1.0,3,110.13,330.39,Online travel agency,Completed,10
SYN-B002307,2024-07-22,2024-08-17,2024-08-21,SYN-DEL-03,Deluxe,2.0,4,171.29,685.16,Direct,Completed,26
SYN-B002308,2024-08-07,2024-08-18,2024-08-23,SYN-STA-03,Standard,1.0,5,105.25,526.25,Online travel agency,Completed,11
SYN-B002309,2024-07-21,2024-08-18,2024-08-20,SYN-STA-05,Standard,2.0,2,99.53,199.06,Online travel agency,Completed,28
SYN-B002310,2024-07-31,2024-08-19,2024-08-23,SYN-STA-09,Standard,2.0,4,102.42,409.68,Direct,Completed,19
SYN-B002311,2024-06-15,2024-08-19,2024-08-22,SYN-DEL-01,Deluxe,1.0,3,134.12,402.36,Direct,Completed,65
SYN-B002312,2024-06-06,2024-08-19,2024-08-23,SYN-DEL-05,Deluxe,1.0,4,146.13,584.52,Direct,Completed,74
SYN-B002313,2024-04-08,2024-08-19,2024-08-21,SYN-FAM-02,Family,2.0,2,174.64,349.28,Direct,Completed,133
SYN-B002314,2024-08-01,2024-08-19,2024-08-22,SYN-FAM-03,Family,4.0,3,203.11,609.33,Direct,Completed,18
SYN-B002315,2024-03-15,2024-08-20,2024-08-24,SYN-STA-06,Standard,2.0,4,90.74,362.96,Online travel agency,Completed,158
SYN-B002316,2024-08-14,2024-08-20,2024-08-23,SYN-DEL-02,Deluxe,2.0,3,145.69,437.07, online travel agency ,Completed,6
SYN-B002317,2024-07-12,2024-08-20,2024-08-23,SYN-DEL-04,Deluxe,1.0,3,150.11,450.33,Online travel agency,Completed,39
SYN-B002318,2024-07-29,2024-08-21,2024-08-23,SYN-STA-01, standard ,1.0,2,103.87,207.74,Direct,Completed,23
SYN-B002319,2024-08-17,2024-08-21,2024-08-26,SYN-STA-04,Standard,2.0,5,107.22,536.1,Travel agent,Completed,4
SYN-B002320,2024-08-17,2024-08-21,2024-08-26,SYN-STA-07,Standard,1.0,5,107.09,535.45,Direct,Completed,4
SYN-B002321,2024-07-16,2024-08-21,2024-08-23,SYN-STA-08,Standard,2.0,2,105.47,210.94,Travel agent,Completed,36
SYN-B002322,2024-08-05,2024-08-21,2024-08-25,SYN-STA-10,Standard,1.0,4,102.66,410.64,Direct,Completed,16
SYN-B002323,2024-08-04,2024-08-21,2024-08-23,SYN-DEL-03,Deluxe,1.0,2,152.67,305.34,Online travel agency,Completed,17
SYN-B002324,2024-08-07,2024-08-21,2024-08-23,SYN-FAM-02,Family,3.0,2,197.29,394.58,Direct,Completed,14
SYN-B002325,2024-07-26,2024-08-22,2024-08-27,SYN-STA-02,Standard,1.0,5,99.18,0.0,Online travel agency,Cancelled,27
SYN-B002326,2024-07-09,2024-08-22,2024-08-27,SYN-STA-05,Standard,1.0,5,101.26,506.3,Online travel agency,Completed,44
SYN-B002327,2024-07-18,2024-08-22,2024-08-26,SYN-DEL-01,Deluxe,1.0,4,152.12,608.48,Online travel agency,Completed,35
SYN-B002328,2024-07-04,2024-08-22,2024-08-26,SYN-FAM-03,Family,2.0,4,195.33,781.32, direct ,Completed,49
SYN-B002329,2024-07-20,2024-08-23,2024-08-29,SYN-STA-01,Standard,1.0,6,110.04,0.0,Online travel agency,Cancelled,34
SYN-B002330,2024-08-09,2024-08-23,2024-08-26,SYN-STA-02,Standard,1.0,3,111.59,334.77,Direct,Completed,14
SYN-B002331,2024-08-09,2024-08-23,2024-08-27,SYN-STA-03,Standard,2.0,4,112.08,0.0,Online travel agency,Cancelled,14
SYN-B002332,2024-07-19,2024-08-23,2024-08-25,SYN-STA-08,Standard,1.0,2,117.43,234.86,Online travel agency,Completed,35
SYN-B002333,2024-08-12,2024-08-23,2024-08-28,SYN-DEL-02,Deluxe,1.0,5,168.45,842.25,Direct,Completed,11
SYN-B002334,2024-03-07,2024-08-23,2024-08-26,SYN-DEL-03,Deluxe,2.0,3,149.52,448.56,Online travel agency,Completed,169
SYN-B002335,2024-07-12,2024-08-23,2024-08-26,SYN-FAM-01,Family,4.0,3,232.03,696.09,Online travel agency,Completed,42
SYN-B002336,2024-06-26,2024-08-24,2024-08-28,SYN-STA-03,Standard,1.0,4,115.64,462.56,Online travel agency,Completed,59
SYN-B002337,2024-07-21,2024-08-24,2024-08-28,SYN-STA-06,Standard,1.0,4,118.87,475.48,Direct,Completed,34
SYN-B002338,2024-08-03,2024-08-24,2024-08-26,SYN-STA-09,Standard,2.0,2,116.04,232.08,Online travel agency, completed ,21
SYN-B002339,2024-06-02,2024-08-24,2024-08-27,SYN-DEL-04,Deluxe,2.0,3,161.72,485.16,Direct,Completed,83
SYN-B002340,2024-08-05,2024-08-24,2024-08-26,SYN-DEL-05, deluxe ,,2,161.86,323.72,Online travel agency,Completed,19
SYN-B002341,2024-06-28,2024-08-24,2024-08-26,SYN-FAM-02,Family,4.0,2,208.6,417.2,Direct,Completed,57
SYN-B002342,2024-07-28,2024-08-25,2024-08-28,SYN-STA-01,Standard,2.0,3,96.11,288.33,Online travel agency,Completed,28
SYN-B002343,2024-08-08,2024-08-25,2024-08-28,SYN-STA-08,Standard,1.0,3,106.58,319.74,Direct,Completed,17
SYN-B002344,2024-03-05,2024-08-25,2024-08-31,SYN-STA-10,Standard,2.0,6,100.99,605.94,Online travel agency,Completed,173
SYN-B002345,2024-08-14,2024-08-26,2024-08-30,SYN-STA-02,Standard,2.0,4,101.93,407.72,Travel agent,Completed,12
SYN-B002346,2024-07-23,2024-08-26,2024-08-28,SYN-STA-04,Standard,1.0,2,104.62,0.0,Online travel agency,Cancelled,34
SYN-B002347,2024-08-11,2024-08-26,2024-08-29,SYN-STA-07,Standard,2.0,3,105.9,317.7,Online travel agency,Completed,15
SYN-B002348,2024-08-17,2024-08-26,2024-08-31,SYN-FAM-01,Family,4.0,5,186.42,932.1,Online travel agency,Completed,9
SYN-B002349,2024-08-18,2024-08-26,2024-08-27,SYN-FAM-02,Family,1.0,1,206.92,0.0,Online travel agency,Cancelled,8
SYN-B002350,2024-07-22,2024-08-26,2024-08-29,SYN-FAM-03,Family,2.0,3,198.64,595.92,Online travel agency,Completed,35
SYN-B002351,2024-08-09,2024-08-27,2024-08-31,SYN-STA-09,Standard,2.0,4,102.72,410.88,Direct,Completed,18
SYN-B002352,2024-08-20,2024-08-27,2024-08-29,SYN-DEL-01,Deluxe,2.0,2,153.96,307.92,Direct,Completed,7
SYN-B002353,2024-02-29,2024-08-27,2024-08-29,SYN-DEL-03,Deluxe,1.0,2,146.1,292.2,Online travel agency,Completed,180
SYN-B002354,2024-06-02,2024-08-27,2024-09-01,SYN-DEL-04,Deluxe,2.0,5,144.99,724.95,Online travel agency,Completed,86
SYN-B002355,2024-07-08,2024-08-27,2024-09-01,SYN-FAM-02,Family,3.0,5,203.2,1016.0,Online travel agency,Completed,50
SYN-B002356,2024-08-23,2024-08-28,2024-09-02,SYN-STA-01,Standard,1.0,5,98.65,493.25,Travel agent,Completed,5
SYN-B002357,2024-08-20,2024-08-28,2024-09-01,SYN-STA-03,Standard,1.0,4,102.79,411.16,Online travel agency,Completed,8
SYN-B002358,2024-07-08,2024-08-28,2024-09-01,SYN-STA-04,Standard,2.0,4,107.83,431.32,Travel agent,Completed,51
SYN-B002359,2024-08-08,2024-08-28,2024-08-31,SYN-STA-06,Standard,1.0,3,106.13,318.39,Direct,Completed,20
SYN-B002360,2024-08-03,2024-08-28,2024-08-31,SYN-STA-08,Standard,2.0,3,107.48,0.0,Online travel agency,Cancelled,25
SYN-B002361,2024-05-13,2024-08-28,2024-08-30,SYN-DEL-02,Deluxe,2.0,2,145.53,291.06,Direct,Completed,107
SYN-B002362,2024-08-02,2024-08-28,2024-09-02,SYN-DEL-05,Deluxe,2.0,5,141.99,709.95,Direct,Completed,26
SYN-B002363,2024-07-18,2024-08-29,2024-09-05,SYN-STA-05,Standard,2.0,7,101.63,711.41, direct ,Completed,42
SYN-B002364,2024-08-05,2024-08-29,2024-09-02,SYN-STA-07,Standard,1.0,4,99.34,0.0,Online travel agency,Cancelled,24
SYN-B002365,2024-06-11,2024-08-29,2024-09-01,SYN-DEL-01,Deluxe,2.0,3,136.09,-1.0,Direct,Completed,79
SYN-B002366,2024-07-26,2024-08-29,2024-08-31,SYN-DEL-03,Deluxe,2.0,2,153.23,0.0,Online travel agency,Cancelled,34
SYN-B002367,2024-08-03,2024-08-30,2024-09-02,SYN-STA-02,Standard,2.0,3,111.94,335.82,Online travel agency,Completed,27
SYN-B002368,2024-08-24,2024-08-30,2024-09-03,SYN-STA-08,Standard,1.0,-1,120.98,483.92,Online travel agency,Completed,6
SYN-B002369,2024-07-15,2024-08-30,2024-09-05,SYN-DEL-03,Deluxe,2.0,6,167.12,1002.72,Direct,Completed,46
SYN-B002370,2024-08-13,2024-08-30,2024-08-31,SYN-FAM-03,Family,1.0,1,211.24,211.24,Online travel agency,Completed,17
SYN-B002371,2024-08-11,2024-08-31,2024-09-05,SYN-STA-06,Standard,1.0,5,120.21,0.0,Online travel agency,Cancelled,20
SYN-B002372,2024-08-01,2024-08-31,2024-09-05,SYN-STA-09,Standard,2.0,5,110.62,553.1,Online travel agency,Completed,30
SYN-B002373,2024-08-08,2024-08-31,2024-09-01,SYN-STA-10,Standard,2.0,1,120.52,120.52,Direct,Completed,23
SYN-B002374,2024-06-28,2024-08-31,2024-09-03,SYN-DEL-02,Deluxe,1.0,3,153.11,0.0,Online travel agency,Cancelled,64
SYN-B002375,2024-08-14,2024-08-31,2024-09-02,SYN-FAM-01,Family,2.0,2,230.26,460.52,Travel agent,Completed,17
SYN-B002376,2024-05-27,2024-08-31,2024-09-04,SYN-FAM-03,Family,3.0,4,207.05,828.2,Direct,Completed,96
SYN-B002377,2024-07-23,2024-09-01,2024-09-03,SYN-STA-03,Standard,1.0,2,83.67,167.34,Online travel agency,Completed,40
SYN-B002378,2024-08-21,2024-09-01,2024-09-03,SYN-STA-04, standard ,2.0,2,80.47,0.0,Online travel agency,Cancelled,11
SYN-B002379,2024-08-24,2024-09-01,2024-09-03,SYN-STA-06,Standard,2.0,2,82.94,165.88,Online travel agency,Completed,8
SYN-B002380,2024-08-26,2024-09-01,2024-09-03,SYN-DEL-01,Deluxe,1.0,2,112.31,0.0,Online travel agency,Cancelled,6
SYN-B002381,2024-07-29,2024-09-01,2024-09-04,SYN-DEL-04,Deluxe,1.0,3,115.87,347.61,Direct,Completed,34
SYN-B002382,2024-08-27,2024-09-01,2024-09-04,SYN-FAM-02,Family,1.0,3,146.85,0.0,Direct,Cancelled,5
SYN-B002383,2024-08-24,2024-09-02,2024-09-03,SYN-STA-02,Standard,2.0,1,81.17,81.17, online travel agency ,Completed,9
SYN-B002384,2024-08-13,2024-09-02,2024-09-05,SYN-STA-07,Standard,1.0,3,83.11,249.33,Direct,Completed,20
SYN-B002385,2024-08-28,2024-09-02,2024-09-04,SYN-FAM-02,Family,4.0,2,159.22,318.44,Direct,Completed,5
SYN-B002386,2024-08-20,2024-09-03,2024-09-06,SYN-STA-01,Standard,1.0,3,77.74,-1.0,Direct,Completed,14
SYN-B002387,2024-06-29,2024-09-03,2024-09-05,SYN-STA-03,Standard,1.0,2,79.98,159.96,Direct,Completed,66
SYN-B002388,2024-08-26,2024-09-03,2024-09-05,SYN-STA-04,Standard,2.0,2,78.15,156.3,Direct,Completed,8
SYN-B002389,2024-08-04,2024-09-03,2024-09-06,SYN-STA-06,Standard,2.0,3,81.96,245.88,Direct,Completed,30
SYN-B002390,2024-08-15,2024-09-03,2024-09-05,SYN-DEL-01,Deluxe,1.0,2,117.35,234.7,Online travel agency,Completed,19
SYN-B002391,2024-07-28,2024-09-03,2024-09-05,SYN-DEL-05,Deluxe,1.0,2,115.85,0.0,Online travel agency,Cancelled,37
SYN-B002392,2024-08-15,2024-09-04,2024-09-06,SYN-STA-08,Standard,2.0,2,82.31,164.62,Direct,Completed,20
SYN-B002393,2024-07-28,2024-09-04,2024-09-07,SYN-STA-10,Standard,2.0,3,82.06,246.18,Direct,Completed,38
SYN-B002394,2024-08-21,2024-09-04,2024-09-07,SYN-FAM-01, family ,3.0,3,161.52,484.56,Travel agent,Completed,14
SYN-B002395,2024-08-16,2024-09-04,2024-09-07,SYN-FAM-03,Family,1.0,3,158.95,476.85,Direct,Completed,19
SYN-B002396,2024-08-30,2024-09-05,2024-09-07,SYN-STA-02,Standard,2.0,2,78.26,156.52,Online travel agency,Completed,6
SYN-B002397,2024-08-26,2024-09-05,2024-09-06,SYN-STA-03,Standard,2.0,1,78.08,78.08,Direct,Completed,10
SYN-B002398,2024-08-02,2024-09-05,2024-09-06,SYN-STA-04,Standard,2.0,1,81.32,81.32,Direct,Completed,34
SYN-B002399,2024-08-31,2024-09-05,2024-09-08,SYN-STA-05,Standard,2.0,3,76.01,0.0,Direct,Cancelled,5
SYN-B002400,2024-07-16,2024-09-05,2024-09-08,SYN-STA-07,Standard,2.0,3,85.05,255.15,Direct,Completed,51
SYN-B002401,2024-07-20,2024-09-05,2024-09-11,SYN-DEL-01,Deluxe,1.0,6,114.43,686.58,Online travel agency,Completed,47
SYN-B002402,2024-08-30,2024-09-05,2024-09-06,SYN-DEL-02,Deluxe,1.0,1,112.25,112.25,Online travel agency,Completed,6
SYN-B002403,2024-08-30,2024-09-05,2024-09-09,SYN-DEL-03,Deluxe,2.0,4,119.55,478.2,Direct,Completed,6
SYN-B002404,2024-08-06,2024-09-05,2024-09-08,SYN-DEL-04,Deluxe,1.0,3,123.51,0.0,Online travel agency,Cancelled,30
SYN-B002405,2024-08-24,2024-09-05,2024-09-07,SYN-FAM-02,Family,2.0,2,163.0,326.0,Direct,Completed,12
SYN-B002406,2024-08-24,2024-09-06,2024-09-09,SYN-STA-01,Standard,2.0,3,95.37,286.11,Online travel agency,Completed,13
SYN-B002407,2024-08-15,2024-09-06,2024-09-09,SYN-STA-03,Standard,2.0,3,88.83,266.49,Travel agent,Completed,22
SYN-B002408,2024-08-20,2024-09-06,2024-09-07,SYN-STA-04,Standard,1.0,1,91.49,0.0,Online travel agency,Cancelled,17
SYN-B002409,2024-08-30,2024-09-06,2024-09-09,SYN-STA-09,Standard,1.0,3,86.96,260.88,Online travel agency,Completed,7
SYN-B002410,2024-08-23,2024-09-06,2024-09-07,SYN-DEL-04,Deluxe,1.0,1,127.33,0.0,Online travel agency,Cancelled,14
SYN-B002411,2024-08-30,2024-09-07,2024-09-10,SYN-STA-04,Standard,1.0,3,87.65,262.95,Online travel agency,Completed,8
SYN-B002412,2024-08-31,2024-09-07,2024-09-10,SYN-STA-06,Standard,1.0,3,86.83,260.49,Online travel agency,Completed,7
SYN-B002413,2024-08-27,2024-09-07,2024-09-08,SYN-STA-08,Standard,2.0,1,85.86,85.86,Online travel agency,Completed,11
SYN-B002414,2024-09-04,2024-09-07,2024-09-11,SYN-STA-10,Standard,2.0,4,84.65,0.0, online travel agency ,Cancelled,3
SYN-B002415,2024-08-26,2024-09-07,2024-09-09,SYN-DEL-04,Deluxe,1.0,2,124.88,249.76,Online travel agency,Completed,12
SYN-B002416,2024-09-01,2024-09-07,2024-09-08,SYN-FAM-02,Family,1.0,1,170.3,170.3,Direct,Completed,-1
SYN-B002417,2024-09-04,2024-09-07,2024-09-09,SYN-FAM-03,Family,2.0,2,181.74,363.48,Direct,Completed,3
SYN-B002418,2024-08-06,2024-09-08,2024-09-09,SYN-STA-02,Standard,2.0,1,83.11,83.11,Online travel agency,Completed,33
SYN-B002419,2024-08-22,2024-09-08,2024-09-11,SYN-STA-05,Standard,2.0,3,77.41,232.23,Direct,Completed,17
SYN-B002420,2024-07-27,2024-09-08,2024-09-11,SYN-STA-10,Standard,2.0,3,79.0,237.0,Direct,Completed,43
SYN-B002421,2024-08-17,2024-09-09,2024-09-12,SYN-STA-03,Standard,2.0,3,78.13,234.39,Direct,Completed,23
SYN-B002422,2024-09-04,2024-09-09,2024-09-14,SYN-STA-07,Standard,1.0,5,82.58,412.9,Online travel agency,Completed,5
SYN-B002423,2024-06-25,2024-09-09,2024-09-12,SYN-STA-08,Standard,2.0,3,77.78,233.34,Online travel agency,Completed,76
SYN-B002424,2024-09-02,2024-09-09,2024-09-12,SYN-DEL-02,Deluxe,2.0,3,117.22,351.66,Direct,Completed,7
SYN-B002425,2024-09-06,2024-09-09,2024-09-11,SYN-DEL-04,Deluxe,1.0,2,112.67,225.34,Direct,Completed,3
SYN-B002426,2024-07-27,2024-09-09,2024-09-10,SYN-DEL-05,Deluxe,1.0,1,123.0,123.0,Travel agent,Completed,44
SYN-B002427,2024-09-01,2024-09-09,2024-09-13,SYN-FAM-01,Family,3.0,4,153.7,614.8,Direct,Completed,8
SYN-B002428,2024-07-19,2024-09-09,2024-09-12,SYN-FAM-03,Family,2.0,3,150.36,451.08,Direct,Completed,52
SYN-B002429,2024-08-17,2024-09-10,2024-09-13,SYN-STA-01,Standard,2.0,3,77.18,231.54,Online travel agency,Completed,24
SYN-B002430,2024-08-13,2024-09-10,2024-09-11,SYN-STA-02,Standard,1.0,1,78.74,78.74,Online travel agency,Completed,28
SYN-B002431,2024-08-19,2024-09-10,2024-09-11,SYN-STA-06,Standard,1.0,1,81.54,81.54,Online travel agency,Completed,22
SYN-B002432,2024-07-30,2024-09-10,2024-09-14,SYN-STA-09,Standard,2.0,4,78.59,314.36,Travel agent,Completed,42
SYN-B002433,2024-09-01,2024-09-10,2024-09-11,SYN-DEL-03,Deluxe,1.0,1,113.05,113.05,Online travel agency,Completed,9
SYN-B002434,2024-08-04,2024-09-10,2024-09-12,SYN-FAM-02,Family,3.0,2,162.14,324.28,Direct,Completed,37
SYN-B002435,2024-09-05,2024-09-11,2024-09-15,SYN-STA-02,Standard,2.0,4,76.44,305.76,Online travel agency, completed ,6
SYN-B002436,2024-08-10,2024-09-11,2024-09-13,SYN-STA-10,Standard,2.0,2,76.13,152.26,Online travel agency,Completed,32
SYN-B002437,2024-08-26,2024-09-12,2024-09-13,SYN-STA-04, standard ,1.0,1,78.76,78.76,Direct,Completed,17
SYN-B002438,2024-09-09,2024-09-12,2024-09-16,SYN-STA-05, standard ,1.0,4,81.46,325.84,Online travel agency,Completed,3
SYN-B002439,2024-06-07,2024-09-12,2024-09-15,SYN-STA-08,Standard,1.0,3,79.34,238.02,Online travel agency,Completed,97
SYN-B002440,2024-08-10,2024-09-12,2024-09-13,SYN-DEL-03,Deluxe,2.0,1,122.29,122.29,Online travel agency,Completed,33
SYN-B002441,2024-09-08,2024-09-12,2024-09-16,SYN-DEL-04,Deluxe,1.0,4,112.97,451.88,Online travel agency,Completed,4
SYN-B002442,2024-09-05,2024-09-12,2024-09-15,SYN-DEL-05,Deluxe,1.0,3,121.52,364.56,Direct,Completed,7
SYN-B002443,2024-08-28,2024-09-13,2024-09-14,SYN-STA-10,Standard,2.0,1,86.91,0.0,Online travel agency,Cancelled,16
SYN-B002444,2024-06-26,2024-09-13,2024-09-17,SYN-DEL-01,Deluxe,2.0,4,125.98,503.92,Online travel agency,Completed,79
SYN-B002445,2024-09-10,2024-09-13,2024-09-18,SYN-DEL-02,Deluxe,2.0,5,138.51,0.0,Online travel agency,Cancelled,3
SYN-B002446,2024-08-23,2024-09-13,2024-09-15,SYN-DEL-03,Deluxe,2.0,2,124.97,249.94,Direct,Completed,21
SYN-B002447,2024-08-02,2024-09-13,2024-09-17,SYN-FAM-01,Family,3.0,4,173.12,692.48,Online travel agency,Completed,42
SYN-B002448,2024-08-16,2024-09-13,2024-09-16,SYN-FAM-02,Family,4.0,3,172.51,0.0,Online travel agency,Cancelled,28
SYN-B002449,2024-07-29,2024-09-13,2024-09-17,SYN-FAM-03,Family,1.0,4,165.96,0.0,Online travel agency,Cancelled,46
SYN-B002450,2024-08-23,2024-09-14,2024-09-16,SYN-STA-01,Standard,1.0,2,95.06,190.12,Online travel agency,Completed,22
SYN-B002451,2024-07-22,2024-09-14,2024-09-15,SYN-STA-03,Standard,2.0,1,91.32,91.32,Online travel agency,Completed,54
SYN-B002452,2024-09-02,2024-09-14,2024-09-17,SYN-STA-10,Standard,2.0,3,90.6,271.8,Online travel agency,Completed,12
SYN-B002453,2024-09-01,2024-09-14,2024-09-18,SYN-DEL-02,Deluxe,1.0,4,136.1,544.4,Online travel agency,Completed,13
SYN-B002454,2024-08-23,2024-09-14,2024-09-20,SYN-FAM-02,Family,4.0,6,170.31,1021.86,Direct,Completed,22
SYN-B002455,2024-09-02,2024-09-15,2024-09-16,SYN-STA-03,Standard,2.0,1,75.84,75.84,Online travel agency,Completed,13
SYN-B002456,2024-08-06,2024-09-15,2024-09-17,SYN-STA-04,Standard,1.0,2,76.66,153.32,Online travel agency,Completed,40
SYN-B002457,2024-09-12,2024-09-15,2024-09-16,SYN-STA-06,Standard,1.0,1,81.18,81.18,Direct,Completed,3
SYN-B002458,2024-08-12,2024-09-15,2024-09-17,SYN-DEL-03,Deluxe,1.0,2,113.85,227.7,Direct,Completed,34
SYN-B002459,2024-09-09,2024-09-15,2024-09-18,SYN-DEL-05,Deluxe,1.0,3,121.1,363.3,Travel agent,Completed,6
SYN-B002460,2024-08-18,2024-09-16,2024-09-19,SYN-STA-01,Standard,1.0,3,80.22,240.66,Online travel agency,Completed,29
SYN-B002461,2024-08-18,2024-09-16,2024-09-19,SYN-STA-02,Standard,1.0,3,80.55,241.65,Direct,Completed,29
SYN-B002462,2024-09-07,2024-09-16,2024-09-17,SYN-STA-03,Standard,1.0,1,82.69,82.69,Direct,Completed,9
SYN-B002463,2024-09-14,2024-09-16,2024-09-18,SYN-STA-05,Standard,1.0,2,78.18,156.36,Online travel agency,Completed,2
SYN-B002464,2024-09-06,2024-09-16,2024-09-17,SYN-STA-06,Standard,1.0,1,85.02,85.02,Online travel agency,Completed,10
SYN-B002465,2024-08-29,2024-09-16,2024-09-19,SYN-STA-08,Standard,2.0,3,79.39,238.17,Travel agent,Completed,18
SYN-B002466,2024-08-23,2024-09-16,2024-09-17,SYN-FAM-03,Family,4.0,1,150.92,150.92,Online travel agency,Completed,24
SYN-B002467,2024-09-01,2024-09-17,2024-09-18,SYN-STA-03,Standard,2.0,1,75.96,75.96,Online travel agency, completed ,16
SYN-B002468,2024-09-11,2024-09-17,2024-09-19,SYN-STA-07,Standard,1.0,2,78.06,156.12,Direct,Completed,6
SYN-B002469,2024-08-22,2024-09-17,2024-09-19,SYN-STA-09,Standard,2.0,2,83.15,166.3,Online travel agency,Completed,26
SYN-B002470,2024-09-07,2024-09-17,2024-09-18,SYN-STA-10,Standard,1.0,1,76.8,76.8,Direct,Completed,10
SYN-B002471,2024-09-11,2024-09-17,2024-09-19,SYN-DEL-03,Deluxe,1.0,2,121.05,242.1,Direct,Completed,6
SYN-B002472,2024-09-03,2024-09-17,2024-09-18,SYN-DEL-04,Deluxe,2.0,1,115.6,115.6,Direct,Completed,14
SYN-B002473,2024-08-11,2024-09-18,2024-09-20,SYN-STA-03,Standard,1.0,2,76.98,153.96,Online travel agency,Completed,38
SYN-B002474,2024-09-04,2024-09-18,2024-09-19,SYN-STA-04,Standard,,1,83.98,83.98,Online travel agency,Completed,14
SYN-B002475,2024-09-12,2024-09-18,2024-09-20,SYN-STA-06,Standard,1.0,2,83.97,0.0,Travel agent,Cancelled,6
SYN-B002476,2024-09-05,2024-09-18,2024-09-22,SYN-STA-10,Standard,2.0,4,84.01,336.04,Direct,Completed,13
SYN-B002477,2024-09-11,2024-09-18,2024-09-22,SYN-DEL-05,Deluxe,2.0,4,117.46,469.84,Travel agent,Completed,7
SYN-B002478,2024-09-05,2024-09-19,2024-09-22,SYN-STA-05,Standard,2.0,3,77.75,233.25,Online travel agency,Completed,14
SYN-B002479,2024-09-14,2024-09-19,2024-09-22,SYN-STA-07,Standard,1.0,3,79.29,237.87,Direct,Completed,5
SYN-B002480,2024-09-05,2024-09-19,2024-09-22,SYN-DEL-03,Deluxe,2.0,3,119.19,357.57,Online travel agency,Completed,14
SYN-B002481,2024-09-06,2024-09-19,2024-09-21,SYN-FAM-01,Family,4.0,2,150.84,-1.0,Online travel agency,Completed,13
SYN-B002482,2024-09-06,2024-09-20,2024-09-22,SYN-STA-01,Standard,2.0,2,91.72,183.44,Direct,Completed,14
SYN-B002483,2024-08-05,2024-09-20,2024-09-25,SYN-STA-04,Standard,2.0,5,87.34,436.7,Direct,Completed,46
SYN-B002484,2024-09-16,2024-09-20,2024-09-22,SYN-DEL-01,Deluxe,1.0,2,130.14,260.28,Online travel agency,Completed,4
SYN-B002485,2024-09-04,2024-09-20,2024-09-23,SYN-FAM-02, family ,2.0,3,168.16,504.48,Online travel agency,Completed,16
SYN-B002486,2024-09-08,2024-09-21,2024-09-23,SYN-STA-08,Standard,2.0,2,84.92,0.0,Travel agent,Cancelled,13
SYN-B002487,2024-09-11,2024-09-21,2024-09-24,SYN-STA-09,Standard,1.0,3,87.1,261.3,Online travel agency,Completed,10
SYN-B002488,2024-09-11,2024-09-21,2024-09-24,SYN-DEL-04,Deluxe,1.0,3,125.24,375.72,Online travel agency,Completed,10
SYN-B002489,2024-09-10,2024-09-21,2024-09-25,SYN-FAM-01,Family,1.0,4,168.67,674.68,Direct,Completed,11
SYN-B002490,2024-08-15,2024-09-22,2024-09-23,SYN-STA-03,Standard,2.0,1,78.23,78.23,Direct,Completed,38
SYN-B002491,2024-05-24,2024-09-22,2024-09-24,SYN-STA-08,Standard,1.0,2,77.25,-1.0,Online travel agency,Completed,121
SYN-B002492,2024-09-01,2024-09-22,2024-09-24,SYN-STA-10,Standard,2.0,2,79.31,-1.0,Online travel agency,Cancelled,21
SYN-B002493,2024-09-15,2024-09-22,2024-09-24,SYN-DEL-01,Deluxe,2.0,2,114.59,229.18,Direct,Completed,7
SYN-B002494,2024-09-15,2024-09-22,2024-09-23,SYN-DEL-03,Deluxe,2.0,1,114.62,114.62,Online travel agency,Completed,7
SYN-B002495,2024-08-30,2024-09-23,2024-09-24,SYN-STA-02,Standard,2.0,1,75.9,75.9,Online travel agency,Completed,24
SYN-B002496,2024-03-27,2024-09-23,2024-09-28,SYN-STA-10,Standard,2.0,5,78.96,394.8,Travel agent,Completed,180
SYN-B002497,2024-09-06,2024-09-23,2024-09-27,SYN-DEL-05,Deluxe,,4,122.0,488.0,Direct,Completed,17
SYN-B002498,2024-09-15,2024-09-23,2024-09-26,SYN-FAM-02,Family,2.0,3,157.21,471.63,Online travel agency,Completed,8
SYN-B002499,2024-09-19,2024-09-24,2024-09-25,SYN-STA-01,Standard,,1,82.18,82.18,Online travel agency,Completed,5
SYN-B002500,2024-09-16,2024-09-24,2024-09-26,SYN-STA-03,Standard,2.0,2,79.54,159.08,Online travel agency,Completed,8
SYN-B002501,2024-09-16,2024-09-24,2024-09-28,SYN-STA-05,Standard,2.0,4,83.29,333.16,Direct,Completed,8
SYN-B002502,2024-09-09,2024-09-24,2024-09-27,SYN-STA-07,Standard,2.0,3,75.82,227.46,Direct,Completed,15
SYN-B002503,2024-09-19,2024-09-24,2024-09-26,SYN-STA-08,Standard,1.0,2,79.11,158.22,Online travel agency,Completed,5
SYN-B002504,2024-09-11,2024-09-24,2024-09-27,SYN-DEL-02,Deluxe,2.0,3,114.61,343.83,Travel agent,Completed,13
SYN-B002505,2024-09-14,2024-09-24,2024-09-28,SYN-DEL-04,Deluxe,1.0,4,114.12,456.48,Online travel agency,Completed,10
SYN-B002506,2024-09-23,2024-09-25,2024-09-30,SYN-STA-01,Standard,1.0,5,84.35,421.75,Travel agent,Completed,2
SYN-B002507,2024-07-19,2024-09-25,2024-09-28,SYN-STA-02,Standard,2.0,3,76.26,228.78,Online travel agency,Completed,68
SYN-B002508,2024-09-14,2024-09-25,2024-09-26,SYN-STA-04,Standard,1.0,1,81.88,81.88,Online travel agency,Completed,11
SYN-B002509,2024-08-28,2024-09-25,2024-09-26,SYN-STA-09,Standard,1.0,1,77.8,77.8,Direct, completed ,28
SYN-B002510,2024-09-04,2024-09-25,2024-09-29,SYN-DEL-01,Deluxe,2.0,4,120.12,480.48,Direct,Completed,21
SYN-B002511,2024-09-18,2024-09-25,2024-09-26,SYN-DEL-03,Deluxe,2.0,1,114.67,114.67,Online travel agency,Completed,7
SYN-B002512,2024-07-01,2024-09-26,2024-09-29,SYN-STA-03,Standard,1.0,3,73.87,221.61,Online travel agency,Completed,87
SYN-B002513,2024-09-12,2024-09-26,2024-09-28,SYN-STA-06,Standard,1.0,2,78.43,156.86,Online travel agency,Completed,14
SYN-B002514,2024-08-29,2024-09-26,2024-09-27,SYN-DEL-03,Deluxe,2.0,1,113.46,113.46,Online travel agency,Completed,28
SYN-B002515,2024-09-12,2024-09-27,2024-09-30,SYN-STA-04,Standard,1.0,3,85.74,257.22,Direct,Completed,15
SYN-B002516,2024-09-05,2024-09-27,2024-10-04,SYN-STA-08,Standard,2.0,7,88.83,621.81,Online travel agency,Completed,22
SYN-B002517,2024-09-10,2024-09-27,2024-10-01,SYN-STA-09,Standard,2.0,4,85.26,341.04,Direct,Completed,17
SYN-B002518,2024-09-13,2024-09-27,2024-09-30,SYN-DEL-02,Deluxe,1.0,3,138.87,416.61,Online travel agency,Completed,14
SYN-B002519,2024-09-24,2024-09-27,2024-10-01,SYN-DEL-03,Deluxe,2.0,4,134.38,537.52,Travel agent,Completed,3
SYN-B002520,2024-08-29,2024-09-27,2024-09-29,SYN-DEL-05,Deluxe,1.0,2,131.01,0.0,Direct,Cancelled,29
SYN-B002521,2024-09-26,2024-09-27,2024-09-30,SYN-FAM-01,Family,4.0,3,169.64,508.92,Direct,Completed,1
SYN-B002522,2024-09-19,2024-09-27,2024-09-28,SYN-FAM-03,Family,3.0,1,183.43,183.43,Direct,Completed,8
SYN-B002523,2024-09-20,2024-09-28,2024-10-02,SYN-STA-02,Standard,1.0,4,91.0,364.0,Direct, completed ,8
SYN-B002524,2024-09-15,2024-09-28,2024-10-01,SYN-STA-05,Standard,1.0,3,86.86,260.58,Direct,Completed,13
SYN-B002525,2024-09-10,2024-09-28,2024-09-30,SYN-STA-07,Standard,2.0,2,86.69,173.38,Direct,Completed,18
SYN-B002526,2024-09-18,2024-09-28,2024-10-02,SYN-DEL-04,Deluxe,,4,128.53,514.12,Online travel agency,Completed,10
SYN-B002527,2024-09-24,2024-09-28,2024-09-30,SYN-DEL-05,Deluxe,1.0,2,127.97,255.94,Online travel agency,Completed,4
SYN-B002528,2024-08-18,2024-09-28,2024-09-29,SYN-FAM-02,Family,4.0,1,164.91,-1.0,Direct,Completed,41
SYN-B002529,2024-08-15,2024-09-29,2024-10-03,SYN-STA-06,Standard,2.0,4,83.95,0.0,Direct,Cancelled,45
SYN-B002530,2024-08-19,2024-09-29,2024-10-02,SYN-DEL-01,Deluxe,1.0,3,120.28,360.84,Direct,Completed,41
SYN-B002531,2024-09-24,2024-09-30,2024-10-03,SYN-STA-01,Standard,1.0,3,78.98,236.94,Online travel agency,Completed,6
SYN-B002532,2024-09-09,2024-09-30,2024-10-02,SYN-STA-03,Standard,2.0,2,79.74,0.0,Direct,Cancelled,21
SYN-B002533,2024-08-30,2024-09-30,2024-10-05,SYN-STA-04,Standard,2.0,5,83.34,416.7,Direct,Completed,31
SYN-B002534,2024-08-25,2024-09-30,2024-10-01,SYN-STA-06,Standard,1.0,1,76.59,76.59,Direct,Completed,36
SYN-B002535,2024-09-24,2024-09-30,2024-10-03,SYN-STA-07,Standard,1.0,3,80.4,241.2,Direct,Completed,6
SYN-B002536,2024-09-15,2024-09-30,2024-10-01,SYN-DEL-05,Deluxe,2.0,1,123.39,0.0,Online travel agency,Cancelled,15
SYN-B002537,2024-09-18,2024-10-01,2024-10-05,SYN-FAM-01,Family,4.0,4,150.61,602.44,Direct, completed ,13
SYN-B002538,2024-09-20,2024-10-01,2024-10-03,SYN-FAM-02, family ,2.0,2,162.68,325.36,Online travel agency,Completed,11
SYN-B002539,2024-08-28,2024-10-02,2024-10-06,SYN-STA-02,Standard,2.0,4,77.28,309.12,Online travel agency,Completed,35
SYN-B002540,2024-09-07,2024-10-02,2024-10-04,SYN-STA-03,Standard,2.0,2,83.03,166.06,Online travel agency,Completed,25
SYN-B002541,2024-09-26,2024-10-02,2024-10-05,SYN-STA-06,Standard,1.0,3,84.45,253.35,Direct,Completed,6
SYN-B002542,2024-09-02,2024-10-02,2024-10-04,SYN-STA-10,Standard,2.0,2,77.4,154.8,Direct,Completed,30
SYN-B002543,2024-09-16,2024-10-02,2024-10-04,SYN-DEL-01,Deluxe,2.0,2,114.54,229.08,Online travel agency,Completed,16
SYN-B002544,2024-09-26,2024-10-02,2024-10-04,SYN-DEL-02,Deluxe,1.0,2,120.24,240.48,Online travel agency,Completed,6
SYN-B002545,2024-08-15,2024-10-03,2024-10-04,SYN-STA-05,Standard,1.0,1,80.68,80.68,Direct,Completed,49
SYN-B002546,2024-09-28,2024-10-03,2024-10-05,SYN-STA-07,Standard,2.0,2,81.79,163.58,Online travel agency,Completed,5
SYN-B002547,2024-09-22,2024-10-04,2024-10-07,SYN-STA-03,Standard,2.0,3,91.44,274.32,Online travel agency,Completed,12
SYN-B002548,2024-09-27,2024-10-04,2024-10-06,SYN-STA-08,Standard,1.0,2,86.17,0.0,Online travel agency,Cancelled,7
SYN-B002549,2024-09-13,2024-10-04,2024-10-06,SYN-STA-10,Standard,2.0,2,87.39,174.78,Direct,Completed,21
SYN-B002550,2024-09-30,2024-10-04,2024-10-06,SYN-DEL-03,Deluxe,2.0,2,133.63,0.0,Direct,Cancelled,4
SYN-B002551,2024-09-23,2024-10-04,2024-10-08,SYN-DEL-04,Deluxe,1.0,4,128.96,515.84,Direct,Completed,11
SYN-B002552,2024-09-27,2024-10-05,2024-10-06,SYN-STA-01,Standard,1.0,1,89.22,89.22,Travel agent,Completed,8
SYN-B002553,2024-06-28,2024-10-05,2024-10-08,SYN-STA-04,Standard,1.0,3,89.34,268.02,Online travel agency,Completed,99
SYN-B002554,2024-09-07,2024-10-05,2024-10-09,SYN-STA-08,Standard,,4,91.51,366.04,Travel agent,Completed,28
SYN-B002555,2024-08-30,2024-10-05,2024-10-07,SYN-DEL-03,Deluxe,2.0,2,137.85,275.7,Direct,Completed,36
SYN-B002556,2024-08-27,2024-10-05,2024-10-08,SYN-DEL-05,Deluxe,1.0,3,129.16,387.48,Direct,Completed,39
SYN-B002557,2024-09-22,2024-10-05,2024-10-08,SYN-FAM-03,Family,2.0,3,178.23,0.0,Online travel agency,Cancelled,13
SYN-B002558,2024-08-25,2024-10-06,2024-10-10,SYN-DEL-01,Deluxe,2.0,4,124.19,496.76,Travel agent,Completed,42
SYN-B002559,2024-05-14,2024-10-08,2024-10-10,SYN-DEL-03,Deluxe,1.0,2,107.66,215.32,Travel agent,Completed,147
SYN-B002560,2024-08-28,2024-10-09,2024-10-12,SYN-STA-07,Standard,1.0,3,76.35,229.05, online travel agency ,Completed,42
SYN-B002561,2024-09-15,2024-10-09,2024-10-14,SYN-STA-09,Standard,1.0,5,79.65,0.0,Direct,Cancelled,24
SYN-B002562,2024-10-02,2024-10-09,2024-10-13,SYN-DEL-04,Deluxe,1.0,4,121.5,486.0,Online travel agency,Completed,7
SYN-B002563,2024-08-12,2024-10-09,2024-10-11,SYN-FAM-01,Family,2.0,2,156.29,312.58,Direct,Completed,58
SYN-B002564,2024-06-30,2024-10-10,2024-10-12,SYN-STA-06,Standard,2.0,2,72.17,144.34,Online travel agency,Completed,102
SYN-B002565,2024-09-20,2024-10-10,2024-10-12,SYN-STA-08,Standard,1.0,2,83.73,167.46,Travel agent,Completed,20
SYN-B002566,2024-10-07,2024-10-10,2024-10-14,SYN-DEL-05,Deluxe,2.0,4,117.71,470.84,Online travel agency,Completed,3
SYN-B002567,2024-10-07,2024-10-11,2024-10-13,SYN-STA-02,Standard,2.0,2,92.46,184.92,Online travel agency,Completed,4
SYN-B002568,2024-09-21,2024-10-11,2024-10-13,SYN-STA-04,Standard,2.0,2,93.15,186.3,Online travel agency,Completed,20
SYN-B002569,2024-10-07,2024-10-11,2024-10-13,SYN-STA-05, standard ,1.0,2,92.05,184.1,Direct,Completed,4
SYN-B002570,2024-09-26,2024-10-11,2024-10-15,SYN-STA-09,Standard,2.0,4,92.27,369.08,Direct,Completed,15
SYN-B002571,2024-09-11,2024-10-11,2024-10-16,SYN-STA-10,Standard,2.0,5,93.03,465.15,Online travel agency,Completed,30
SYN-B002572,2024-09-11,2024-10-11,2024-10-13,SYN-DEL-03,Deluxe,2.0,2,139.54,279.08,Direct,Completed,30
SYN-B002573,2024-09-21,2024-10-11,2024-10-13,SYN-FAM-01,Family,2.0,2,170.58,341.16,Direct,Completed,20
SYN-B002574,2024-09-24,2024-10-12,2024-10-13,SYN-STA-08,Standard,2.0,1,86.09,86.09,Online travel agency,Completed,18
SYN-B002575,2024-09-29,2024-10-12,2024-10-15,SYN-DEL-01,Deluxe,1.0,3,131.42,394.26,Online travel agency,Completed,-1
SYN-B002576,2024-09-19,2024-10-12,2024-10-18,SYN-DEL-02,Deluxe,2.0,6,134.9,809.4,Online travel agency,Completed,23
SYN-B002577,2024-09-25,2024-10-12,2024-10-14,SYN-FAM-03,Family,1.0,2,166.02,332.04,Direct,Completed,17
SYN-B002578,2024-10-07,2024-10-13,2024-10-14,SYN-STA-08,Standard,2.0,1,84.08,84.08,Direct,Completed,6
SYN-B002579,2024-10-08,2024-10-13,2024-10-15,SYN-DEL-03,Deluxe,2.0,2,122.08,244.16,Direct,Completed,5
SYN-B002580,2024-09-30,2024-10-14,2024-10-18,SYN-STA-02,Standard,2.0,4,78.84,315.36,Online travel agency,Completed,14
SYN-B002581,2024-10-02,2024-10-14,2024-10-21,SYN-STA-05,Standard,2.0,7,78.82,551.74,Direct,Completed,12
SYN-B002582,2024-09-21,2024-10-14,2024-10-16,SYN-STA-06,Standard,1.0,2,84.13,168.26,Online travel agency,Completed,23
SYN-B002583,2024-10-07,2024-10-14,2024-10-16,SYN-DEL-05,Deluxe,1.0,2,121.52,243.04,Travel agent,Completed,7
SYN-B002584,2024-10-04,2024-10-15,2024-10-20,SYN-STA-08,Standard,1.0,5,76.12,380.6,Direct,Completed,11
SYN-B002585,2024-08-22,2024-10-15,2024-10-18,SYN-STA-09,Standard,2.0,3,84.92,254.76,Online travel agency,Completed,54
SYN-B002586,2024-09-04,2024-10-15,2024-10-19,SYN-DEL-01,Deluxe,2.0,4,123.32,0.0,Online travel agency,Cancelled,41
SYN-B002587,2024-10-11,2024-10-15,2024-10-17,SYN-FAM-01,Family,1.0,2,154.16,308.32,Direct,Completed,-1
SYN-B002588,2024-06-30,2024-10-16,2024-10-21,SYN-STA-03,Standard,2.0,5,78.36,391.8,Direct,Completed,108
SYN-B002589,2024-09-27,2024-10-16,2024-10-19,SYN-STA-04,Standard,2.0,3,76.82,0.0,Online travel agency,Cancelled,19
SYN-B002590,2024-09-20,2024-10-16,2024-10-18,SYN-DEL-01,Deluxe,2.0,2,119.75,0.0,Online travel agency,Cancelled,26
SYN-B002591,2024-09-25,2024-10-16,2024-10-20,SYN-FAM-02,Family,2.0,4,150.76,603.04,Online travel agency,Completed,21
SYN-B002592,2024-09-27,2024-10-17,2024-10-19,SYN-STA-01,Standard,1.0,2,79.43,158.86,Direct,Completed,20
SYN-B002593,2024-10-09,2024-10-17,2024-10-19,SYN-DEL-01,Deluxe,2.0,2,118.54,237.08,Online travel agency,Completed,8
SYN-B002594,2024-09-25,2024-10-17,2024-10-19,SYN-DEL-03,Deluxe,1.0,2,123.57,247.14,Direct,Completed,22
SYN-B002595,2024-09-22,2024-10-17,2024-10-20,SYN-DEL-05,Deluxe,2.0,3,120.0,360.0,Direct,Completed,25
SYN-B002596,2024-09-30,2024-10-17,2024-10-18,SYN-FAM-03,Family,3.0,1,147.93,147.93,Direct,Completed,17
SYN-B002597,2024-09-28,2024-10-18,2024-10-20,SYN-STA-02,Standard,2.0,2,91.08,-1.0,Direct,Completed,20
SYN-B002598,2024-09-28,2024-10-18,2024-10-22,SYN-STA-07,Standard,1.0,4,88.53,354.12,Direct,Completed,20
SYN-B002599,2024-10-08,2024-10-18,2024-10-20,SYN-STA-10,Standard,2.0,2,89.13,178.26,Online travel agency,Completed,10
SYN-B002600,2024-10-10,2024-10-18,2024-10-21,SYN-DEL-02,Deluxe,1.0,3,138.79,416.37,Direct,Completed,8
SYN-B002601,2024-09-21,2024-10-18,2024-10-20,SYN-DEL-04,Deluxe,2.0,2,138.62,277.24,Travel agent,Completed,27
SYN-B002602,2024-10-03,2024-10-19,2024-10-22,SYN-FAM-01,Family,4.0,3,170.41,511.23,Online travel agency,Completed,16
SYN-B002603,2024-10-14,2024-10-19,2024-10-20,SYN-FAM-03,Family,4.0,1,180.18,180.18,Direct,Completed,5
SYN-B002604,2024-09-28,2024-10-20,2024-10-22,SYN-STA-10,Standard,1.0,2,75.66,151.32,Online travel agency,Completed,22
SYN-B002605,2024-09-12,2024-10-20,2024-10-21,SYN-FAM-02,Family,4.0,1,148.03,148.03,Online travel agency,Completed,38
SYN-B002606,2024-09-28,2024-10-21,2024-10-24,SYN-STA-04,Standard,2.0,3,79.81,239.43,Online travel agency,Completed,23
SYN-B002607,2024-10-02,2024-10-21,2024-10-24,SYN-STA-09,Standard,1.0,3,82.52,247.56,Travel agent,Completed,19
SYN-B002608,2024-09-18,2024-10-21,2024-10-22,SYN-DEL-01,Deluxe,2.0,1,118.85,118.85,Online travel agency,Completed,33
SYN-B002609,2024-10-02,2024-10-21,2024-10-23,SYN-DEL-03,Deluxe,1.0,2,116.44,232.88,Online travel agency,Completed,19
SYN-B002610,2024-08-28,2024-10-22,2024-10-25,SYN-STA-02,Standard,2.0,3,81.47,244.41,Online travel agency,Completed,55
SYN-B002611,2024-10-14,2024-10-22,2024-10-23,SYN-DEL-01,Deluxe,1.0,1,124.82,124.82,Online travel agency,Completed,8
SYN-B002612,2024-09-09,2024-10-22,2024-10-26,SYN-DEL-02,Deluxe,2.0,4,112.99,451.96,Direct,Completed,43
SYN-B002613,2024-10-10,2024-10-22,2024-10-23,SYN-FAM-01,Family,4.0,1,153.02,153.02,Online travel agency,Completed,12
SYN-B002614,2024-10-14,2024-10-23,2024-10-27,SYN-STA-01,Standard,1.0,-1,79.37,317.48,Online travel agency,Completed,9
SYN-B002615,2024-10-11,2024-10-23,2024-10-24,SYN-STA-05,Standard,2.0,1,82.59,82.59,Online travel agency,Completed,12
SYN-B002616,2024-10-20,2024-10-23,2024-10-27,SYN-STA-06,Standard,2.0,4,81.95,327.8,Online travel agency,Completed,3
SYN-B002617,2024-10-10,2024-10-23,2024-10-27,SYN-FAM-01,Family,1.0,4,148.43,593.72,Travel agent,Completed,13
SYN-B002618,2024-10-14,2024-10-23,2024-10-26,SYN-FAM-03,Family,3.0,3,153.93,461.79,Online travel agency,Completed,9
SYN-B002619,2024-10-13,2024-10-24,2024-10-27,SYN-STA-09,Standard,1.0,3,82.03,246.09,Direct,Completed,11
SYN-B002620,2024-09-28,2024-10-25,2024-10-29,SYN-STA-04,Standard,2.0,4,90.18,360.72,Direct,Completed,27
SYN-B002621,2024-10-20,2024-10-25,2024-10-27,SYN-STA-07,Standard,2.0,2,91.57,183.14,Direct,Completed,5
SYN-B002622,2024-10-21,2024-10-25,2024-10-26,SYN-STA-08,Standard,2.0,1,95.09,95.09,Online travel agency,Completed,4
SYN-B002623,2024-10-16,2024-10-25,2024-10-29,SYN-STA-10,Standard,1.0,4,85.98,343.92,Direct,Completed,9
SYN-B002624,2024-10-01,2024-10-25,2024-10-28,SYN-DEL-03,Deluxe,2.0,3,136.09,408.27,Direct,Completed,24
SYN-B002625,2024-10-11,2024-10-25,2024-10-28,SYN-DEL-04,Deluxe,1.0,3,135.77,407.31,Online travel agency,Completed,14
SYN-B002626,2024-07-20,2024-10-26,2024-10-28,SYN-STA-02,Standard,1.0,2,82.1,164.2,Direct,Completed,98
SYN-B002627,2024-10-15,2024-10-26,2024-10-31,SYN-STA-05,Standard,1.0,5,93.25,466.25,Direct,Completed,11
SYN-B002628,2024-10-18,2024-10-26,2024-10-31,SYN-DEL-05,Deluxe,1.0,5,131.63,658.15,Online travel agency,Completed,8
SYN-B002629,2024-10-17,2024-10-27,2024-10-30,SYN-STA-01,Standard,2.0,3,78.0,234.0,Direct,Completed,10
SYN-B002630,2024-10-11,2024-10-27,2024-10-29,SYN-DEL-01,Deluxe,1.0,2,113.12,0.0, direct ,Cancelled,16
SYN-B002631,2024-10-24,2024-10-27,2024-10-31,SYN-FAM-02,Family,4.0,4,150.88,603.52,Online travel agency,Completed,3
SYN-B002632,2024-10-12,2024-10-27,2024-10-30,SYN-FAM-03,Family,2.0,3,156.28,468.84,Travel agent,Completed,15
SYN-B002633,2024-10-24,2024-10-28,2024-10-31,SYN-STA-03,Standard,1.0,3,77.04,0.0,Online travel agency,Cancelled,4
SYN-B002634,2024-09-22,2024-10-28,2024-10-30,SYN-STA-08,Standard,1.0,2,82.35,164.7,Online travel agency,Completed,36
SYN-B002635,2024-09-28,2024-10-28,2024-11-01,SYN-DEL-03,Deluxe,1.0,4,113.22,452.88,Direct,Completed,30
SYN-B002636,2024-10-25,2024-10-28,2024-10-31,SYN-DEL-04,Deluxe,1.0,3,111.18,333.54,Online travel agency,Completed,3
SYN-B002637,2024-10-09,2024-10-29,2024-10-31,SYN-STA-04,Standard,2.0,2,79.54,159.08,Online travel agency,Completed,20
SYN-B002638,2024-09-22,2024-10-29,2024-11-01,SYN-DEL-02,Deluxe,1.0,3,115.43,346.29,Travel agent,Completed,37
SYN-B002639,2024-10-11,2024-10-30,2024-11-02,SYN-STA-01,Standard,2.0,3,78.69,0.0,Travel agent,Cancelled,19
SYN-B002640,2024-10-22,2024-10-30,2024-11-01,SYN-STA-03,Standard,1.0,2,81.71,163.42,Direct,Completed,8
SYN-B002641,2024-10-21,2024-10-30,2024-11-02,SYN-STA-06,Standard,2.0,3,80.47,241.41,Online travel agency,Completed,9
SYN-B002642,2024-10-16,2024-10-30,2024-11-01,SYN-STA-07,Standard,2.0,2,81.16,162.32,Online travel agency,Completed,14
SYN-B002643,2024-10-21,2024-10-30,2024-11-02,SYN-STA-09,Standard,2.0,3,76.28,228.84,Online travel agency,Completed,9
SYN-B002644,2024-10-04,2024-10-30,2024-11-01,SYN-DEL-01,Deluxe,2.0,2,124.16,248.32,Direct,Completed,26
SYN-B002645,2024-09-16,2024-10-30,2024-11-03,SYN-FAM-03,Family,3.0,4,164.07,656.28,Online travel agency,Completed,44
SYN-B002646,2024-10-25,2024-10-31,2024-11-04,SYN-STA-02,Standard,2.0,4,83.59,334.36,Online travel agency,Completed,6
SYN-B002647,2024-10-10,2024-10-31,2024-11-06,SYN-DEL-04,Deluxe,2.0,6,123.98,743.88,Online travel agency,Completed,21
SYN-B002648,2024-10-25,2024-10-31,2024-11-01,SYN-DEL-05,Deluxe,2.0,1,122.07,122.07,Online travel agency,Completed,6
SYN-B002649,2024-09-10,2024-10-31,2024-11-01,SYN-FAM-02,Family,1.0,1,162.19,162.19,Direct,Completed,51
SYN-B002650,2024-10-05,2024-11-01,2024-11-05,SYN-STA-10,Standard,1.0,4,92.31,369.24,Online travel agency,Completed,27
SYN-B002651,2024-10-04,2024-11-01,2024-11-06,SYN-DEL-01,Deluxe,1.0,5,127.02,635.1,Online travel agency,Completed,28
SYN-B002652,2024-10-24,2024-11-01,2024-11-04,SYN-DEL-03,Deluxe,2.0,3,139.65,418.95,Online travel agency,Completed,8
SYN-B002653,2024-10-09,2024-11-01,2024-11-04,SYN-FAM-01,Family,2.0,3,170.03,0.0,Direct,Cancelled,23
SYN-B002654,2024-10-21,2024-11-02,2024-11-07,SYN-STA-01,Standard,2.0,5,87.09,435.45,Direct,Completed,12
SYN-B002655,2024-10-23,2024-11-02,2024-11-05,SYN-STA-08,Standard,1.0,3,94.25,282.75,Online travel agency,Completed,10
SYN-B002656,2024-09-30,2024-11-02,2024-11-05,SYN-DEL-02,Deluxe,1.0,3,139.87,0.0,Online travel agency,Cancelled,33
SYN-B002657,2024-10-05,2024-11-02,2024-11-05,SYN-DEL-05,Deluxe,2.0,3,134.72,404.16, online travel agency ,Completed,28
SYN-B002658,2024-10-20,2024-11-02,2024-11-07,SYN-FAM-01,Family,2.0,5,166.14,0.0, online travel agency ,Cancelled,13
SYN-B002659,2024-11-02,2024-11-03,2024-11-04,SYN-STA-05,Standard,1.0,1,75.84,0.0,Online travel agency,Cancelled,1
SYN-B002660,2024-10-13,2024-11-03,2024-11-06,SYN-STA-06,Standard,2.0,3,84.32,252.96,Direct,Completed,21
SYN-B002661,2024-10-24,2024-11-03,2024-11-04,SYN-STA-09, standard ,2.0,1,81.47,81.47,Online travel agency,Completed,10
SYN-B002662,2024-10-05,2024-11-04,2024-11-08,SYN-FAM-01,Family,1.0,4,149.24,596.96,Online travel agency,Completed,30
SYN-B002663,2024-10-23,2024-11-05,2024-11-09,SYN-STA-05,Standard,2.0,4,78.91,0.0,Online travel agency,Cancelled,13
SYN-B002664,2024-10-30,2024-11-05,2024-11-08,SYN-STA-10,Standard,2.0,3,78.42,235.26,Direct,Completed,6
SYN-B002665,2024-08-29,2024-11-05,2024-11-08,SYN-FAM-02,Family,3.0,3,145.09,435.27,Direct,Completed,68
SYN-B002666,2024-10-29,2024-11-06,2024-11-08,SYN-STA-03,Standard,1.0,2,77.65,155.3,Direct, completed ,8
SYN-B002667,2024-10-29,2024-11-06,2024-11-08,SYN-DEL-05,Deluxe,2.0,2,118.37,236.74,Direct,Completed,8
SYN-B002668,2024-10-10,2024-11-07,2024-11-10,SYN-STA-09,Standard,2.0,3,82.58,247.74,Online travel agency,Completed,28
SYN-B002669,2024-10-04,2024-11-08,2024-11-11,SYN-STA-05,Standard,2.0,3,87.4,262.2,Direct,Completed,35
SYN-B002670,2024-10-26,2024-11-08,2024-11-10,SYN-STA-06,Standard,1.0,2,85.61,171.22,Direct,Completed,13
SYN-B002671,2024-10-04,2024-11-08,2024-11-09,SYN-STA-08,Standard,2.0,1,92.17,92.17,Direct,Completed,35
SYN-B002672,2024-10-11,2024-11-08,2024-11-10,SYN-STA-10,Standard,1.0,2,87.98,175.96,Online travel agency,Completed,28
SYN-B002673,2024-10-26,2024-11-08,2024-11-09,SYN-FAM-01,Family,4.0,1,180.22,180.22,Travel agent,Completed,13
SYN-B002674,2024-10-30,2024-11-09,2024-11-13,SYN-FAM-02,Family,2.0,4,177.2,708.8,Direct,Completed,10
SYN-B002675,2024-11-04,2024-11-10,2024-11-11,SYN-DEL-04,Deluxe,2.0,1,121.73,121.73,Online travel agency,Completed,6
SYN-B002676,2024-10-24,2024-11-11,2024-11-15,SYN-STA-03,Standard,2.0,4,83.92,335.68,Online travel agency,Completed,18
SYN-B002677,2024-09-06,2024-11-12,2024-11-16,SYN-STA-05,Standard,1.0,4,79.67,318.68,Online travel agency,Completed,67
SYN-B002678,2024-11-03,2024-11-12,2024-11-16,SYN-STA-07,Standard,1.0,4,79.73,318.92,Online travel agency,Completed,9
SYN-B002679,2024-10-29,2024-11-12,2024-11-16,SYN-DEL-02,Deluxe,1.0,4,121.49,485.96,Direct,Completed,14
SYN-B002680,2024-11-07,2024-11-12,2024-11-13,SYN-DEL-03,Deluxe,1.0,1,124.29,124.29,Direct,Completed,5
SYN-B002681,2024-10-12,2024-11-12,2024-11-16,SYN-FAM-01,Family,3.0,4,146.95,587.8,Direct,Completed,31
SYN-B002682,2024-11-09,2024-11-13,2024-11-15,SYN-STA-01,Standard,1.0,2,77.11,154.22,Online travel agency,Completed,4
SYN-B002683,2024-11-07,2024-11-13,2024-11-15,SYN-STA-09,Standard,2.0,2,80.48,160.96,Direct,Completed,6
SYN-B002684,2024-10-29,2024-11-13,2024-11-15,SYN-DEL-01,Deluxe,2.0,2,119.08,0.0,Online travel agency,Cancelled,15
SYN-B002685,2024-11-01,2024-11-15,2024-11-17,SYN-STA-01,Standard,1.0,2,95.24,190.48,Direct,Completed,14
SYN-B002686,2024-10-20,2024-11-15,2024-11-17,SYN-STA-04,Standard,2.0,2,91.11,182.22,Online travel agency,Completed,26
SYN-B002687,2024-11-06,2024-11-15,2024-11-19,SYN-STA-10,Standard,2.0,4,95.38,381.52,Online travel agency,Completed,9
SYN-B002688,2024-11-04,2024-11-16,2024-11-19,SYN-STA-05,Standard,1.0,3,92.75,278.25,Direct,Completed,12
SYN-B002689,2024-10-17,2024-11-16,2024-11-19,SYN-STA-06,Standard,1.0,3,94.75,284.25,Direct,Completed,30
SYN-B002690,2024-10-04,2024-11-16,2024-11-19,SYN-STA-07,Standard,1.0,3,94.22,282.66,Online travel agency,Completed,43
SYN-B002691,2024-11-12,2024-11-16,2024-11-17,SYN-DEL-03,Deluxe,1.0,1,125.35,125.35,Online travel agency,Completed,4
SYN-B002692,2024-10-17,2024-11-17,2024-11-20,SYN-STA-09,Standard,1.0,3,84.11,252.33, direct ,Completed,31
SYN-B002693,2024-10-24,2024-11-18,2024-11-20,SYN-STA-03,Standard,2.0,2,84.04,168.08,Online travel agency,Completed,25
SYN-B002694,2024-09-03,2024-11-18,2024-11-19,SYN-STA-04,Standard,1.0,1,76.84,76.84,Direct,Completed,76
SYN-B002695,2024-11-04,2024-11-19,2024-11-23,SYN-STA-06,Standard,1.0,4,83.47,333.88,Direct,Completed,15
SYN-B002696,2024-11-12,2024-11-19,2024-11-21,SYN-STA-10,Standard,2.0,2,78.68,157.36,Direct,Completed,7
SYN-B002697,2024-09-29,2024-11-19,2024-11-20,SYN-DEL-02,Deluxe,1.0,1,113.39,113.39,Direct,Completed,51
SYN-B002698,2024-11-06,2024-11-19,2024-11-23,SYN-DEL-05,Deluxe,1.0,4,117.46,469.84,Travel agent,Completed,13
SYN-B002699,2024-11-11,2024-11-20,2024-11-24,SYN-STA-09,Standard,2.0,4,82.0,328.0,Direct,Completed,9
SYN-B002700,2024-11-11,2024-11-21,2024-11-24,SYN-STA-02,Standard,2.0,3,76.1,228.3,Online travel agency,Completed,10
SYN-B002701,2024-11-04,2024-11-21,2024-11-25,SYN-STA-03,Standard,2.0,4,80.21,320.84,Direct,Completed,17
SYN-B002702,2024-11-10,2024-11-21,2024-11-24,SYN-STA-08,Standard,1.0,3,84.15,252.45,Online travel agency,Completed,11
SYN-B002703,2024-11-01,2024-11-21,2024-11-25,SYN-DEL-01,Deluxe,1.0,4,116.07,0.0,Online travel agency,Cancelled,20
SYN-B002704,2024-10-23,2024-11-21,2024-11-22,SYN-DEL-03, deluxe ,2.0,1,113.86,0.0,Online travel agency,Cancelled,29
SYN-B002705,2024-10-16,2024-11-22,2024-11-25,SYN-STA-04,Standard,2.0,3,95.18,285.54,Online travel agency,Completed,37
SYN-B002706,2024-09-22,2024-11-22,2024-11-25,SYN-STA-10,Standard,2.0,3,81.63,244.89,Online travel agency,Completed,61
SYN-B002707,2024-11-13,2024-11-23,2024-11-26,SYN-STA-05,Standard,2.0,3,90.28,270.84,Direct,Completed,10
SYN-B002708,2024-10-19,2024-11-23,2024-11-24,SYN-DEL-04,Deluxe,1.0,1,132.93,132.93,Online travel agency,Completed,35
SYN-B002709,2024-11-02,2024-11-23,2024-11-25,SYN-FAM-01,Family,3.0,2,164.9,329.8,Direct,Completed,21
SYN-B002710,2024-11-05,2024-11-24,2024-11-26,SYN-STA-06,Standard,2.0,2,78.11,156.22,Online travel agency,Completed,19
SYN-B002711,2024-11-06,2024-11-24,2024-11-28,SYN-STA-09,Standard,1.0,4,83.28,333.12,Direct,Completed,18
SYN-B002712,2024-11-12,2024-11-24,2024-11-25,SYN-DEL-03,Deluxe,1.0,1,114.28,114.28,Online travel agency,Completed,12
SYN-B002713,2024-10-19,2024-11-25,2024-11-28,SYN-STA-01,Standard,1.0,3,76.42,229.26,Direct,Completed,37
SYN-B002714,2024-10-26,2024-11-25,2024-11-27,SYN-STA-07,Standard,1.0,2,79.1,158.2,Direct,Completed,30
SYN-B002715,2024-11-20,2024-11-25,2024-11-26,SYN-DEL-01,Deluxe,2.0,1,123.01,0.0,Online travel agency,Cancelled,5
SYN-B002716,2024-10-03,2024-11-25,2024-11-28,SYN-DEL-02,Deluxe,2.0,3,121.96,365.88,Online travel agency,Completed,53
SYN-B002717,2024-10-15,2024-11-26,2024-11-30,SYN-STA-02,Standard,1.0,4,75.82,303.28,Direct,Completed,42
SYN-B002718,2024-11-08,2024-11-26,2024-11-28,SYN-DEL-01,Deluxe,1.0,2,116.05,232.1,Direct,Completed,18
SYN-B002719,2024-11-19,2024-11-27,2024-11-30,SYN-STA-03,Standard,1.0,3,84.92,254.76,Direct,Completed,8
SYN-B002720,2024-11-15,2024-11-27,2024-11-28,SYN-DEL-04,Deluxe,1.0,1,120.65,120.65,Online travel agency,Completed,12
SYN-B002721,2024-11-20,2024-11-27,2024-11-30,SYN-FAM-03,Family,4.0,3,161.15,483.45,Travel agent,Completed,7
SYN-B002722,2024-10-29,2024-11-28,2024-11-30,SYN-STA-09,Standard,1.0,2,81.68,163.36,Direct,Completed,30
SYN-B002723,2024-11-04,2024-11-29,2024-12-01,SYN-STA-05,Standard,1.0,2,90.26,180.52,Direct,Completed,25
SYN-B002724,2024-11-10,2024-11-29,2024-11-30,SYN-STA-07,Standard,2.0,1,93.8,93.8,Online travel agency,Completed,19
SYN-B002725,2024-11-22,2024-11-29,2024-12-03,SYN-STA-08,Standard,2.0,4,90.76,0.0,Direct,Cancelled,7
SYN-B002726,2024-11-17,2024-11-29,2024-12-02,SYN-DEL-02,Deluxe,2.0,3,125.31,375.93,Online travel agency,Completed,12
SYN-B002727,2024-11-23,2024-11-30,2024-12-03,SYN-STA-02,Standard,1.0,3,90.11,270.33,Online travel agency,Completed,7
SYN-B002728,2024-11-05,2024-11-30,2024-12-05,SYN-STA-03,Standard,1.0,5,91.91,459.55,Direct,Completed,25
SYN-B002729,2024-10-30,2024-11-30,2024-12-02,SYN-STA-08,Standard,1.0,2,89.61,179.22,Direct,Completed,31
SYN-B002730,2024-11-12,2024-11-30,2024-12-02,SYN-DEL-01,Deluxe,1.0,2,128.9,257.8,Online travel agency,Completed,18
SYN-B002731,2024-11-14,2024-11-30,2024-12-01,SYN-DEL-04,Deluxe,1.0,1,138.02,138.02,Online travel agency,Completed,16
SYN-B002732,2024-10-13,2024-11-30,2024-12-04,SYN-DEL-05,Deluxe,2.0,4,127.97,511.88,Direct,Completed,-1
SYN-B002733,2024-11-10,2024-12-01,2024-12-04,SYN-STA-09,Standard,,3,63.89,191.67,Direct,Completed,21
SYN-B002734,2024-11-15,2024-12-01,2024-12-05,SYN-DEL-03,Deluxe,2.0,4,97.48,389.92,Online travel agency,Completed,16
SYN-B002735,2024-11-27,2024-12-02,2024-12-05,SYN-STA-06,Standard,2.0,3,63.91,191.73,Direct,Completed,5
SYN-B002736,2024-07-30,2024-12-02,2024-12-05,SYN-STA-08,Standard,2.0,3,58.17,174.51,Travel agent,Completed,125
SYN-B002737,2024-11-28,2024-12-02,2024-12-05,SYN-FAM-01,Family,3.0,3,122.85,368.55,Online travel agency,Completed,4
SYN-B002738,2024-11-28,2024-12-03,2024-12-05,SYN-STA-02,Standard,2.0,2,61.59,123.18,Direct,Completed,5
SYN-B002739,2024-11-11,2024-12-03,2024-12-06,SYN-STA-05,Standard,2.0,3,61.56,184.68, direct ,Completed,22
SYN-B002740,2024-11-29,2024-12-03,2024-12-05,SYN-FAM-03,Family,1.0,2,123.75,247.5,Direct,Completed,4
SYN-B002741,2024-11-17,2024-12-04,2024-12-07,SYN-STA-04,Standard,1.0,3,62.47,0.0,Online travel agency,Cancelled,17
SYN-B002742,2024-11-27,2024-12-04,2024-12-06,SYN-DEL-05,Deluxe,1.0,2,89.17,178.34,Online travel agency,Completed,7
SYN-B002743,2024-11-27,2024-12-05,2024-12-09,SYN-STA-01,Standard,2.0,4,67.88,271.52,Direct,Completed,8
SYN-B002744,2024-11-19,2024-12-05,2024-12-08,SYN-STA-03,Standard,1.0,3,67.65,202.95,Travel agent,Completed,16
SYN-B002745,2024-11-29,2024-12-05,2024-12-08,SYN-STA-04,Standard,2.0,3,60.94,182.82,Direct,Completed,6
SYN-B002746,2024-08-29,2024-12-05,2024-12-08,SYN-DEL-04,Deluxe,2.0,3,93.13,279.39,Direct,Completed,98
SYN-B002747,2024-11-22,2024-12-06,2024-12-07,SYN-STA-07,Standard,2.0,1,70.11,0.0,Online travel agency,Cancelled,14
SYN-B002748,2024-11-26,2024-12-06,2024-12-08,SYN-DEL-05,Deluxe,2.0,2,109.69,0.0,Online travel agency,Cancelled,10
SYN-B002749,2024-12-02,2024-12-06,2024-12-09,SYN-FAM-02,Family,4.0,3,138.52,415.56,Online travel agency,Completed,4
SYN-B002750,2024-11-11,2024-12-07,2024-12-10,SYN-STA-05,Standard,1.0,3,74.95,224.85,Direct,Completed,26
SYN-B002751,2024-11-25,2024-12-07,2024-12-10,SYN-FAM-03,Family,2.0,3,142.56,427.68,Online travel agency,Completed,12
SYN-B002752,2024-10-25,2024-12-08,2024-12-11,SYN-STA-03,Standard,1.0,3,60.71,0.0,Online travel agency,Cancelled,44
SYN-B002753,2024-12-01,2024-12-08,2024-12-11,SYN-STA-06,Standard,,3,63.59,0.0,Online travel agency,Cancelled,7
SYN-B002754,2024-10-17,2024-12-09,2024-12-10,SYN-STA-01,Standard,2.0,1,67.69,67.69,Direct,Completed,53
SYN-B002755,2024-11-30,2024-12-09,2024-12-11,SYN-STA-02,Standard,2.0,2,67.11,134.22,Direct,Completed,9
SYN-B002756,2024-11-22,2024-12-09,2024-12-10,SYN-STA-03,Standard,2.0,1,64.34,64.34,Direct,Completed,17
SYN-B002757,2024-11-29,2024-12-09,2024-12-12,SYN-STA-10,Standard,2.0,3,61.23,183.69,Direct,Completed,10
SYN-B002758,2024-12-06,2024-12-09,2024-12-11,SYN-FAM-01,Family,2.0,2,110.14,0.0,Online travel agency,Cancelled,3
SYN-B002759,2024-11-12,2024-12-10,2024-12-13,SYN-STA-01,Standard,1.0,3,61.14,183.42,Online travel agency,Completed,28
SYN-B002760,2024-12-02,2024-12-10,2024-12-11,SYN-STA-07,Standard,1.0,1,65.21,65.21,Online travel agency,Completed,8
SYN-B002761,2024-09-21,2024-12-10,2024-12-14,SYN-FAM-01,Family,2.0,4,115.31,461.24,Online travel agency,Completed,80
SYN-B002762,2024-12-03,2024-12-10,2024-12-13,SYN-FAM-02,Family,2.0,3,127.85,383.55,Direct,Completed,7
SYN-B002763,2024-11-03,2024-12-11,2024-12-13,SYN-STA-02,Standard,2.0,2,63.76,127.52,Online travel agency,Completed,38
SYN-B002764,2024-12-05,2024-12-11,2024-12-13,SYN-STA-04,Standard,2.0,-1,60.59,121.18,Direct,Completed,6
SYN-B002765,2024-12-10,2024-12-12,2024-12-16,SYN-STA-03,Standard,2.0,4,56.19,224.76,Online travel agency,Completed,2
SYN-B002766,2024-12-03,2024-12-12,2024-12-15,SYN-STA-05,Standard,1.0,3,63.8,191.4,Travel agent,Completed,9
SYN-B002767,2024-11-19,2024-12-12,2024-12-15,SYN-STA-09,Standard,2.0,3,62.05,186.15,Online travel agency,Completed,23
SYN-B002768,2024-11-30,2024-12-12,2024-12-17,SYN-DEL-02,Deluxe,1.0,5,93.5,467.5,Online travel agency,Completed,12
SYN-B002769,2024-12-01,2024-12-12,2024-12-14,SYN-FAM-03,Family,2.0,2,120.89,241.78,Direct,Completed,11
SYN-B002770,2024-12-08,2024-12-13,2024-12-14,SYN-STA-01,Standard,1.0,1,72.41,72.41,Direct,Completed,5
SYN-B002771,2024-11-07,2024-12-13,2024-12-18,SYN-STA-02,Standard,1.0,5,72.75,363.75,Travel agent,Completed,36
SYN-B002772,2024-08-04,2024-12-13,2024-12-16,SYN-STA-07,Standard,2.0,3,69.09,207.27,Online travel agency,Completed,131
SYN-B002773,2024-11-03,2024-12-13,2024-12-14,SYN-STA-08,Standard,1.0,1,67.87,67.87,Travel agent,Completed,40
SYN-B002774,2024-11-25,2024-12-13,2024-12-18,SYN-STA-10,Standard,1.0,5,74.88,0.0,Travel agent,Cancelled,18
SYN-B002775,2024-11-07,2024-12-13,2024-12-15,SYN-DEL-03,Deluxe,1.0,2,105.67,211.34,Online travel agency,Completed,36
SYN-B002776,2024-12-06,2024-12-14,2024-12-15,SYN-STA-06,Standard,1.0,1,71.46,71.46,Direct,Completed,8
SYN-B002777,2024-12-05,2024-12-14,2024-12-17,SYN-STA-08,Standard,2.0,3,73.7,221.1,Online travel agency,Completed,9
SYN-B002778,2024-11-30,2024-12-14,2024-12-17,SYN-DEL-01,Deluxe,1.0,3,105.83,317.49,Direct,Completed,14
SYN-B002779,2024-11-22,2024-12-14,2024-12-16,SYN-DEL-04,Deluxe,2.0,2,102.83,0.0,Online travel agency,Cancelled,22
SYN-B002780,2024-12-07,2024-12-15,2024-12-16,SYN-STA-10,Standard,2.0,1,60.93,60.93,Direct,Completed,8
SYN-B002781,2024-12-11,2024-12-15,2024-12-16,SYN-DEL-03,Deluxe,2.0,1,89.13,89.13,Online travel agency,Completed,4
SYN-B002782,2024-09-28,2024-12-15,2024-12-17,SYN-DEL-05,Deluxe,1.0,2,83.88,167.76,Online travel agency,Completed,78
SYN-B002783,2024-11-23,2024-12-15,2024-12-20,SYN-FAM-01,Family,3.0,5,126.43,0.0,Online travel agency,Cancelled,22
SYN-B002784,2024-11-28,2024-12-15,2024-12-16,SYN-FAM-02,Family,2.0,1,118.11,0.0,Online travel agency,Cancelled,17
SYN-B002785,2024-12-14,2024-12-16,2024-12-17,SYN-STA-09,Standard,1.0,1,59.19,0.0,Online travel agency,Cancelled,2
SYN-B002786,2024-12-15,2024-12-17,2024-12-19,SYN-STA-08,Standard,1.0,2,57.1,114.2,Direct,Completed,2
SYN-B002787,2024-12-10,2024-12-17,2024-12-18,SYN-FAM-01,Family,3.0,1,123.28,123.28,Online travel agency,Completed,7
SYN-B002788,2024-12-15,2024-12-17,2024-12-19,SYN-FAM-02,Family,3.0,2,117.07,234.14,Online travel agency,Completed,2
SYN-B002789,2024-12-15,2024-12-18,2024-12-25,SYN-STA-02,Standard,2.0,7,59.53,416.71,Online travel agency,Completed,3
SYN-B002790,2024-12-06,2024-12-18,2024-12-21,SYN-STA-05,Standard,1.0,3,63.61,0.0,Online travel agency,Cancelled,12
SYN-B002791,2024-12-08,2024-12-19,2024-12-20,SYN-STA-01,Standard,2.0,1,65.01,65.01,Travel agent,Completed,11
SYN-B002792,2024-11-23,2024-12-19,2024-12-24,SYN-DEL-01,Deluxe,1.0,5,90.21,451.05,Direct,Completed,26
SYN-B002793,2024-12-08,2024-12-19,2024-12-20,SYN-DEL-02,Deluxe,1.0,1,97.49,97.49,Online travel agency,Completed,11
SYN-B002794,2024-12-05,2024-12-19,2024-12-22,SYN-FAM-02,Family,4.0,3,125.83,-1.0,Direct,Completed,14
SYN-B002795,2024-12-14,2024-12-20,2024-12-22,SYN-STA-01,Standard,2.0,2,72.18,0.0,Online travel agency, cancelled ,6
SYN-B002796,2024-11-26,2024-12-20,2024-12-21,SYN-STA-04,Standard,2.0,1,68.06,0.0,Online travel agency,Cancelled,24
SYN-B002797,2024-12-15,2024-12-20,2024-12-22,SYN-STA-07,Standard,2.0,2,73.68,147.36,Online travel agency,Completed,5
SYN-B002798,2024-10-06,2024-12-20,2024-12-23,SYN-STA-09,Standard,1.0,3,70.66,211.98,Direct,Completed,75
SYN-B002799,2024-11-15,2024-12-20,2024-12-23,SYN-DEL-02,Deluxe,2.0,3,103.98,311.94,Online travel agency,Completed,35
SYN-B002800,2024-12-12,2024-12-20,2024-12-23,SYN-FAM-01,Family,2.0,3,136.31,408.93,Online travel agency,Completed,8
SYN-B002801,2024-11-30,2024-12-21,2024-12-24,SYN-STA-08,Standard,1.0,3,75.69,227.07,Direct,Completed,21
SYN-B002802,2024-11-30,2024-12-21,2024-12-23,SYN-STA-10,Standard,2.0,2,75.29,150.58,Direct,Completed,21
SYN-B002803,2024-12-18,2024-12-22,2024-12-23,SYN-STA-03,Standard,1.0,-1,67.83,67.83,Online travel agency,Completed,4
SYN-B002804,2024-12-10,2024-12-22,2024-12-24,SYN-STA-04,Standard,2.0,2,64.21,128.42,Direct,Completed,12
SYN-B002805,2024-11-29,2024-12-22,2024-12-24,SYN-STA-07,Standard,2.0,2,63.71,127.42,Online travel agency,Completed,23
SYN-B002806,2024-11-28,2024-12-22,2024-12-27,SYN-FAM-02,Family,1.0,5,123.59,617.95,Online travel agency,Completed,24
SYN-B002807,2024-11-18,2024-12-23,2024-12-27,SYN-STA-06,Standard,2.0,4,63.2,252.8,Online travel agency,Completed,35
SYN-B002808,2024-12-20,2024-12-23,2024-12-26,SYN-DEL-02,Deluxe,1.0,3,87.12,261.36,Direct,Completed,3
SYN-B002809,2024-12-17,2024-12-24,2024-12-25,SYN-STA-05,Standard,2.0,1,63.31,63.31,Direct,Completed,7
SYN-B002810,2024-12-20,2024-12-24,2024-12-26,SYN-STA-07,Standard,1.0,2,66.37,0.0,Online travel agency,Cancelled,4
SYN-B002811,2024-12-10,2024-12-24,2024-12-26,SYN-STA-10,Standard,1.0,2,65.34,130.68,Online travel agency,Completed,14
SYN-B002812,2024-12-13,2024-12-24,2024-12-25,SYN-DEL-04,Deluxe,1.0,1,93.6,93.6,Online travel agency,Completed,11
SYN-B002813,2024-11-15,2024-12-25,2024-12-28,SYN-STA-05,Standard,2.0,3,64.16,192.48,Direct,Completed,40
SYN-B002814,2024-12-04,2024-12-26,2024-12-28,SYN-STA-02,Standard,1.0,2,62.48,124.96,Direct,Completed,22
SYN-B002815,2024-12-17,2024-12-26,2024-12-27,SYN-STA-07,Standard,2.0,1,67.72,0.0,Direct,Cancelled,9
SYN-B002816,2024-12-16,2024-12-26,2024-12-28,SYN-STA-08,Standard,2.0,2,62.1,124.2,Direct,Completed,10
SYN-B002817,2024-12-20,2024-12-26,2024-12-30,SYN-STA-10,Standard,1.0,4,62.14,248.56,Travel agent,Completed,6
SYN-B002818,2024-12-22,2024-12-26,2024-12-29,SYN-DEL-05,Deluxe,2.0,3,89.57,268.71,Online travel agency,Completed,4
SYN-B002819,2024-12-15,2024-12-26,2024-12-27,SYN-FAM-03,Family,2.0,1,120.59,120.59,Travel agent,Completed,11
SYN-B002820,2024-10-25,2024-12-27,2024-12-29,SYN-STA-04,Standard,2.0,2,70.7,141.4,Direct,Completed,63
SYN-B002821,2024-12-03,2024-12-27,2024-12-30,SYN-STA-06,Standard,1.0,3,73.9,221.7,Online travel agency,Completed,24
SYN-B002822,2024-12-16,2024-12-27,2024-12-29,SYN-DEL-01,Deluxe,1.0,2,104.77,209.54,Direct,Completed,11
SYN-B002823,2024-11-15,2024-12-27,2024-12-29,SYN-DEL-04,Deluxe,2.0,2,106.48,212.96,Travel agent,Completed,42
SYN-B002824,2024-11-08,2024-12-28,2024-12-30,SYN-STA-03,Standard,2.0,2,72.79,145.58,Travel agent,Completed,50
SYN-B002825,2024-12-17,2024-12-28,2024-12-29,SYN-DEL-03,Deluxe,2.0,1,111.57,111.57,Online travel agency,Completed,11
SYN-B002826,2024-12-17,2024-12-29,2025-01-01,SYN-STA-02,Standard,2.0,3,66.71,200.13,Online travel agency,Completed,12
SYN-B002827,2024-12-02,2024-12-29,2024-12-31,SYN-STA-07,Standard,1.0,2,65.94,0.0,Travel agent,Cancelled,27
SYN-B002828,2024-12-15,2024-12-29,2025-01-01,SYN-DEL-01,Deluxe,2.0,3,95.49,286.47,Travel agent,Completed,14
SYN-B002829,2024-12-13,2024-12-30,2025-01-01,SYN-STA-10,Standard,2.0,2,61.51,123.02,Travel agent,Completed,17
SYN-B002830,2024-12-13,2024-12-30,2025-01-02,SYN-DEL-04,Deluxe,2.0,3,99.28,297.84,Online travel agency,Completed,17
SYN-B002831,2024-12-09,2024-12-30,2025-01-02,SYN-FAM-01,Family,3.0,3,127.85,383.55,Direct,Completed,21
SYN-B002832,2024-12-08,2024-12-31,2025-01-02,SYN-STA-08,Standard,1.0,2,61.89,123.78,Travel agent,Completed,23
SYN-B002833,2024-12-06,2024-12-31,2025-01-02,SYN-STA-09,Standard,1.0,2,65.02,130.04, online travel agency ,Completed,25
SYN-B002834,2024-12-20,2024-12-31,2025-01-03,SYN-DEL-02,Deluxe,1.0,3,93.85,281.55,Direct,Completed,11
SYN-B002835,2024-12-16,2024-12-31,2025-01-03,SYN-FAM-02,Family,2.0,3,127.96,383.88,Travel agent,Completed,15
SYN-B002836,2024-12-05,2025-01-01,2025-01-03,SYN-STA-10,Standard,2.0,2,62.52,125.04,Direct,Completed,27
SYN-B002837,2024-12-19,2025-01-02,2025-01-05,SYN-STA-07,Standard,2.0,3,64.46,193.38,Online travel agency,Completed,14
SYN-B002838,2024-12-18,2025-01-03,2025-01-09,SYN-STA-09,Standard,2.0,6,77.86,467.16,Direct,Completed,16
SYN-B002839,2024-12-25,2025-01-04,2025-01-07,SYN-STA-08,Standard,1.0,3,75.39,226.17,Online travel agency,Completed,10
SYN-B002840,2024-12-21,2025-01-04,2025-01-06,SYN-STA-10,Standard,1.0,2,73.77,147.54,Direct,Completed,14
SYN-B002841,2024-12-29,2025-01-04,2025-01-05,SYN-DEL-03,Deluxe,2.0,1,101.93,101.93,Direct,Completed,6
SYN-B002842,2024-12-29,2025-01-04,2025-01-06,SYN-FAM-01,Family,4.0,2,140.82,281.64,Online travel agency,Completed,6
SYN-B002843,2024-12-26,2025-01-06,2025-01-11,SYN-STA-01,Standard,2.0,5,65.77,328.85,Online travel agency,Completed,11
SYN-B002844,2024-12-22,2025-01-06,2025-01-08,SYN-STA-03,Standard,1.0,2,69.07,138.14,Online travel agency,Completed,15
SYN-B002845,2024-12-23,2025-01-07,2025-01-09,SYN-DEL-04,Deluxe,1.0,2,92.03,184.06,Direct,Completed,15
SYN-B002846,2024-12-27,2025-01-09,2025-01-11,SYN-STA-07,Standard,2.0,2,67.23,134.46,Direct,Completed,13
SYN-B002847,2024-12-24,2025-01-09,2025-01-12,SYN-DEL-03,Deluxe,2.0,3,98.08,294.24,Online travel agency,Completed,16
SYN-B002848,2024-12-07,2025-01-10,2025-01-13,SYN-STA-05, standard ,2.0,3,77.03,-1.0,Direct,Completed,34
SYN-B002849,2024-12-12,2025-01-10,2025-01-11,SYN-STA-08,Standard,2.0,-1,75.85,75.85,Direct,Completed,29
SYN-B002850,2024-12-19,2025-01-10,2025-01-13,SYN-STA-10,Standard,1.0,3,73.73,221.19,Online travel agency,Completed,22
SYN-B002851,2025-01-02,2025-01-10,2025-01-14,SYN-DEL-05,Deluxe,1.0,4,111.44,445.76,Online travel agency,Completed,8
SYN-B002852,2024-12-24,2025-01-11,2025-01-14,SYN-DEL-02,Deluxe,1.0,3,105.07,315.21,Direct,Completed,18
SYN-B002853,2024-12-27,2025-01-12,2025-01-16,SYN-STA-09,Standard,2.0,4,67.74,270.96,Direct,Completed,16
SYN-B002854,2024-12-22,2025-01-12,2025-01-15,SYN-DEL-01,Deluxe,2.0,3,97.39,292.17,Direct,Completed,21
SYN-B002855,2025-01-01,2025-01-13,2025-01-15,SYN-STA-06,Standard,2.0,2,63.64,127.28,Direct,Completed,12
SYN-B002856,2025-01-03,2025-01-13,2025-01-16,SYN-DEL-04,Deluxe,2.0,3,91.59,274.77,Online travel agency,Completed,10
SYN-B002857,2024-12-05,2025-01-14,2025-01-16,SYN-DEL-02,Deluxe,2.0,2,101.52,203.04,Direct,Completed,40
SYN-B002858,2025-01-06,2025-01-15,2025-01-18,SYN-FAM-02,Family,1.0,3,123.73,371.19,Direct,Completed,9
SYN-B002859,2025-01-06,2025-01-16,2025-01-21,SYN-STA-07,Standard,2.0,5,68.64,343.2,Online travel agency,Completed,10
SYN-B002860,2025-01-10,2025-01-16,2025-01-19,SYN-STA-08,Standard,2.0,3,69.07,207.21,Online travel agency,Completed,6
SYN-B002861,2024-12-06,2025-01-16,2025-01-18,SYN-STA-10,Standard,2.0,2,68.47,136.94,Online travel agency,Completed,41
SYN-B002862,2025-01-09,2025-01-16,2025-01-19,SYN-DEL-01,Deluxe,1.0,3,97.06,291.18,Online travel agency,Completed,7
SYN-B002863,2025-01-12,2025-01-16,2025-01-19,SYN-DEL-04,Deluxe,1.0,3,99.27,297.81,Direct,Completed,4
SYN-B002864,2025-01-13,2025-01-17,2025-01-19,SYN-STA-03,Standard,1.0,2,70.15,140.3,Direct,Completed,4
SYN-B002865,2024-12-29,2025-01-17,2025-01-19,SYN-STA-04,Standard,2.0,2,70.55,141.1, online travel agency ,Completed,19
SYN-B002866,2025-01-12,2025-01-18,2025-01-20,SYN-STA-09,Standard,1.0,2,73.33,146.66,Direct,Completed,6
SYN-B002867,2024-12-09,2025-01-18,2025-01-22,SYN-STA-10,Standard,1.0,4,74.62,0.0,Online travel agency,Cancelled,40
SYN-B002868,2025-01-07,2025-01-18,2025-01-19,SYN-DEL-02,Deluxe,2.0,1,104.66,104.66,Online travel agency,Completed,11
SYN-B002869,2025-01-02,2025-01-18,2025-01-20,SYN-DEL-03,Deluxe,1.0,2,113.73,227.46, direct ,Completed,16
SYN-B002870,2024-11-04,2025-01-18,2025-01-20,SYN-FAM-02,Family,3.0,2,138.11,276.22,Direct,Completed,75
SYN-B002871,2024-12-11,2025-01-19,2025-01-21,SYN-STA-01,Standard,2.0,2,62.92,125.84,Direct,Completed,39
SYN-B002872,2024-12-22,2025-01-20,2025-01-23,SYN-STA-04,Standard,2.0,3,63.18,0.0,Direct,Cancelled,29
SYN-B002873,2025-01-16,2025-01-20,2025-01-23,SYN-STA-05,Standard,1.0,3,64.32,0.0,Online travel agency,Cancelled,4
SYN-B002874,2025-01-05,2025-01-20,2025-01-21,SYN-STA-10,Standard,1.0,1,66.88,66.88,Direct,Completed,15
SYN-B002875,2025-01-12,2025-01-20,2025-01-23,SYN-DEL-02,Deluxe,2.0,3,99.04,297.12,Direct,Completed,8
SYN-B002876,2025-01-16,2025-01-21,2025-01-24,SYN-STA-06,Standard,2.0,3,69.53,0.0,Direct,Cancelled,5
SYN-B002877,2025-01-13,2025-01-23,2025-01-25,SYN-STA-05,Standard,2.0,2,66.25,0.0,Direct,Cancelled,10
SYN-B002878,2024-12-27,2025-01-23,2025-01-25,SYN-STA-08,Standard,2.0,2,67.67,0.0,Direct,Cancelled,27
SYN-B002879,2024-12-02,2025-01-24,2025-01-26,SYN-STA-01,Standard,2.0,2,72.38,144.76,Travel agent, completed ,53
SYN-B002880,2024-12-22,2025-01-24,2025-01-27,SYN-STA-06,Standard,1.0,3,73.54,220.62,Online travel agency,Completed,33
SYN-B002881,2024-10-17,2025-01-24,2025-01-28,SYN-STA-07,Standard,2.0,4,68.91,275.64,Online travel agency,Completed,99
SYN-B002882,2024-12-18,2025-01-24,2025-01-25,SYN-FAM-01,Family,3.0,1,150.77,150.77,Online travel agency,Completed,37
SYN-B002883,2025-01-22,2025-01-25,2025-01-28,SYN-DEL-01,Deluxe,2.0,3,97.71,293.13,Travel agent,Completed,3
SYN-B002884,2024-12-13,2025-01-25,2025-01-29,SYN-DEL-02,Deluxe,1.0,4,108.91,435.64,Online travel agency,Completed,43
SYN-B002885,2025-01-16,2025-01-25,2025-01-27,SYN-DEL-05,Deluxe,1.0,2,109.05,0.0, travel agent ,Cancelled,9
SYN-B002886,2024-11-30,2025-01-26,2025-01-29,SYN-STA-03,Standard,2.0,3,64.39,193.17,Direct,Completed,57
SYN-B002887,2025-01-17,2025-01-26,2025-01-27,SYN-FAM-03,Family,1.0,1,122.98,122.98,Direct,Completed,9
SYN-B002888,2025-01-24,2025-01-28,2025-01-31,SYN-STA-02,Standard,1.0,3,66.01,198.03,Direct,Completed,4
SYN-B002889,2025-01-22,2025-01-28,2025-01-30,SYN-STA-05,Standard,2.0,2,66.07,132.14,Travel agent,Completed,6
SYN-B002890,2025-01-10,2025-01-28,2025-01-29,SYN-STA-06,Standard,2.0,1,66.24,66.24,Direct,Completed,18
SYN-B002891,2024-10-30,2025-01-28,2025-01-31,SYN-STA-10,Standard,1.0,3,64.06,192.18,Online travel agency,Completed,90
SYN-B002892,2025-01-06,2025-01-29,2025-01-31,SYN-DEL-04,Deluxe,2.0,2,98.9,197.8,Direct,Completed,23
SYN-B002893,2025-01-24,2025-01-30,2025-02-02,SYN-STA-05,Standard,1.0,3,62.49,187.47,Online travel agency,Completed,6
SYN-B002894,2024-12-25,2025-01-31,2025-02-03,SYN-STA-02,Standard,2.0,3,74.68,224.04,Direct,Completed,37
SYN-B002895,2024-12-25,2025-01-31,2025-02-01,SYN-STA-09,Standard,2.0,1,75.5,0.0,Online travel agency,Cancelled,37
SYN-B002896,2025-01-19,2025-01-31,2025-02-02,SYN-STA-10,Standard,1.0,2,70.29,0.0,Online travel agency,Cancelled,12
SYN-B002897,2025-01-24,2025-01-31,2025-02-04,SYN-DEL-01,Deluxe,2.0,4,108.6,434.4,Direct, completed ,7
SYN-B002898,2025-01-23,2025-02-01,2025-02-05,SYN-STA-09,Standard,2.0,-1,71.45,285.8,Direct,Completed,9
SYN-B002899,2025-01-17,2025-02-01,2025-02-05,SYN-STA-10,Standard,1.0,4,71.59,0.0,Online travel agency,Cancelled,15
SYN-B002900,2025-01-13,2025-02-01,2025-02-04,SYN-DEL-03,Deluxe,2.0,3,103.34,310.02,Online travel agency,Completed,19
SYN-B002901,2025-01-23,2025-02-01,2025-02-04,SYN-DEL-04,Deluxe,1.0,3,102.13,306.39, online travel agency ,Completed,9
SYN-B002902,2025-01-26,2025-02-03,2025-02-05,SYN-DEL-02,Deluxe,2.0,2,95.47,190.94,Online travel agency,Completed,8
SYN-B002903,2025-02-01,2025-02-04,2025-02-09,SYN-STA-10,Standard,2.0,5,61.53,307.65,Travel agent,Completed,3
SYN-B002904,2025-01-20,2025-02-04,2025-02-06,SYN-DEL-01,Deluxe,2.0,2,96.33,192.66,Travel agent,Completed,15
SYN-B002905,2025-01-29,2025-02-05,2025-02-07,SYN-STA-09,Standard,2.0,2,66.99,133.98,Direct,Completed,7
SYN-B002906,2025-02-05,2025-02-06,2025-02-08,SYN-STA-02,Standard,2.0,2,58.75,117.5,Online travel agency,Completed,1
SYN-B002907,2025-01-11,2025-02-07,2025-02-09,SYN-STA-01,Standard,1.0,2,77.71,155.42,Direct,Completed,27
SYN-B002908,2025-01-22,2025-02-07,2025-02-12,SYN-STA-05,Standard,1.0,5,77.62,388.1,Online travel agency,Completed,16
SYN-B002909,2025-01-12,2025-02-07,2025-02-08,SYN-STA-07,Standard,2.0,1,71.1,71.1,Direct,Completed,26
SYN-B002910,2025-01-22,2025-02-07,2025-02-09,SYN-STA-08,Standard,1.0,2,75.01,0.0,Online travel agency,Cancelled,16
SYN-B002911,2024-12-26,2025-02-08,2025-02-12,SYN-STA-02,Standard,2.0,4,77.57,0.0,Online travel agency,Cancelled,44
SYN-B002912,2025-01-27,2025-02-08,2025-02-10,SYN-DEL-05,Deluxe,2.0,2,109.93,219.86,Direct,Completed,12
SYN-B002913,2025-02-01,2025-02-08,2025-02-09,SYN-FAM-03,Family,1.0,1,138.13,138.13,Online travel agency,Completed,7
SYN-B002914,2025-02-03,2025-02-09,2025-02-12,SYN-STA-01,Standard,2.0,3,62.51,187.53,Online travel agency,Completed,6
SYN-B002915,2025-01-12,2025-02-09,2025-02-13,SYN-STA-08,Standard,1.0,4,64.19,256.76,Direct,Completed,28
SYN-B002916,2025-01-28,2025-02-09,2025-02-11,SYN-FAM-01,Family,1.0,2,134.01,268.02,Direct,Completed,12
SYN-B002917,2025-02-03,2025-02-09,2025-02-12,SYN-FAM-03,Family,4.0,3,131.19,393.57,Direct,Completed,6
SYN-B002918,2024-12-11,2025-02-10,2025-02-13,SYN-STA-04,Standard,1.0,3,61.14,183.42,Direct,Completed,61
SYN-B002919,2025-02-06,2025-02-10,2025-02-12,SYN-STA-10,Standard,2.0,2,62.72,125.44,Direct,Completed,4
SYN-B002920,2025-01-12,2025-02-10,2025-02-12,SYN-DEL-02,Deluxe,1.0,2,101.65,203.3,Direct,Completed,29
SYN-B002921,2025-01-26,2025-02-11,2025-02-12,SYN-STA-06,Standard,1.0,1,68.98,68.98,Direct,Completed,16
SYN-B002922,2025-02-02,2025-02-11,2025-02-13,SYN-DEL-01,Deluxe,1.0,2,93.23,0.0,Travel agent,Cancelled,9
SYN-B002923,2025-02-01,2025-02-11,2025-02-14,SYN-DEL-05,Deluxe,1.0,3,91.22,273.66,Online travel agency,Completed,10
SYN-B002924,2025-01-29,2025-02-12,2025-02-14,SYN-DEL-03,Deluxe,1.0,2,100.91,201.82,Travel agent,Completed,14
SYN-B002925,2025-01-25,2025-02-14,2025-02-18,SYN-STA-05,Standard,2.0,4,74.8,0.0,Online travel agency,Cancelled,20
SYN-B002926,2025-02-01,2025-02-14,2025-02-18,SYN-STA-09,Standard,2.0,4,70.03,280.12,Direct,Completed,13
SYN-B002927,2025-01-31,2025-02-14,2025-02-15,SYN-STA-10,Standard,1.0,1,72.61,72.61,Online travel agency, completed ,14
SYN-B002928,2024-12-22,2025-02-14,2025-02-18,SYN-DEL-02,Deluxe,2.0,4,107.44,429.76,Direct,Completed,54
SYN-B002929,2025-02-10,2025-02-14,2025-02-16,SYN-DEL-04,Deluxe,2.0,2,106.2,212.4,Direct,Completed,4
SYN-B002930,2025-02-09,2025-02-15,2025-02-18,SYN-STA-04,Standard,1.0,3,77.59,232.77,Online travel agency,Completed,6
SYN-B002931,2025-01-27,2025-02-15,2025-02-19,SYN-STA-05,Standard,1.0,4,70.9,283.6,Direct,Completed,19
SYN-B002932,2025-02-01,2025-02-15,2025-02-16,SYN-FAM-02,Family,1.0,1,143.13,-1.0,Direct,Completed,14
SYN-B002933,2025-02-13,2025-02-16,2025-02-20,SYN-STA-02,Standard,2.0,4,57.5,230.0,Travel agent,Completed,3
SYN-B002934,2025-02-09,2025-02-17,2025-02-20,SYN-STA-08, standard ,2.0,3,66.83,0.0, online travel agency ,Cancelled,8
SYN-B002935,2025-02-05,2025-02-18,2025-02-19,SYN-STA-08,Standard,2.0,1,67.52,67.52,Online travel agency, completed ,13
SYN-B002936,2025-02-05,2025-02-18,2025-02-20,SYN-STA-09,Standard,1.0,2,66.02,132.04,Online travel agency,Completed,13
SYN-B002937,2025-01-14,2025-02-18,2025-02-21,SYN-DEL-03,Deluxe,2.0,3,99.22,0.0,Online travel agency,Cancelled,35
SYN-B002938,2025-01-26,2025-02-20,2025-02-21,SYN-STA-06,Standard,1.0,1,64.99,64.99,Direct,Completed,25
SYN-B002939,2025-02-12,2025-02-20,2025-02-27,SYN-FAM-02,Family,3.0,7,120.86,846.02,Direct,Completed,8
SYN-B002940,2025-02-09,2025-02-21,2025-02-24,SYN-STA-01,Standard,1.0,3,76.0,228.0,Online travel agency,Completed,12
SYN-B002941,2025-02-12,2025-02-21,2025-02-24,SYN-STA-02,Standard,2.0,3,77.46,232.38,Online travel agency,Completed,9
SYN-B002942,2025-02-18,2025-02-21,2025-02-23,SYN-STA-05,Standard,1.0,2,71.38,142.76,Direct,Completed,3
SYN-B002943,2025-01-22,2025-02-21,2025-02-23,SYN-STA-10,Standard,2.0,2,75.6,151.2,Online travel agency,Completed,30
SYN-B002944,2025-02-01,2025-02-21,2025-02-23,SYN-DEL-04,Deluxe,1.0,2,106.91,213.82,Online travel agency,Completed,20
SYN-B002945,2025-02-20,2025-02-22,2025-02-25,SYN-STA-07,Standard,2.0,3,65.4,196.2,Direct,Completed,2
SYN-B002946,2025-02-04,2025-02-22,2025-02-23,SYN-DEL-01,Deluxe,2.0,1,113.9,0.0,Online travel agency,Cancelled,18
SYN-B002947,2025-01-14,2025-02-22,2025-02-25,SYN-FAM-03,Family,2.0,3,144.86,434.58,Direct,Completed,39
SYN-B002948,2025-02-03,2025-02-23,2025-02-24,SYN-STA-08,Standard,1.0,1,64.35,64.35,Online travel agency,Completed,20
SYN-B002949,2025-02-14,2025-02-23,2025-02-25,SYN-STA-09,Standard,1.0,2,63.37,126.74, direct ,Completed,9
SYN-B002950,2025-02-04,2025-02-23,2025-02-25,SYN-DEL-03,Deluxe,1.0,2,91.19,0.0,Direct,Cancelled,19
SYN-B002951,2025-02-01,2025-02-23,2025-02-25,SYN-DEL-05,Deluxe,1.0,2,95.53,191.06,Direct,Completed,22
SYN-B002952,2025-02-19,2025-02-23,2025-02-24,SYN-FAM-01,Family,4.0,1,133.3,133.3,Direct,Completed,4
SYN-B002953,2025-02-08,2025-02-24,2025-02-26,SYN-STA-03,Standard,2.0,2,69.4,138.8,Direct,Completed,16
SYN-B002954,2025-02-16,2025-02-24,2025-03-02,SYN-STA-04,Standard,2.0,6,67.54,405.24,Online travel agency,Completed,8
SYN-B002955,2025-01-19,2025-02-25,2025-03-01,SYN-STA-05,Standard,2.0,4,62.84,251.36,Direct,Completed,37
SYN-B002956,2025-02-22,2025-02-26,2025-02-27,SYN-STA-07,Standard,2.0,1,66.41,66.41,Online travel agency,Completed,4
SYN-B002957,2025-02-23,2025-02-26,2025-02-28,SYN-FAM-03,Family,1.0,2,119.38,238.76,Online travel agency,Completed,3
SYN-B002958,2025-02-17,2025-02-28,2025-03-03,SYN-STA-06,Standard,1.0,3,74.75,224.25,Direct,Completed,11
SYN-B002959,2025-02-16,2025-02-28,2025-03-04,SYN-STA-10,Standard,1.0,4,72.18,288.72,Online travel agency,Completed,12
SYN-B002960,2025-02-26,2025-02-28,2025-03-01,SYN-FAM-02,Family,3.0,1,124.97,124.97,Direct,Completed,2
SYN-B002961,2025-02-08,2025-02-28,2025-03-02,SYN-FAM-03,Family,3.0,2,136.58,273.16,Online travel agency,Completed,20
SYN-B002962,2025-02-15,2025-03-01,2025-03-04,SYN-STA-09, standard ,1.0,-1,88.08,264.24,Online travel agency,Completed,14
SYN-B002963,2025-02-23,2025-03-01,2025-03-07,SYN-DEL-02,Deluxe,1.0,6,133.76,802.56,Online travel agency,Completed,6
SYN-B002964,2025-02-04,2025-03-01,2025-03-02,SYN-DEL-03,Deluxe,1.0,1,131.57,131.57,Online travel agency,Completed,25
SYN-B002965,2025-02-18,2025-03-01,2025-03-02,SYN-DEL-05,Deluxe,2.0,1,136.98,136.98,Online travel agency,Completed,11
SYN-B002966,2025-02-12,2025-03-02,2025-03-03,SYN-STA-08,Standard,1.0,1,81.18,0.0,Online travel agency,Cancelled,18
SYN-B002967,2025-02-23,2025-03-02,2025-03-04,SYN-DEL-05,Deluxe,2.0,-1,112.66,225.32,Online travel agency,Completed,7
SYN-B002968,2025-02-23,2025-03-03,2025-03-05,SYN-STA-03,Standard,1.0,2,81.92,163.84,Direct,Completed,8
SYN-B002969,2025-02-26,2025-03-03,2025-03-05,SYN-FAM-01,Family,2.0,2,146.11,292.22,Direct,Completed,5
SYN-B002970,2025-01-07,2025-03-03,2025-03-05,SYN-FAM-02,Family,2.0,2,149.68,299.36,Direct,Completed,55
SYN-B002971,2025-02-24,2025-03-04,2025-03-06,SYN-STA-01,Standard,2.0,2,78.7,157.4,Direct,Completed,8
SYN-B002972,2025-02-03,2025-03-04,2025-03-09,SYN-STA-09,Standard,2.0,5,78.8,0.0,Travel agent,Cancelled,29
SYN-B002973,2025-02-09,2025-03-05,2025-03-07,SYN-STA-03,Standard,1.0,2,79.01,158.02,Online travel agency,Completed,24
SYN-B002974,2025-02-06,2025-03-05,2025-03-08,SYN-DEL-03,Deluxe,2.0,3,121.04,363.12,Direct,Completed,27
SYN-B002975,2025-01-22,2025-03-05,2025-03-07,SYN-FAM-03,Family,3.0,2,150.29,300.58,Direct,Completed,42
SYN-B002976,2025-02-14,2025-03-07,2025-03-10,SYN-STA-02,Standard,2.0,3,89.29,267.87,Direct,Completed,21
SYN-B002977,2025-02-11,2025-03-07,2025-03-10,SYN-STA-06,Standard,2.0,3,86.53,259.59,Online travel agency,Completed,24
SYN-B002978,2025-02-26,2025-03-07,2025-03-09,SYN-STA-07,Standard,2.0,2,90.03,180.06,Online travel agency,Completed,9
SYN-B002979,2025-02-25,2025-03-07,2025-03-10,SYN-FAM-02,Family,2.0,3,167.21,0.0,Online travel agency,Cancelled,10
SYN-B002980,2025-03-02,2025-03-08,2025-03-09,SYN-STA-01,Standard,2.0,1,93.93,93.93,Online travel agency,Completed,6
SYN-B002981,2024-12-12,2025-03-08,2025-03-09,SYN-STA-03,Standard,2.0,1,82.79,82.79,Direct,Completed,86
SYN-B002982,2025-02-27,2025-03-08,2025-03-14,SYN-STA-04,Standard,2.0,6,92.57,555.42,Direct,Completed,9
SYN-B002983,2025-02-28,2025-03-08,2025-03-10,SYN-DEL-01,Deluxe,1.0,2,132.35,-1.0,Online travel agency,Cancelled,8
SYN-B002984,2025-01-15,2025-03-08,2025-03-11,SYN-DEL-02,Deluxe,2.0,3,129.45,0.0,Direct,Cancelled,52
SYN-B002985,2025-01-26,2025-03-08,2025-03-10,SYN-DEL-03,Deluxe,1.0,2,129.26,258.52,Travel agent,Completed,41
SYN-B002986,2025-02-23,2025-03-08,2025-03-09,SYN-DEL-05,Deluxe,1.0,1,131.82,131.82,Direct,Completed,13
SYN-B002987,2025-02-23,2025-03-08,2025-03-11,SYN-FAM-02,Family,2.0,3,174.1,522.3,Direct,Completed,13
SYN-B002988,2025-02-15,2025-03-08,2025-03-11,SYN-FAM-03,Family,1.0,3,167.44,502.32,Direct,Completed,21
SYN-B002989,2025-02-27,2025-03-09,2025-03-11,SYN-STA-03,Standard,1.0,2,77.45,0.0,Direct,Cancelled,10
SYN-B002990,2025-03-03,2025-03-09,2025-03-12,SYN-STA-10,Standard,1.0,3,80.42,241.26,Online travel agency,Completed,6
SYN-B002991,2025-03-07,2025-03-09,2025-03-13,SYN-DEL-01,Deluxe,1.0,4,117.16,0.0,Online travel agency,Cancelled,2
SYN-B002992,2025-02-07,2025-03-10,2025-03-13,SYN-STA-01,Standard,1.0,3,82.68,0.0,Direct,Cancelled,31
SYN-B002993,2025-02-25,2025-03-10,2025-03-11,SYN-STA-02,Standard,1.0,1,78.29,0.0,Online travel agency,Cancelled,13
SYN-B002994,2025-02-20,2025-03-10,2025-03-12,SYN-DEL-02,Deluxe,1.0,2,113.8,227.6,Direct,Completed,18
SYN-B002995,2025-02-08,2025-03-10,2025-03-11,SYN-DEL-05,Deluxe,2.0,1,123.32,123.32,Direct,Completed,30
SYN-B002996,2025-01-25,2025-03-11,2025-03-14,SYN-STA-06,Standard,2.0,3,77.28,231.84,Direct,Completed,45
SYN-B002997,2025-02-26,2025-03-11,2025-03-13,SYN-STA-09,Standard,1.0,2,77.07,0.0,Online travel agency,Cancelled,13
SYN-B002998,2025-02-25,2025-03-11,2025-03-12,SYN-DEL-04,Deluxe,1.0,1,118.98,118.98,Online travel agency,Completed,14
SYN-B002999,2025-02-28,2025-03-11,2025-03-14,SYN-FAM-01,Family,1.0,3,158.85,476.55,Online travel agency,Completed,11
SYN-B003000,2025-03-04,2025-03-12,2025-03-14,SYN-STA-02,Standard,1.0,2,76.6,153.2,Travel agent,Completed,8
SYN-B003001,2025-03-05,2025-03-13,2025-03-16,SYN-STA-01,Standard,1.0,3,75.63,226.89,Online travel agency,Completed,8
SYN-B003002,2025-01-24,2025-03-13,2025-03-14,SYN-DEL-02,Deluxe,1.0,1,122.1,122.1,Online travel agency,Completed,48
SYN-B003003,2024-11-30,2025-03-13,2025-03-19,SYN-DEL-03,Deluxe,2.0,6,111.85,671.1,Online travel agency,Completed,103
SYN-B003004,2025-02-05,2025-03-13,2025-03-16,SYN-DEL-05,Deluxe,1.0,3,109.76,329.28,Online travel agency,Completed,36
SYN-B003005,2025-03-03,2025-03-13,2025-03-16,SYN-FAM-02,Family,3.0,3,153.44,460.32,Online travel agency,Completed,10
SYN-B003006,2025-03-05,2025-03-14,2025-03-19,SYN-STA-05,Standard,1.0,5,87.99,439.95,Direct,Completed,9
SYN-B003007,2025-02-21,2025-03-14,2025-03-16,SYN-STA-07,Standard,1.0,2,84.17,0.0,Direct,Cancelled,21
SYN-B003008,2025-03-07,2025-03-14,2025-03-17,SYN-FAM-01,Family,4.0,3,175.03,0.0,Online travel agency,Cancelled,7
SYN-B003009,2025-03-04,2025-03-15,2025-03-16,SYN-STA-02,Standard,2.0,1,92.41,92.41,Online travel agency,Completed,11
SYN-B003010,2025-03-04,2025-03-15,2025-03-18,SYN-STA-03,Standard,1.0,3,90.97,272.91,Direct,Completed,11
SYN-B003011,2025-03-04,2025-03-15,2025-03-17,SYN-STA-06,Standard,1.0,2,86.4,172.8,Direct,Completed,11
SYN-B003012,2025-02-21,2025-03-15,2025-03-16,SYN-DEL-01,Deluxe,2.0,1,137.96,137.96,Direct,Completed,22
SYN-B003013,2025-03-03,2025-03-16,2025-03-19,SYN-STA-02,Standard,1.0,3,78.39,235.17,Online travel agency,Completed,13
SYN-B003014,2025-02-27,2025-03-16,2025-03-18,SYN-STA-09,Standard,1.0,2,79.15,158.3,Online travel agency,Completed,17
SYN-B003015,2025-03-10,2025-03-16,2025-03-17,SYN-DEL-04,Deluxe,2.0,1,111.21,111.21,Direct,Completed,6
SYN-B003016,2025-03-02,2025-03-17,2025-03-20,SYN-STA-10,Standard,2.0,3,77.22,231.66,Online travel agency,Completed,15
SYN-B003017,2025-02-18,2025-03-17,2025-03-19,SYN-DEL-02,Deluxe,2.0,2,119.38,238.76,Online travel agency,Completed,27
SYN-B003018,2025-03-14,2025-03-17,2025-03-18,SYN-FAM-03,Family,4.0,1,153.24,153.24,Online travel agency,Completed,3
SYN-B003019,2025-03-10,2025-03-18,2025-03-20,SYN-STA-04,Standard,2.0,2,76.77,0.0,Travel agent,Cancelled,8
SYN-B003020,2025-03-11,2025-03-19,2025-03-23,SYN-STA-02,Standard,1.0,4,84.11,336.44,Online travel agency,Completed,8
SYN-B003021,2025-03-08,2025-03-19,2025-03-20,SYN-DEL-01,Deluxe,1.0,1,121.97,121.97,Online travel agency,Completed,11
SYN-B003022,2025-03-01,2025-03-19,2025-03-23,SYN-DEL-04,Deluxe,1.0,4,114.1,456.4,Direct,Completed,18
SYN-B003023,2025-03-12,2025-03-20,2025-03-23,SYN-STA-03,Standard,2.0,3,82.39,247.17,Direct,Completed,8
SYN-B003024,2025-03-05,2025-03-20,2025-03-22,SYN-DEL-02,Deluxe,1.0,2,117.33,0.0,Direct,Cancelled,15
SYN-B003025,2025-01-18,2025-03-21,2025-03-24,SYN-STA-01,Standard,1.0,3,86.99,260.97,Online travel agency,Completed,62
SYN-B003026,2025-03-12,2025-03-21,2025-03-22,SYN-STA-04,Standard,2.0,1,85.57,85.57,Online travel agency,Completed,9
SYN-B003027,2025-03-04,2025-03-21,2025-03-22,SYN-STA-07,Standard,1.0,1,88.19,88.19,Direct,Completed,17
SYN-B003028,2025-02-12,2025-03-21,2025-03-23,SYN-STA-08,Standard,2.0,2,90.4,180.8,Direct,Completed,37
SYN-B003029,2025-02-26,2025-03-21,2025-03-26,SYN-STA-09,Standard,1.0,5,84.07,420.35,Direct,Completed,23
SYN-B003030,2025-03-08,2025-03-21,2025-03-25,SYN-DEL-03,Deluxe,2.0,4,137.38,0.0,Online travel agency,Cancelled,13
SYN-B003031,2025-03-07,2025-03-21,2025-03-23,SYN-FAM-02,Family,1.0,2,165.06,330.12,Direct,Completed,14
SYN-B003032,2025-03-11,2025-03-22,2025-03-25,SYN-STA-07,Standard,1.0,3,86.66,0.0,Travel agent,Cancelled,11
SYN-B003033,2025-02-21,2025-03-22,2025-03-28,SYN-STA-10,Standard,2.0,6,93.08,558.48,Online travel agency,Completed,29
SYN-B003034,2025-02-13,2025-03-22,2025-03-24,SYN-FAM-01,Family,,2,174.49,348.98,Direct,Completed,37
SYN-B003035,2025-03-16,2025-03-23,2025-03-26,SYN-STA-06,Standard,1.0,3,83.07,249.21, direct ,Completed,7
SYN-B003036,2025-03-17,2025-03-23,2025-03-26,SYN-DEL-01,Deluxe,2.0,3,115.15,345.45,Online travel agency,Completed,6
SYN-B003037,2025-03-16,2025-03-24,2025-03-25,SYN-DEL-03,Deluxe,1.0,1,118.88,118.88,Direct,Completed,8
SYN-B003038,2024-12-24,2025-03-25,2025-03-27,SYN-STA-05,Standard,1.0,2,74.54,149.08,Online travel agency,Completed,91
SYN-B003039,2025-03-11,2025-03-25,2025-03-26,SYN-DEL-02,Deluxe,1.0,1,112.45,112.45,Direct,Completed,14
SYN-B003040,2025-03-17,2025-03-25,2025-03-29,SYN-FAM-02,Family,1.0,4,158.85,635.4,Direct,Completed,8
SYN-B003041,2025-03-09,2025-03-26,2025-03-27,SYN-STA-02,Standard,2.0,1,76.25,0.0,Online travel agency,Cancelled,17
SYN-B003042,2025-03-14,2025-03-26,2025-03-28,SYN-STA-03,Standard,1.0,2,83.76,167.52,Online travel agency, completed ,12
SYN-B003043,2025-03-08,2025-03-26,2025-03-27,SYN-STA-04,Standard,2.0,1,74.77,74.77,Direct,Completed,18
SYN-B003044,2025-01-16,2025-03-26,2025-03-29,SYN-STA-08,Standard,2.0,3,76.76,230.28,Direct,Completed,69
SYN-B003045,2025-03-14,2025-03-27,2025-03-29,SYN-STA-02,Standard,1.0,2,81.3,162.6, direct ,Completed,13
SYN-B003046,2025-03-01,2025-03-28,2025-03-29,SYN-STA-01,Standard,2.0,1,84.54,84.54,Direct,Completed,27
SYN-B003047,2025-01-03,2025-03-28,2025-03-30,SYN-STA-03,Standard,1.0,2,81.28,162.56,Direct,Completed,84
SYN-B003048,2025-03-17,2025-03-28,2025-03-29,SYN-STA-04,Standard,2.0,1,88.49,88.49,Direct,Completed,11
SYN-B003049,2025-03-06,2025-03-28,2025-04-02,SYN-STA-07,Standard,2.0,5,86.24,431.2,Online travel agency,Completed,22
SYN-B003050,2025-03-25,2025-03-28,2025-03-29,SYN-DEL-01,Deluxe,1.0,1,137.68,137.68,Direct,Completed,3
SYN-B003051,2025-03-21,2025-03-28,2025-03-29,SYN-DEL-02,Deluxe,1.0,1,131.48,131.48,Direct,Completed,7
SYN-B003052,2025-03-27,2025-03-29,2025-03-31,SYN-STA-02,Standard,2.0,2,86.98,0.0,Travel agent,Cancelled,2
SYN-B003053,2025-03-01,2025-03-29,2025-04-01,SYN-STA-04,Standard,2.0,3,92.75,278.25,Online travel agency,Completed,28
SYN-B003054,2025-03-13,2025-03-29,2025-03-31,SYN-STA-06,Standard,1.0,2,89.62,179.24,Travel agent,Completed,16
SYN-B003055,2025-03-01,2025-03-29,2025-03-31,SYN-STA-10,Standard,2.0,2,87.5,175.0,Direct,Completed,28
SYN-B003056,2025-03-14,2025-03-29,2025-03-30,SYN-DEL-01,Deluxe,1.0,1,125.29,125.29,Online travel agency,Completed,15
SYN-B003057,2025-02-15,2025-03-29,2025-03-31,SYN-DEL-02,Deluxe,1.0,2,126.97,253.94,Direct,Completed,42
SYN-B003058,2025-03-14,2025-03-29,2025-03-30,SYN-DEL-04,Deluxe,1.0,1,128.52,128.52, online travel agency ,Completed,15
SYN-B003059,2025-02-21,2025-03-29,2025-03-31,SYN-FAM-03,Family,4.0,2,168.96,337.92,Online travel agency,Completed,36
SYN-B003060,2025-03-19,2025-03-30,2025-04-04,SYN-DEL-01,Deluxe,1.0,5,113.73,568.65,Travel agent,Completed,11
SYN-B003061,2025-02-22,2025-03-30,2025-03-31,SYN-FAM-01,Family,3.0,1,162.32,162.32,Direct,Completed,36
SYN-B003062,2025-03-17,2025-03-30,2025-04-02,SYN-FAM-02,Family,3.0,3,145.55,436.65,Direct,Completed,13
SYN-B003063,2025-03-15,2025-03-31,2025-04-02,SYN-STA-05,Standard,2.0,2,80.09,0.0,Direct,Cancelled,16
SYN-B003064,2025-02-28,2025-03-31,2025-04-04,SYN-STA-09,Standard,1.0,4,82.38,329.52,Online travel agency,Completed,31
SYN-B003065,2025-03-22,2025-03-31,2025-04-01,SYN-FAM-03,Family,1.0,1,162.2,162.2,Online travel agency,Completed,9
SYN-B003066,2025-03-17,2025-04-01,2025-04-03,SYN-STA-03,Standard,2.0,2,82.39,164.78,Direct,Completed,15
SYN-B003067,2025-02-26,2025-04-01,2025-04-06,SYN-STA-04,Standard,1.0,5,82.23,0.0,Online travel agency,Cancelled,34
SYN-B003068,2025-03-26,2025-04-01,2025-04-09,SYN-STA-10,Standard,1.0,8,77.09,616.72,Online travel agency,Completed,6
SYN-B003069,2025-03-22,2025-04-01,2025-04-04,SYN-DEL-04,Deluxe,2.0,3,122.9,368.7,Travel agent, completed ,10
SYN-B003070,2025-03-04,2025-04-02,2025-04-03,SYN-STA-01,Standard,2.0,1,77.37,0.0,Direct,Cancelled,29
SYN-B003071,2025-03-07,2025-04-02,2025-04-04,SYN-STA-04,Standard,2.0,2,81.56,163.12,Online travel agency,Completed,26
SYN-B003072,2025-03-17,2025-04-02,2025-04-04,SYN-STA-07,Standard,2.0,2,84.09,0.0, online travel agency ,Cancelled,16
SYN-B003073,2025-03-20,2025-04-02,2025-04-04,SYN-DEL-05,Deluxe,2.0,2,112.16,224.32,Online travel agency,Completed,13
SYN-B003074,2025-04-01,2025-04-02,2025-04-03,SYN-FAM-02,Family,2.0,1,145.35,145.35,Direct,Completed,1
SYN-B003075,2025-03-19,2025-04-03,2025-04-06,SYN-STA-02,Standard,1.0,3,81.26,243.78,Travel agent,Completed,15
SYN-B003076,2025-03-20,2025-04-03,2025-04-04,SYN-STA-03,Standard,1.0,1,83.81,83.81,Online travel agency, completed ,14
SYN-B003077,2025-03-29,2025-04-03,2025-04-05,SYN-STA-06,Standard,1.0,2,78.62,0.0,Direct,Cancelled,-1
SYN-B003078,2025-03-10,2025-04-03,2025-04-06,SYN-FAM-03,Family,3.0,3,145.86,437.58,Online travel agency,Completed,24
SYN-B003079,2025-03-28,2025-04-04,2025-04-07,SYN-STA-01,Standard,1.0,3,86.47,0.0,Online travel agency,Cancelled,7
SYN-B003080,2025-03-03,2025-04-04,2025-04-06,SYN-STA-03,Standard,1.0,2,85.83,171.66,Online travel agency,Completed,32
SYN-B003081,2025-04-01,2025-04-04,2025-04-06,SYN-STA-05,Standard,1.0,2,93.19,186.38,Online travel agency,Completed,3
SYN-B003082,2025-03-20,2025-04-04,2025-04-06,SYN-STA-07,Standard,2.0,2,86.48,172.96,Online travel agency,Completed,15
SYN-B003083,2025-03-14,2025-04-04,2025-04-07,SYN-STA-09,Standard,2.0,3,94.1,0.0,Travel agent,Cancelled,21
SYN-B003084,2025-03-23,2025-04-04,2025-04-07,SYN-DEL-01,Deluxe,1.0,3,135.68,0.0,Direct,Cancelled,12
SYN-B003085,2025-03-17,2025-04-04,2025-04-10,SYN-FAM-01,Family,1.0,6,168.65,1011.9,Direct,Completed,18
SYN-B003086,2025-03-15,2025-04-05,2025-04-07,SYN-STA-01,Standard,1.0,2,90.02,180.04,Direct,Completed,21
SYN-B003087,2025-03-20,2025-04-05,2025-04-07,SYN-STA-06,Standard,1.0,2,91.63,183.26,Direct,Completed,16
SYN-B003088,2025-03-25,2025-04-05,2025-04-07,SYN-STA-08,Standard,2.0,2,92.45,184.9,Online travel agency,Completed,11
SYN-B003089,2024-12-15,2025-04-05,2025-04-07,SYN-DEL-02,Deluxe,1.0,2,125.86,251.72,Online travel agency, completed ,111
SYN-B003090,2025-03-17,2025-04-05,2025-04-07,SYN-DEL-03,Deluxe,1.0,2,129.93,259.86,Online travel agency,Completed,19
SYN-B003091,2025-02-02,2025-04-06,2025-04-09,SYN-STA-07,Standard,1.0,3,73.54,220.62,Direct,Completed,63
SYN-B003092,2025-03-19,2025-04-06,2025-04-10,SYN-DEL-05,Deluxe,2.0,4,122.24,0.0,Online travel agency,Cancelled,18
SYN-B003093,2025-03-17,2025-04-06,2025-04-10,SYN-FAM-02,Family,3.0,4,152.13,608.52,Online travel agency,Completed,20
SYN-B003094,2025-03-31,2025-04-07,2025-04-11,SYN-STA-02,Standard,2.0,4,78.36,313.44,Direct,Completed,-1
SYN-B003095,2025-03-11,2025-04-07,2025-04-10,SYN-STA-03,Standard,1.0,3,78.64,235.92,Travel agent,Completed,27
SYN-B003096,2025-03-24,2025-04-07,2025-04-12,SYN-DEL-05,Deluxe,1.0,5,111.22,556.1,Online travel agency,Completed,14
SYN-B003097,2025-03-25,2025-04-07,2025-04-09,SYN-FAM-03,Family,2.0,2,154.37,308.74,Direct,Completed,13
SYN-B003098,2025-03-14,2025-04-08,2025-04-10,SYN-DEL-04,Deluxe,2.0,2,115.19,230.38,Direct,Completed,25
SYN-B003099,2025-03-31,2025-04-09,2025-04-11,SYN-STA-05,Standard,2.0,2,79.22,158.44,Direct,Completed,9
SYN-B003100,2025-01-28,2025-04-10,2025-04-13,SYN-STA-04,Standard,1.0,3,74.46,223.38,Online travel agency,Completed,72
SYN-B003101,2025-03-27,2025-04-10,2025-04-13,SYN-STA-06,Standard,2.0,3,81.06,243.18,Online travel agency,Completed,14
SYN-B003102,2025-03-29,2025-04-10,2025-04-14,SYN-STA-07,Standard,2.0,4,79.04,316.16,Travel agent,Completed,12
SYN-B003103,2025-03-23,2025-04-10,2025-04-14,SYN-STA-09,Standard,1.0,4,79.37,317.48,Online travel agency,Completed,18
SYN-B003104,2025-03-25,2025-04-10,2025-04-11,SYN-STA-10,Standard,2.0,1,82.1,82.1,Online travel agency,Completed,16
SYN-B003105,2025-03-31,2025-04-10,2025-04-12,SYN-FAM-03,Family,3.0,2,161.44,0.0,Travel agent,Cancelled,10
SYN-B003106,2025-03-09,2025-04-11,2025-04-13,SYN-STA-03,Standard,1.0,2,91.1,182.2,Direct,Completed,33
SYN-B003107,2025-02-17,2025-04-11,2025-04-13,SYN-STA-10,Standard,1.0,2,90.01,180.02,Direct,Completed,53
SYN-B003108,2025-03-06,2025-04-11,2025-04-16,SYN-FAM-02,Family,3.0,5,167.09,835.45,Travel agent,Completed,36
SYN-B003109,2025-04-04,2025-04-11,2025-04-13,SYN-FAM-03,Family,3.0,2,180.69,361.38,Online travel agency,Completed,7
SYN-B003110,2024-10-14,2025-04-12,2025-04-17,SYN-STA-02,Standard,2.0,5,80.0,400.0,Direct,Completed,180
SYN-B003111,2025-02-07,2025-04-12,2025-04-16,SYN-DEL-03,Deluxe,1.0,4,121.38,485.52,Online travel agency,Completed,64
SYN-B003112,2025-04-01,2025-04-12,2025-04-13,SYN-DEL-04,Deluxe,2.0,1,124.01,0.0,Online travel agency,Cancelled,11
SYN-B003113,2025-04-01,2025-04-13,2025-04-17,SYN-STA-01,Standard,1.0,4,81.98,327.92,Direct,Completed,12
SYN-B003114,2025-04-06,2025-04-13,2025-04-14,SYN-STA-03,Standard,1.0,1,82.17,82.17,Direct,Completed,7
SYN-B003115,2025-03-23,2025-04-13,2025-04-16,SYN-STA-04,Standard,1.0,3,76.51,0.0,Online travel agency,Cancelled,21
SYN-B003116,2025-01-28,2025-04-13,2025-04-14,SYN-DEL-01,Deluxe,2.0,1,112.11,112.11,Direct,Completed,75
SYN-B003117,2025-02-25,2025-04-13,2025-04-15,SYN-DEL-05,Deluxe,2.0,2,115.4,230.8,Online travel agency,Completed,47
SYN-B003118,2025-03-26,2025-04-13,2025-04-18,SYN-FAM-03,Family,2.0,5,156.59,782.95,Direct,Completed,18
SYN-B003119,2025-04-07,2025-04-14,2025-04-18,SYN-STA-09,Standard,2.0,4,78.04,312.16,Online travel agency,Completed,7
SYN-B003120,2025-04-06,2025-04-14,2025-04-16,SYN-DEL-02,Deluxe,1.0,2,114.57,229.14,Direct,Completed,8
SYN-B003121,2025-03-31,2025-04-14,2025-04-16,SYN-FAM-01,Family,3.0,2,161.81,0.0,Online travel agency,Cancelled,14
SYN-B003122,2025-04-06,2025-04-15,2025-04-17,SYN-STA-03,Standard,2.0,2,82.7,165.4,Direct,Completed,9
SYN-B003123,2025-04-07,2025-04-15,2025-04-17,SYN-STA-04,Standard,1.0,2,76.21,0.0,Direct,Cancelled,8
SYN-B003124,2025-03-23,2025-04-15,2025-04-17,SYN-DEL-04,Deluxe,2.0,2,121.41,242.82,Direct,Completed,23
SYN-B003125,2025-03-14,2025-04-15,2025-04-20,SYN-DEL-05, deluxe ,1.0,5,113.67,0.0,Online travel agency,Cancelled,32
SYN-B003126,2025-04-08,2025-04-16,2025-04-18,SYN-STA-05,Standard,1.0,2,81.93,163.86,Direct,Completed,8
SYN-B003127,2025-04-02,2025-04-16,2025-04-18,SYN-STA-06,Standard,1.0,2,80.91,161.82,Travel agent,Completed,14
SYN-B003128,2025-03-28,2025-04-16,2025-04-18,SYN-STA-07,Standard,1.0,2,77.81,155.62,Direct,Completed,19
SYN-B003129,2025-04-09,2025-04-16,2025-04-18,SYN-STA-10,Standard,2.0,2,75.53,151.06,Travel agent,Completed,7
SYN-B003130,2025-04-05,2025-04-16,2025-04-19,SYN-DEL-03,Deluxe,2.0,3,115.16,345.48,Online travel agency,Completed,11
SYN-B003131,2025-04-11,2025-04-17,2025-04-18,SYN-STA-08,Standard,2.0,1,76.8,76.8,Direct,Completed,6
SYN-B003132,2025-02-28,2025-04-17,2025-04-18,SYN-DEL-01,Deluxe,2.0,1,111.17,0.0,Online travel agency,Cancelled,48
SYN-B003133,2025-04-08,2025-04-18,2025-04-20,SYN-STA-01,Standard,2.0,2,83.77,167.54,Travel agent,Completed,10
SYN-B003134,2025-04-04,2025-04-18,2025-04-21,SYN-STA-03,Standard,1.0,3,85.49,256.47,Direct,Completed,14
SYN-B003135,2025-04-11,2025-04-18,2025-04-21,SYN-STA-04,Standard,1.0,3,86.41,259.23,Travel agent,Completed,7
SYN-B003136,2025-04-13,2025-04-18,2025-04-19,SYN-STA-05,Standard,2.0,1,89.36,89.36,Travel agent,Completed,5
SYN-B003137,2025-04-04,2025-04-18,2025-04-21,SYN-STA-08,Standard,,3,87.67,263.01,Direct,Completed,14
SYN-B003138,2025-04-15,2025-04-18,2025-04-21,SYN-DEL-01,Deluxe,1.0,3,132.12,396.36,Online travel agency,Completed,3
SYN-B003139,2025-04-13,2025-04-18,2025-04-22,SYN-FAM-02,Family,1.0,4,165.47,0.0,Online travel agency,Cancelled,5
SYN-B003140,2025-03-14,2025-04-19,2025-04-21,SYN-STA-02,Standard,2.0,2,86.87,173.74,Online travel agency,Completed,36
SYN-B003141,2025-03-27,2025-04-19,2025-04-22,SYN-STA-07,Standard,1.0,3,93.93,0.0,Travel agent,Cancelled,23
SYN-B003142,2025-03-03,2025-04-19,2025-04-20,SYN-STA-09,Standard,2.0,1,91.78,91.78,Online travel agency,Completed,47
SYN-B003143,2025-02-27,2025-04-19,2025-04-21,SYN-STA-10,Standard,2.0,2,84.24,168.48, online travel agency ,Completed,51
SYN-B003144,2025-04-15,2025-04-19,2025-04-22,SYN-DEL-03,Deluxe,1.0,3,122.88,368.64,Online travel agency,Completed,4
SYN-B003145,2025-04-06,2025-04-20,2025-04-22,SYN-STA-05,Standard,1.0,2,76.67,153.34, online travel agency ,Completed,14
SYN-B003146,2025-03-30,2025-04-20,2025-04-23,SYN-STA-07,Standard,2.0,3,74.89,224.67,Online travel agency,Completed,-1
SYN-B003147,2025-03-21,2025-04-20,2025-04-22,SYN-STA-09,Standard,1.0,2,84.25,168.5,Direct,Completed,30
SYN-B003148,2025-04-15,2025-04-20,2025-04-25,SYN-DEL-04,Deluxe,1.0,5,111.88,559.4,Direct,Completed,5
SYN-B003149,2025-03-22,2025-04-21,2025-04-24,SYN-STA-02,Standard,1.0,3,82.44,247.32,Direct,Completed,30
SYN-B003150,2025-04-13,2025-04-21,2025-04-27,SYN-DEL-01,Deluxe,2.0,6,113.08,678.48,Online travel agency,Completed,8
SYN-B003151,2025-03-18,2025-04-21,2025-04-23,SYN-FAM-02,Family,2.0,2,162.12,324.24,Online travel agency,Completed,34
SYN-B003152,2025-04-11,2025-04-22,2025-04-24,SYN-STA-03,Standard,2.0,2,78.43,156.86,Direct,Completed,11
SYN-B003153,2025-04-03,2025-04-22,2025-04-24,SYN-STA-08,Standard,2.0,2,81.64,163.28,Online travel agency,Completed,19
SYN-B003154,2025-04-07,2025-04-22,2025-04-24,SYN-STA-10,Standard,1.0,2,80.35,160.7,Direct,Completed,15
SYN-B003155,2025-03-18,2025-04-23,2025-04-25,SYN-STA-07,Standard,1.0,2,75.7,0.0,Direct,Cancelled,36
SYN-B003156,2025-04-02,2025-04-23,2025-04-25,SYN-STA-09,Standard,2.0,2,83.0,0.0,Online travel agency,Cancelled,21
SYN-B003157,2025-03-29,2025-04-23,2025-04-25,SYN-DEL-05,Deluxe,1.0,2,118.14,236.28,Online travel agency,Completed,25
SYN-B003158,2025-03-20,2025-04-24,2025-04-27,SYN-STA-05,Standard,1.0,3,78.17,234.51,Direct,Completed,35
SYN-B003159,2025-04-13,2025-04-24,2025-04-27,SYN-STA-06,Standard,2.0,3,83.93,251.79,Travel agent,Completed,11
SYN-B003160,2025-03-02,2025-04-24,2025-04-27,SYN-STA-09,Standard,2.0,3,78.67,0.0,Online travel agency,Cancelled,53
SYN-B003161,2025-04-12,2025-04-24,2025-04-25,SYN-STA-10,Standard,2.0,1,74.98,74.98,Direct,Completed,12
SYN-B003162,2025-04-10,2025-04-24,2025-04-25,SYN-DEL-03,Deluxe,2.0,1,117.63,117.63,Direct,Completed,14
SYN-B003163,2025-04-08,2025-04-25,2025-04-28,SYN-STA-01,Standard,2.0,3,85.49,256.47,Direct,Completed,17
SYN-B003164,2025-04-15,2025-04-25,2025-04-29,SYN-STA-03,Standard,1.0,4,85.38,341.52,Direct,Completed,10
SYN-B003165,2025-04-13,2025-04-25,2025-04-26,SYN-STA-07,Standard,1.0,1,85.37,85.37,Online travel agency,Completed,12
SYN-B003166,2025-04-06,2025-04-25,2025-04-29,SYN-DEL-03,Deluxe,1.0,4,133.58,534.32,Online travel agency,Completed,19
SYN-B003167,2025-03-27,2025-04-25,2025-04-27,SYN-DEL-05,Deluxe,1.0,2,131.68,263.36,Online travel agency,Completed,29
SYN-B003168,2025-04-13,2025-04-25,2025-04-27,SYN-FAM-02,Family,3.0,2,167.61,335.22,Direct,Completed,12
SYN-B003169,2025-04-02,2025-04-26,2025-04-28,SYN-STA-07,Standard,2.0,2,88.87,177.74,Direct,Completed,24
SYN-B003170,2025-02-24,2025-04-26,2025-04-29,SYN-STA-09,Standard,1.0,3,84.13,252.39,Online travel agency,Completed,61
SYN-B003171,2025-04-18,2025-04-26,2025-05-01,SYN-DEL-02,Deluxe,2.0,5,133.92,669.6,Online travel agency,Completed,8
SYN-B003172,2025-04-14,2025-04-26,2025-05-01,SYN-FAM-03,Family,2.0,5,179.82,899.1,Direct,Completed,12
SYN-B003173,2025-04-24,2025-04-27,2025-04-29,SYN-STA-10, standard ,1.0,2,79.15,158.3,Online travel agency,Completed,3
SYN-B003174,2025-04-19,2025-04-27,2025-05-01,SYN-DEL-04,Deluxe,1.0,4,115.13,0.0,Online travel agency,Cancelled,8
SYN-B003175,2025-04-19,2025-04-28,2025-05-03,SYN-STA-01,Standard,1.0,5,83.15,415.75,Online travel agency,Completed,9
SYN-B003176,2025-03-26,2025-04-28,2025-05-01,SYN-STA-04,Standard,2.0,3,76.24,228.72,Online travel agency,Completed,33
SYN-B003177,2025-04-21,2025-04-28,2025-05-01,SYN-STA-05,Standard,1.0,3,75.19,0.0,Online travel agency,Cancelled,7
SYN-B003178,2025-04-11,2025-04-28,2025-04-30,SYN-DEL-01,Deluxe,1.0,2,119.47,238.94,Direct,Completed,17
SYN-B003179,2025-04-17,2025-04-28,2025-04-30,SYN-DEL-04,Deluxe,2.0,2,120.77,241.54,Direct,Completed,11
SYN-B003180,2025-03-31,2025-04-29,2025-04-30,SYN-STA-08,Standard,1.0,1,76.16,76.16,Direct,Completed,29
SYN-B003181,2025-04-11,2025-04-29,2025-05-01,SYN-DEL-05,Deluxe,2.0,2,119.31,0.0,Online travel agency,Cancelled,18
SYN-B003182,2025-04-26,2025-04-30,2025-05-02,SYN-STA-03,Standard,2.0,2,82.72,165.44, travel agent ,Completed,4
SYN-B003183,2025-04-18,2025-04-30,2025-05-02,SYN-STA-07,Standard,2.0,2,81.75,163.5,Online travel agency,Completed,12
SYN-B003184,2025-04-20,2025-04-30,2025-05-02,SYN-DEL-04,Deluxe,2.0,2,119.89,239.78,Direct,Completed,10
SYN-B003185,2025-04-28,2025-05-01,2025-05-03,SYN-STA-04,Standard,2.0,2,82.7,0.0,Online travel agency,Cancelled,3
SYN-B003186,2025-04-18,2025-05-01,2025-05-07,SYN-STA-05,Standard,1.0,6,75.62,453.72,Direct,Completed,13
SYN-B003187,2025-04-16,2025-05-01,2025-05-06,SYN-STA-08,Standard,2.0,5,77.35,386.75,Direct,Completed,15
SYN-B003188,2025-04-26,2025-05-01,2025-05-05,SYN-STA-09,Standard,2.0,4,78.49,313.96, direct ,Completed,5
SYN-B003189,2025-04-15,2025-05-01,2025-05-05,SYN-DEL-02,Deluxe,2.0,4,120.13,480.52,Travel agent,Completed,16
SYN-B003190,2025-02-26,2025-05-01,2025-05-03,SYN-DEL-05,Deluxe,2.0,2,113.62,227.24,Direct,Completed,64
SYN-B003191,2025-03-10,2025-05-01,2025-05-03,SYN-FAM-02,Family,4.0,2,162.58,325.16,Online travel agency,Completed,52
SYN-B003192,2025-04-21,2025-05-02,2025-05-04,SYN-STA-02,Standard,2.0,2,87.5,0.0,Online travel agency,Cancelled,11
SYN-B003193,2025-02-23,2025-05-02,2025-05-05,SYN-STA-03,Standard,1.0,3,85.98,257.94,Direct,Completed,68
SYN-B003194,2025-04-24,2025-05-02,2025-05-04,SYN-STA-07,Standard,1.0,2,93.08,0.0,Travel agent,Cancelled,8
SYN-B003195,2025-03-17,2025-05-02,2025-05-05,SYN-DEL-01,Deluxe,1.0,3,124.06,372.18,Direct,Completed,46
SYN-B003196,2025-04-04,2025-05-02,2025-05-05,SYN-DEL-03, deluxe ,1.0,3,131.16,393.48, online travel agency ,Completed,28
SYN-B003197,2025-04-04,2025-05-02,2025-05-07,SYN-DEL-04,Deluxe,2.0,5,133.45,667.25,Online travel agency,Completed,28
SYN-B003198,2025-04-12,2025-05-02,2025-05-05,SYN-FAM-01,Family,3.0,3,162.67,488.01,Direct,Completed,20
SYN-B003199,2025-04-25,2025-05-02,2025-05-03,SYN-FAM-03,Family,3.0,1,163.2,163.2,Travel agent,Completed,7
SYN-B003200,2025-04-10,2025-05-03,2025-05-05,SYN-STA-04,Standard,2.0,2,85.28,170.56,Travel agent,Completed,23
SYN-B003201,2025-04-27,2025-05-03,2025-05-05,SYN-STA-06,Standard,1.0,2,88.79,177.58,Direct,Completed,6
SYN-B003202,2025-04-22,2025-05-03,2025-05-04,SYN-STA-07,Standard,1.0,1,85.74,0.0,Online travel agency,Cancelled,11
SYN-B003203,2025-04-26,2025-05-03,2025-05-04,SYN-FAM-02,Family,3.0,1,168.96,168.96,Direct,Completed,7
SYN-B003204,2025-03-21,2025-05-03,2025-05-04,SYN-FAM-03,Family,4.0,1,175.76,175.76,Online travel agency,Completed,43
SYN-B003205,2025-04-29,2025-05-05,2025-05-06,SYN-STA-01,Standard,2.0,1,81.25,81.25,Online travel agency,Completed,6
SYN-B003206,2025-04-29,2025-05-05,2025-05-07,SYN-STA-02,Standard,2.0,2,80.11,0.0,Direct,Cancelled,6
SYN-B003207,2025-04-27,2025-05-05,2025-05-06,SYN-STA-03,Standard,2.0,1,79.82,79.82,Online travel agency,Completed,8
SYN-B003208,2025-03-19,2025-05-05,2025-05-09,SYN-STA-04,Standard,2.0,4,82.26,329.04,Online travel agency,Completed,47
SYN-B003209,2025-04-24,2025-05-05,2025-05-09,SYN-STA-07,Standard,1.0,4,78.39,313.56,Online travel agency,Completed,11
SYN-B003210,2025-03-10,2025-05-05,2025-05-07,SYN-DEL-02,Deluxe,1.0,2,123.22,246.44,Online travel agency,Completed,56
SYN-B003211,2025-04-17,2025-05-05,2025-05-08,SYN-DEL-03,Deluxe,2.0,3,111.71,335.13,Travel agent,Completed,18
SYN-B003212,2025-05-02,2025-05-05,2025-05-09,SYN-FAM-01,Family,1.0,4,155.04,620.16,Direct,Completed,3
SYN-B003213,2025-03-24,2025-05-05,2025-05-07,SYN-FAM-03,Family,4.0,2,145.11,290.22,Online travel agency,Completed,42
SYN-B003214,2025-04-19,2025-05-06,2025-05-12,SYN-STA-08,Standard,1.0,6,83.01,498.06,Direct,Completed,17
SYN-B003215,2025-05-01,2025-05-06,2025-05-08,SYN-DEL-01,Deluxe,2.0,2,114.52,229.04,Online travel agency,Completed,5
SYN-B003216,2025-04-20,2025-05-06,2025-05-09,SYN-FAM-02,Family,3.0,3,159.24,477.72,Direct,Completed,16
SYN-B003217,2025-04-21,2025-05-07,2025-05-10,SYN-STA-01,Standard,2.0,3,78.72,236.16,Direct,Completed,16
SYN-B003218,2025-05-03,2025-05-07,2025-05-09,SYN-STA-05,Standard,1.0,2,78.56,157.12,Direct,Completed,4
SYN-B003219,2025-04-21,2025-05-07,2025-05-11,SYN-STA-06,Standard,2.0,-1,83.52,334.08,Direct,Completed,16
SYN-B003220,2025-04-21,2025-05-07,2025-05-08,SYN-STA-09,Standard,1.0,1,83.96,83.96,Direct,Completed,16
SYN-B003221,2025-04-25,2025-05-07,2025-05-09,SYN-DEL-02,Deluxe,2.0,2,116.49,232.98,Online travel agency,Completed,12
SYN-B003222,2025-04-12,2025-05-07,2025-05-08,SYN-DEL-04,Deluxe,2.0,1,122.6,0.0,Direct,Cancelled,-1
SYN-B003223,2025-04-12,2025-05-07,2025-05-09,SYN-FAM-03,Family,4.0,2,156.8,313.6,Direct,Completed,25
SYN-B003224,2025-04-29,2025-05-08,2025-05-10,SYN-STA-03,Standard,1.0,2,80.37,160.74,Direct,Completed,9
SYN-B003225,2025-04-11,2025-05-08,2025-05-12,SYN-DEL-04,Deluxe,2.0,4,111.08,444.32,Direct,Completed,27
SYN-B003226,2025-04-17,2025-05-08,2025-05-09,SYN-DEL-05,Deluxe,2.0,1,122.34,122.34,Direct,Completed,21
SYN-B003227,2025-03-17,2025-05-09,2025-05-11,SYN-STA-02,Standard,1.0,2,89.74,179.48,Online travel agency,Completed,53
SYN-B003228,2025-05-01,2025-05-09,2025-05-11,SYN-STA-04,Standard,1.0,2,93.57,187.14,Direct, completed ,8
SYN-B003229,2025-05-05,2025-05-09,2025-05-12,SYN-STA-05,Standard,1.0,3,85.65,256.95,Direct,Completed,4
SYN-B003230,2025-04-01,2025-05-09,2025-05-12,SYN-STA-07,Standard,2.0,3,87.94,0.0,Direct,Cancelled,38
SYN-B003231,2025-04-18,2025-05-09,2025-05-11,SYN-STA-10,Standard,2.0,2,89.58,179.16,Direct,Completed,21
SYN-B003232,2025-04-18,2025-05-09,2025-05-12,SYN-DEL-02,Deluxe,1.0,3,124.49,373.47,Online travel agency,Completed,21
SYN-B003233,2025-05-03,2025-05-09,2025-05-11,SYN-DEL-05,Deluxe,1.0,2,130.93,261.86,Online travel agency,Completed,6
SYN-B003234,2025-05-08,2025-05-09,2025-05-12,SYN-FAM-02,Family,3.0,3,178.83,536.49,Direct,Completed,1
SYN-B003235,2025-03-25,2025-05-10,2025-05-13,SYN-STA-07,Standard,2.0,3,92.49,277.47,Travel agent,Completed,46
SYN-B003236,2025-05-04,2025-05-10,2025-05-14,SYN-STA-09,Standard,1.0,4,89.11,356.44,Online travel agency,Completed,6
SYN-B003237,2025-02-23,2025-05-10,2025-05-14,SYN-DEL-01,Deluxe,1.0,4,124.62,498.48,Online travel agency,Completed,76
SYN-B003238,2025-05-03,2025-05-10,2025-05-15,SYN-DEL-03,Deluxe,1.0,5,125.97,629.85,Direct,Completed,7
SYN-B003239,2025-04-29,2025-05-10,2025-05-12,SYN-FAM-01, family ,4.0,2,178.34,356.68, online travel agency ,Completed,11
SYN-B003240,2025-04-24,2025-05-10,2025-05-12,SYN-FAM-03,Family,1.0,2,162.13,324.26,Direct,Completed,16
SYN-B003241,2025-05-02,2025-05-11,2025-05-14,SYN-STA-04,Standard,2.0,3,79.81,239.43,Travel agent,Completed,9
SYN-B003242,2025-04-17,2025-05-11,2025-05-13,SYN-STA-10,Standard,1.0,2,80.87,161.74,Online travel agency,Completed,24
SYN-B003243,2025-04-29,2025-05-12,2025-05-15,SYN-STA-02,Standard,1.0,3,80.48,241.44,Direct,Completed,13
SYN-B003244,2025-05-07,2025-05-12,2025-05-14,SYN-STA-06,Standard,1.0,2,76.09,-1.0,Direct,Completed,5
SYN-B003245,2025-04-27,2025-05-12,2025-05-14,SYN-STA-08,Standard,1.0,2,82.72,0.0,Direct,Cancelled,15
SYN-B003246,2025-04-22,2025-05-12,2025-05-16,SYN-FAM-02,Family,3.0,4,162.75,651.0,Direct,Completed,20
SYN-B003247,2025-04-20,2025-05-13,2025-05-16,SYN-STA-01,Standard,1.0,3,77.68,233.04,Online travel agency,Completed,23
SYN-B003248,2025-04-28,2025-05-13,2025-05-14,SYN-DEL-05,Deluxe,1.0,1,111.96,111.96,Direct,Completed,15
SYN-B003249,2025-05-07,2025-05-14,2025-05-15,SYN-STA-03,Standard,2.0,1,78.4,78.4,Travel agent,Completed,7
SYN-B003250,2025-04-26,2025-05-14,2025-05-17,SYN-STA-05,Standard,2.0,3,76.6,229.8,Direct,Completed,18
SYN-B003251,2025-05-08,2025-05-14,2025-05-15,SYN-STA-06,Standard,1.0,1,78.71,78.71,Direct,Completed,6
SYN-B003252,2025-04-30,2025-05-14,2025-05-19,SYN-STA-08,Standard,1.0,5,83.92,419.6,Online travel agency,Completed,14
SYN-B003253,2025-04-22,2025-05-14,2025-05-17,SYN-DEL-01,Deluxe,2.0,3,114.97,344.91,Direct,Completed,22
SYN-B003254,2025-04-14,2025-05-14,2025-05-18,SYN-DEL-04,Deluxe,1.0,4,115.9,463.6,Online travel agency,Completed,30
SYN-B003255,2025-05-09,2025-05-15,2025-05-18,SYN-STA-02,Standard,2.0,3,80.73,242.19,Direct,Completed,6
SYN-B003256,2025-04-15,2025-05-15,2025-05-19,SYN-STA-06,Standard,1.0,4,79.68,318.72,Travel agent,Completed,30
SYN-B003257,2025-04-13,2025-05-15,2025-05-16,SYN-STA-09,Standard,2.0,1,76.14,76.14,Direct,Completed,32
SYN-B003258,2025-05-04,2025-05-15,2025-05-17,SYN-DEL-03,Deluxe,1.0,2,121.73,0.0,Online travel agency,Cancelled,11
SYN-B003259,2025-05-06,2025-05-16,2025-05-19,SYN-STA-03,Standard,1.0,3,92.2,276.6,Direct,Completed,10
SYN-B003260,2025-04-21,2025-05-16,2025-05-18,SYN-STA-10,Standard,2.0,2,91.84,183.68,Online travel agency,Completed,25
SYN-B003261,2025-04-29,2025-05-16,2025-05-18,SYN-DEL-02,Deluxe,2.0,2,130.31,0.0,Online travel agency,Cancelled,17
SYN-B003262,2025-04-13,2025-05-16,2025-05-18,SYN-DEL-03,Deluxe,2.0,2,134.35,268.7,Online travel agency,Completed,33
SYN-B003263,2025-05-08,2025-05-16,2025-05-20,SYN-FAM-01,Family,4.0,4,175.11,700.44,Direct,Completed,8
SYN-B003264,2025-05-12,2025-05-16,2025-05-21,SYN-FAM-02,Family,4.0,5,172.42,862.1,Direct,Completed,4
SYN-B003265,2025-05-13,2025-05-16,2025-05-18,SYN-FAM-03,Family,3.0,2,165.0,330.0,Direct,Completed,3
SYN-B003266,2025-05-08,2025-05-17,2025-05-18,SYN-DEL-01,Deluxe,2.0,1,131.35,131.35,Travel agent,Completed,9
SYN-B003267,2025-05-12,2025-05-17,2025-05-18,SYN-DEL-02,Deluxe,2.0,1,135.21,135.21,Direct,Completed,5
SYN-B003268,2025-03-09,2025-05-18,2025-05-21,SYN-STA-01,Standard,2.0,3,73.72,0.0,Direct,Cancelled,70
SYN-B003269,2025-05-11,2025-05-18,2025-05-20,SYN-STA-05,Standard,2.0,2,80.85,161.7,Direct,Completed,7
SYN-B003270,2025-05-14,2025-05-18,2025-05-19,SYN-STA-07,Standard,1.0,1,76.0,76.0,Online travel agency,Completed,4
SYN-B003271,2025-05-10,2025-05-18,2025-05-21,SYN-STA-09,Standard,2.0,3,83.91,251.73,Direct,Completed,8
SYN-B003272,2025-05-12,2025-05-18,2025-05-21,SYN-STA-10,Standard,2.0,3,74.94,224.82,Online travel agency,Completed,6
SYN-B003273,2025-04-17,2025-05-18,2025-05-20,SYN-DEL-01,Deluxe,2.0,2,122.01,244.02,Online travel agency,Completed,31
SYN-B003274,2025-05-06,2025-05-18,2025-05-19,SYN-DEL-05,Deluxe,2.0,1,119.23,0.0,Travel agent,Cancelled,12
SYN-B003275,2025-05-05,2025-05-19,2025-05-20,SYN-STA-02,Standard,1.0,1,78.07,78.07,Travel agent,Completed,14
SYN-B003276,2025-05-09,2025-05-19,2025-05-21,SYN-DEL-04,Deluxe,2.0,2,123.53,247.06,Direct, completed ,10
SYN-B003277,2025-05-07,2025-05-20,2025-05-24,SYN-STA-02,Standard,2.0,4,77.51,310.04,Direct,Completed,13
SYN-B003278,2025-03-31,2025-05-20,2025-05-22,SYN-STA-06,Standard,1.0,2,77.42,154.84,Direct,Completed,50
SYN-B003279,2025-05-07,2025-05-20,2025-05-23,SYN-STA-08,Standard,1.0,3,83.41,250.23,Direct,Completed,13
SYN-B003280,2025-05-16,2025-05-20,2025-05-23,SYN-DEL-02,Deluxe,2.0,3,123.07,369.21,Direct,Completed,4
SYN-B003281,2025-05-08,2025-05-20,2025-05-21,SYN-DEL-03,Deluxe,2.0,1,112.36,112.36,Direct,Completed,12
SYN-B003282,2025-05-11,2025-05-20,2025-05-24,SYN-DEL-05,Deluxe,1.0,4,115.74,0.0,Travel agent,Cancelled,9
SYN-B003283,2025-05-10,2025-05-20,2025-05-21,SYN-FAM-01,Family,4.0,1,153.19,153.19,Online travel agency,Completed,10
SYN-B003284,2025-05-18,2025-05-21,2025-05-23,SYN-STA-04,Standard,1.0,2,77.14,154.28,Travel agent, completed ,3
SYN-B003285,2025-05-11,2025-05-21,2025-05-22,SYN-STA-07,Standard,1.0,1,82.77,82.77,Online travel agency,Completed,10
SYN-B003286,2025-05-07,2025-05-21,2025-05-25,SYN-DEL-04,Deluxe,1.0,4,111.44,445.76,Direct,Completed,-1
SYN-B003287,2025-03-03,2025-05-21,2025-05-24,SYN-FAM-02,Family,1.0,3,144.62,433.86,Online travel agency,Completed,79
SYN-B003288,2025-05-11,2025-05-22,2025-05-25,SYN-STA-01,Standard,1.0,3,81.5,0.0,Online travel agency,Cancelled,11
SYN-B003289,2025-05-17,2025-05-22,2025-05-24,SYN-STA-06,Standard,1.0,2,83.07,166.14,Direct,Completed,5
SYN-B003290,2025-05-18,2025-05-22,2025-05-24,SYN-STA-09,Standard,1.0,2,75.41,150.82,Online travel agency,Completed,4
SYN-B003291,2025-05-18,2025-05-22,2025-05-25,SYN-FAM-03,Family,4.0,3,144.56,433.68,Online travel agency,Completed,4
SYN-B003292,2025-05-12,2025-05-23,2025-05-25,SYN-STA-07,Standard,1.0,2,90.7,181.4,Travel agent,Completed,11
SYN-B003293,2025-04-22,2025-05-23,2025-05-24,SYN-STA-08,Standard,2.0,1,92.75,92.75,Direct,Completed,31
SYN-B003294,2025-05-19,2025-05-23,2025-05-25,SYN-STA-10,Standard,1.0,2,88.35,176.7,Direct,Completed,4
SYN-B003295,2025-05-10,2025-05-23,2025-05-27,SYN-DEL-01,Deluxe,1.0,4,129.62,518.48,Direct,Completed,13
SYN-B003296,2025-04-20,2025-05-24,2025-05-29,SYN-STA-01,Standard,2.0,5,87.09,435.45,Travel agent,Completed,34
SYN-B003297,2025-05-23,2025-05-24,2025-05-25,SYN-STA-02,Standard,1.0,1,83.99,83.99,Online travel agency,Completed,1
SYN-B003298,2025-05-11,2025-05-24,2025-05-29,SYN-STA-03,Standard,2.0,5,92.19,460.95,Online travel agency,Completed,13
SYN-B003299,2025-05-18,2025-05-24,2025-05-25,SYN-STA-09,Standard,2.0,1,93.09,93.09, travel agent ,Completed,6
SYN-B003300,2025-04-22,2025-05-24,2025-05-26,SYN-FAM-01,Family,2.0,2,167.18,334.36,Travel agent,Completed,32
SYN-B003301,2025-05-20,2025-05-25,2025-05-28,SYN-STA-05,Standard,1.0,3,83.62,250.86,Online travel agency,Completed,5
SYN-B003302,2025-05-09,2025-05-25,2025-05-26,SYN-STA-08,Standard,2.0,1,82.43,82.43,Direct,Completed,16
SYN-B003303,2025-05-08,2025-05-25,2025-05-27,SYN-STA-09,Standard,2.0,2,82.0,0.0,Online travel agency,Cancelled,17
SYN-B003304,2025-04-08,2025-05-25,2025-05-28,SYN-DEL-02,Deluxe,2.0,3,112.63,337.89,Direct,Completed,47
SYN-B003305,2025-05-10,2025-05-25,2025-05-26,SYN-DEL-03,Deluxe,2.0,1,113.63,113.63,Online travel agency,Completed,-1
SYN-B003306,2025-05-11,2025-05-25,2025-05-29,SYN-DEL-05,Deluxe,1.0,-1,112.59,450.36,Online travel agency,Completed,14
SYN-B003307,2025-04-18,2025-05-25,2025-05-28,SYN-FAM-03,Family,2.0,3,148.28,0.0,Travel agent,Cancelled,37
SYN-B003308,2025-05-07,2025-05-26,2025-05-27,SYN-STA-02,Standard,1.0,1,78.77,78.77,Direct,Completed,19
SYN-B003309,2025-05-10,2025-05-26,2025-05-30,SYN-STA-04,Standard,2.0,4,78.47,313.88,Online travel agency,Completed,16
SYN-B003310,2025-05-16,2025-05-26,2025-05-29,SYN-STA-06,Standard,2.0,3,80.16,240.48,Online travel agency, completed ,10
SYN-B003311,2025-05-08,2025-05-26,2025-05-29,SYN-STA-07,Standard,2.0,3,75.79,227.37,Travel agent,Completed,18
SYN-B003312,2025-05-22,2025-05-26,2025-05-28,SYN-STA-08,Standard,2.0,2,78.44,156.88,Online travel agency,Completed,4
SYN-B003313,2025-05-03,2025-05-26,2025-05-28,SYN-DEL-04,Deluxe,2.0,2,115.61,231.22,Online travel agency,Completed,23
SYN-B003314,2025-05-19,2025-05-26,2025-05-28,SYN-FAM-01,Family,1.0,2,146.17,292.34,Direct,Completed,7
SYN-B003315,2025-04-22,2025-05-27,2025-05-28,SYN-STA-02,Standard,2.0,1,81.28,81.28, direct ,Completed,35
SYN-B003316,2025-05-18,2025-05-28,2025-05-31,SYN-STA-02,Standard,1.0,3,79.95,239.85,Direct,Completed,10
SYN-B003317,2025-04-30,2025-05-28,2025-06-02,SYN-STA-08,Standard,1.0,5,80.69,403.45,Direct,Completed,28
SYN-B003318,2025-03-31,2025-05-28,2025-05-30,SYN-STA-10,Standard,2.0,2,78.66,157.32,Direct,Completed,58
SYN-B003319,2025-05-14,2025-05-28,2025-05-31,SYN-DEL-01,Deluxe,1.0,3,118.11,354.33,Online travel agency,Completed,14
SYN-B003320,2025-05-15,2025-05-28,2025-06-02,SYN-DEL-02,Deluxe,1.0,5,114.14,0.0,Online travel agency,Cancelled,13
SYN-B003321,2025-05-16,2025-05-28,2025-05-31,SYN-DEL-04,Deluxe,1.0,3,111.43,334.29,Online travel agency,Completed,12
SYN-B003322,2025-05-16,2025-05-29,2025-05-31,SYN-STA-01,Standard,1.0,2,77.35,154.7,Online travel agency,Completed,13
SYN-B003323,2025-05-17,2025-05-29,2025-05-30,SYN-STA-03,Standard,2.0,1,78.67,78.67,Direct,Completed,12
SYN-B003324,2025-05-22,2025-05-29,2025-05-31,SYN-STA-06,Standard,2.0,2,81.05,162.1,Direct,Completed,7
SYN-B003325,2025-03-08,2025-05-30,2025-06-03,SYN-STA-05,Standard,2.0,4,85.02,340.08,Direct,Completed,83
SYN-B003326,2025-05-17,2025-05-30,2025-06-02,SYN-STA-09,Standard,2.0,3,94.26,282.78,Online travel agency,Completed,13
SYN-B003327,2025-05-27,2025-05-30,2025-06-02,SYN-STA-10,Standard,2.0,3,84.57,253.71,Travel agent,Completed,3
SYN-B003328,2025-05-13,2025-05-30,2025-06-01,SYN-DEL-02,Deluxe,1.0,2,130.27,260.54,Online travel agency,Completed,17
SYN-B003329,2025-05-27,2025-05-30,2025-06-02,SYN-DEL-03,Deluxe,2.0,3,134.09,402.27,Online travel agency,Completed,3
SYN-B003330,2025-05-03,2025-05-30,2025-06-04,SYN-DEL-05,Deluxe,1.0,5,129.58,647.9,Online travel agency,Completed,27
SYN-B003331,2025-05-17,2025-05-30,2025-06-02,SYN-FAM-01,Family,4.0,3,177.13,531.39,Direct,Completed,13
SYN-B003332,2025-05-04,2025-05-31,2025-06-03,SYN-STA-02,Standard,2.0,3,91.65,274.95,Direct,Completed,27
SYN-B003333,2025-05-05,2025-05-31,2025-06-03,SYN-STA-03,Standard,1.0,3,86.57,0.0,Online travel agency,Cancelled,26
SYN-B003334,2025-05-27,2025-05-31,2025-06-01,SYN-DEL-04,Deluxe,2.0,1,123.99,123.99,Direct,Completed,4
SYN-B003335,2025-05-23,2025-05-31,2025-06-02,SYN-FAM-02,Family,4.0,2,166.63,333.26,Travel agent, completed ,-1
SYN-B003336,2025-05-11,2025-06-01,2025-06-03,SYN-STA-01,Standard,1.0,2,101.03,202.06,Direct,Completed,21
SYN-B003337,2025-04-13,2025-06-01,2025-06-04,SYN-STA-04,Standard,1.0,3,105.95,317.85,Online travel agency,Completed,49
SYN-B003338,2025-05-22,2025-06-01,2025-06-04,SYN-STA-06,Standard,2.0,3,104.16,312.48,Direct,Completed,10
SYN-B003339,2025-05-01,2025-06-01,2025-06-06,SYN-STA-07,Standard,2.0,5,101.44,507.2,Online travel agency,Completed,31
SYN-B003340,2025-05-04,2025-06-01,2025-06-06,SYN-DEL-02,Deluxe,2.0,5,161.89,809.45,Direct,Completed,28
SYN-B003341,2025-03-31,2025-06-02,2025-06-04,SYN-STA-08,Standard,2.0,2,101.6,203.2,Direct,Completed,63
SYN-B003342,2025-05-16,2025-06-02,2025-06-05,SYN-DEL-03,Deluxe,1.0,3,154.25,462.75,Direct, completed ,17
SYN-B003343,2025-05-02,2025-06-02,2025-06-10,SYN-FAM-01,Family,3.0,8,208.11,0.0,Direct,Cancelled,31
SYN-B003344,2025-05-22,2025-06-03,2025-06-04,SYN-STA-01,Standard,1.0,1,102.53,102.53,Direct,Completed,12
SYN-B003345,2025-03-22,2025-06-03,2025-06-04,SYN-STA-02,Standard,2.0,1,96.14,96.14,Online travel agency,Completed,73
SYN-B003346,2025-05-19,2025-06-03,2025-06-07,SYN-STA-05,Standard,1.0,4,101.55,0.0,Direct,Cancelled,15
SYN-B003347,2025-04-26,2025-06-03,2025-06-10,SYN-STA-09,Standard,2.0,7,100.0,700.0,Online travel agency,Completed,38
SYN-B003348,2025-05-16,2025-06-03,2025-06-05,SYN-STA-10,Standard,2.0,2,99.6,199.2,Online travel agency,Completed,18
SYN-B003349,2025-04-27,2025-06-03,2025-06-05,SYN-FAM-01,Family,4.0,2,202.11,0.0,Online travel agency,Cancelled,37
SYN-B003350,2025-05-14,2025-06-03,2025-06-06,SYN-FAM-03,Family,3.0,3,192.19,576.57,Online travel agency,Completed,20
SYN-B003351,2025-05-08,2025-06-04,2025-06-05,SYN-STA-02,Standard,2.0,-1,99.99,99.99,Online travel agency,Completed,27
SYN-B003352,2025-03-22,2025-06-04,2025-06-05,SYN-STA-04,Standard,2.0,1,96.36,96.36,Travel agent,Completed,74
SYN-B003353,2025-05-26,2025-06-04,2025-06-08,SYN-DEL-01,Deluxe,2.0,4,155.83,623.32,Online travel agency,Completed,9
SYN-B003354,2025-04-01,2025-06-04,2025-06-05,SYN-DEL-04,Deluxe,1.0,1,140.25,140.25,Direct,Completed,64
SYN-B003355,2025-05-11,2025-06-04,2025-06-07,SYN-FAM-01,Family,3.0,3,201.65,604.95,Direct,Completed,24
SYN-B003356,2025-05-15,2025-06-04,2025-06-09,SYN-FAM-02,Family,4.0,5,195.36,976.8,Online travel agency,Completed,20
SYN-B003357,2025-04-11,2025-06-05,2025-06-07,SYN-STA-02,Standard,1.0,2,108.11,216.22,Online travel agency, completed ,55
SYN-B003358,2025-05-03,2025-06-05,2025-06-07,SYN-STA-03,Standard,1.0,2,103.83,207.66,Online travel agency,Completed,33
SYN-B003359,2025-05-10,2025-06-05,2025-06-08,SYN-STA-08,Standard,2.0,3,101.94,305.82,Travel agent,Completed,26
SYN-B003360,2025-05-07,2025-06-05,2025-06-08,SYN-DEL-03,Deluxe,1.0,3,145.94,437.82,Online travel agency,Completed,29
SYN-B003361,2025-05-25,2025-06-05,2025-06-09,SYN-DEL-04,Deluxe,1.0,4,145.4,581.6,Online travel agency,Completed,11
SYN-B003362,2025-05-20,2025-06-06,2025-06-08,SYN-STA-01,Standard,2.0,2,123.91,247.82,Direct,Completed,17
SYN-B003363,2025-05-30,2025-06-06,2025-06-09,SYN-STA-05,Standard,1.0,3,122.46,0.0, direct ,Cancelled,7
SYN-B003364,2025-05-21,2025-06-06,2025-06-09,SYN-STA-07,Standard,2.0,3,121.56,364.68,Online travel agency,Completed,16
SYN-B003365,2025-03-31,2025-06-06,2025-06-08,SYN-STA-10,Standard,1.0,2,115.5,231.0,Travel agent,Completed,67
SYN-B003366,2025-05-24,2025-06-06,2025-06-09,SYN-DEL-02,Deluxe,2.0,3,182.45,547.35,Direct,Completed,13
SYN-B003367,2025-04-02,2025-06-06,2025-06-09,SYN-FAM-03,Family,4.0,3,213.0,639.0,Online travel agency,Completed,65
SYN-B003368,2025-05-30,2025-06-07,2025-06-10,SYN-STA-03,Standard,1.0,3,111.45,334.35,Online travel agency,Completed,8
SYN-B003369,2025-05-09,2025-06-07,2025-06-11,SYN-DEL-05,Deluxe,2.0,4,176.07,704.28,Online travel agency,Completed,29
SYN-B003370,2025-04-15,2025-06-08,2025-06-13,SYN-STA-01,Standard,2.0,5,100.36,501.8,Online travel agency,Completed,54
SYN-B003371,2025-06-04,2025-06-08,2025-06-11,SYN-STA-02,Standard,1.0,3,105.81,317.43,Direct,Completed,4
SYN-B003372,2025-05-04,2025-06-08,2025-06-11,SYN-STA-04,Standard,2.0,3,100.23,300.69,Direct,Completed,-1
SYN-B003373,2025-05-16,2025-06-08,2025-06-11,SYN-STA-08,Standard,1.0,3,105.89,317.67,Travel agent,Completed,23
SYN-B003374,2025-05-25,2025-06-08,2025-06-11,SYN-STA-10,Standard,2.0,3,105.91,317.73,Direct,Completed,14
SYN-B003375,2025-05-04,2025-06-08,2025-06-13,SYN-DEL-01,Deluxe,2.0,5,161.28,806.4,Direct,Completed,35
SYN-B003376,2025-04-12,2025-06-08,2025-06-09,SYN-FAM-01,Family,2.0,1,195.59,195.59,Online travel agency,Completed,-1
SYN-B003377,2025-02-02,2025-06-09,2025-06-11,SYN-STA-05,Standard,1.0,2,94.11,188.22,Online travel agency,Completed,127
SYN-B003378,2025-06-05,2025-06-09,2025-06-11,SYN-STA-06,Standard,2.0,2,104.97,209.94,Online travel agency,Completed,4
SYN-B003379,2025-05-16,2025-06-09,2025-06-11,SYN-DEL-03,Deluxe,2.0,2,158.99,317.98,Online travel agency,Completed,24
SYN-B003380,2024-12-11,2025-06-09,2025-06-15,SYN-FAM-01,Family,3.0,6,185.38,1112.28,Online travel agency,Completed,180
SYN-B003381,2025-05-26,2025-06-09,2025-06-16,SYN-FAM-03,Family,1.0,7,205.86,1441.02,Direct,Completed,14
SYN-B003382,2025-05-13,2025-06-10,2025-06-12,SYN-FAM-02,Family,3.0,2,214.22,428.44,Direct,Completed,28
SYN-B003383,2025-05-28,2025-06-11,2025-06-17,SYN-STA-02,Standard,2.0,6,109.07,654.42,Travel agent,Completed,14
SYN-B003384,2025-05-16,2025-06-11,2025-06-13,SYN-STA-03,Standard,1.0,2,107.47,214.94,Online travel agency,Completed,26
SYN-B003385,2025-06-02,2025-06-11,2025-06-14,SYN-STA-05,Standard,1.0,-1,102.29,306.87,Travel agent,Completed,9
SYN-B003386,2025-05-24,2025-06-11,2025-06-16,SYN-STA-07,Standard,1.0,5,104.04,520.2,Direct,Completed,18
SYN-B003387,2025-02-18,2025-06-11,2025-06-16,SYN-STA-08,Standard,2.0,5,102.83,514.15,Direct,Completed,113
SYN-B003388,2025-03-24,2025-06-11,2025-06-16,SYN-STA-10,Standard,2.0,5,104.23,521.15,Direct,Completed,79
SYN-B003389,2025-05-26,2025-06-11,2025-06-15,SYN-DEL-03,Deluxe,1.0,4,145.32,581.28,Online travel agency,Completed,16
SYN-B003390,2025-05-14,2025-06-12,2025-06-14,SYN-STA-06,Standard,1.0,2,108.09,216.18,Online travel agency,Completed,29
SYN-B003391,2025-04-06,2025-06-12,2025-06-17,SYN-DEL-02,Deluxe,2.0,5,137.72,688.6,Online travel agency,Completed,67
SYN-B003392,2025-04-16,2025-06-12,2025-06-17,SYN-DEL-04,Deluxe,2.0,5,155.83,779.15,Direct,Completed,57
SYN-B003393,2025-05-09,2025-06-12,2025-06-14,SYN-FAM-02,Family,2.0,2,197.67,395.34,Online travel agency,Completed,34
SYN-B003394,2025-04-26,2025-06-13,2025-06-15,SYN-STA-01,Standard,2.0,2,118.45,236.9,Online travel agency,Completed,48
SYN-B003395,2025-05-29,2025-06-13,2025-06-14,SYN-STA-04,Standard,2.0,1,112.45,112.45,Direct,Completed,15
SYN-B003396,2025-05-12,2025-06-13,2025-06-15,SYN-STA-09,Standard,1.0,2,111.79,223.58,Direct,Completed,32
SYN-B003397,2025-04-27,2025-06-14,2025-06-16,SYN-STA-03,Standard,2.0,2,113.59,227.18,Direct,Completed,48
SYN-B003398,2025-06-11,2025-06-14,2025-06-17,SYN-STA-05,Standard,1.0,3,120.33,360.99,Direct,Completed,3
SYN-B003399,2025-01-01,2025-06-14,2025-06-19,SYN-DEL-01,Deluxe,1.0,5,158.81,0.0,Online travel agency,Cancelled,164
SYN-B003400,2025-05-27,2025-06-15,2025-06-22,SYN-STA-06,Standard,2.0,7,102.74,719.18,Online travel agency, completed ,19
SYN-B003401,2025-05-17,2025-06-15,2025-06-17,SYN-STA-09,Standard,2.0,2,106.21,212.42,Direct,Completed,29
SYN-B003402,2025-05-15,2025-06-15,2025-06-18,SYN-DEL-01,Deluxe,2.0,3,149.8,449.4,Online travel agency,Completed,31
SYN-B003403,2025-05-25,2025-06-15,2025-06-21,SYN-FAM-02,Family,2.0,6,197.06,1182.36,Online travel agency,Completed,21
SYN-B003404,2025-05-19,2025-06-16,2025-06-21,SYN-STA-01,Standard,2.0,5,99.77,0.0,Travel agent,Cancelled,28
SYN-B003405,2025-06-04,2025-06-16,2025-06-19,SYN-STA-04,Standard,2.0,3,103.6,310.8,Online travel agency,Completed,12
SYN-B003406,2025-04-15,2025-06-16,2025-06-23,SYN-STA-07,Standard,2.0,7,104.08,728.56,Direct,Completed,62
SYN-B003407,2025-05-23,2025-06-16,2025-06-21,SYN-STA-10,Standard,1.0,5,102.76,513.8,Direct,Completed,24
SYN-B003408,2025-03-09,2025-06-16,2025-06-20,SYN-DEL-03,Deluxe,2.0,4,141.64,566.56,Online travel agency,Completed,99
SYN-B003409,2025-06-05,2025-06-16,2025-06-23,SYN-DEL-05,Deluxe,2.0,7,161.29,0.0,Online travel agency,Cancelled,11
SYN-B003410,2025-06-10,2025-06-16,2025-06-19,SYN-FAM-01,Family,2.0,3,201.42,604.26,Online travel agency,Completed,6
SYN-B003411,2025-05-12,2025-06-16,2025-06-20,SYN-FAM-03,Family,1.0,4,201.63,0.0,Online travel agency,Cancelled,35
SYN-B003412,2025-05-29,2025-06-17,2025-06-21,SYN-STA-03,Standard,2.0,4,101.53,406.12,Direct,Completed,19
SYN-B003413,2025-04-07,2025-06-17,2025-06-20,SYN-STA-09,Standard,2.0,3,95.6,286.8,Online travel agency,Completed,71
SYN-B003414,2025-05-27,2025-06-17,2025-06-24,SYN-DEL-04,Deluxe,1.0,7,146.82,1027.74,Travel agent,Completed,21
SYN-B003415,2025-05-22,2025-06-17,2025-06-19,SYN-DEL-05,Deluxe,1.0,2,160.9,321.8,Direct,Completed,26
SYN-B003416,2025-02-28,2025-06-17,2025-06-19,SYN-FAM-03,Family,1.0,2,188.82,-1.0,Direct,Completed,109
SYN-B003417,2025-05-05,2025-06-18,2025-06-23,SYN-DEL-01,Deluxe,2.0,5,160.86,804.3,Online travel agency,Completed,44
SYN-B003418,2025-05-14,2025-06-19,2025-06-20,SYN-STA-01,Standard,2.0,1,102.17,102.17,Direct,Completed,36
SYN-B003419,2025-06-13,2025-06-19,2025-06-25,SYN-STA-08,Standard,1.0,6,98.91,593.46,Direct,Completed,6
SYN-B003420,2025-04-21,2025-06-19,2025-06-25,SYN-DEL-05,Deluxe,1.0,6,148.8,892.8,Online travel agency,Completed,59
SYN-B003421,2025-06-04,2025-06-19,2025-06-26,SYN-FAM-01,Family,1.0,7,195.09,1365.63,Direct,Completed,15
SYN-B003422,2025-05-06,2025-06-19,2025-06-22,SYN-FAM-03,Family,1.0,3,214.09,642.27, direct ,Completed,44
SYN-B003423,2025-04-17,2025-06-20,2025-06-23,SYN-STA-01,Standard,1.0,3,115.69,347.07,Direct,Completed,64
SYN-B003424,2025-05-14,2025-06-20,2025-06-25,SYN-STA-02,Standard,2.0,5,118.52,0.0,Online travel agency,Cancelled,37
SYN-B003425,2025-06-13,2025-06-20,2025-06-24,SYN-STA-04,Standard,1.0,4,115.83,0.0,Direct,Cancelled,7
SYN-B003426,2025-04-14,2025-06-20,2025-06-23,SYN-STA-05,Standard,2.0,3,112.29,336.87,Travel agent,Completed,67
SYN-B003427,2025-06-11,2025-06-20,2025-06-25,SYN-STA-09,Standard,2.0,5,124.11,620.55,Direct,Completed,9
SYN-B003428,2025-04-12,2025-06-20,2025-06-23,SYN-DEL-03,Deluxe,1.0,3,157.73,473.19,Online travel agency,Completed,69
SYN-B003429,2025-05-06,2025-06-21,2025-06-24,SYN-STA-02,Standard,1.0,3,117.79,353.37,Travel agent,Completed,46
SYN-B003430,2025-03-16,2025-06-21,2025-06-23,SYN-STA-03,Standard,1.0,2,110.66,221.32,Direct,Completed,97
SYN-B003431,2025-05-02,2025-06-21,2025-06-25,SYN-DEL-02,Deluxe,2.0,4,173.18,692.72,Online travel agency,Completed,50
SYN-B003432,2025-05-07,2025-06-21,2025-06-23,SYN-FAM-02,Family,3.0,2,224.91,449.82,Direct,Completed,45
SYN-B003433,2025-05-26,2025-06-22,2025-06-26,SYN-STA-04,Standard,1.0,4,109.5,438.0,Online travel agency,Completed,27
SYN-B003434,2025-06-01,2025-06-22,2025-06-25,SYN-STA-06,Standard,2.0,3,105.53,316.59,Direct,Completed,21
SYN-B003435,2025-05-18,2025-06-22,2025-06-29,SYN-FAM-03,Family,4.0,7,210.88,1476.16,Travel agent,Completed,35
SYN-B003436,2025-06-17,2025-06-23,2025-06-26,SYN-STA-01,Standard,2.0,3,100.83,302.49,Online travel agency,Completed,6
SYN-B003437,2025-06-07,2025-06-23,2025-06-26,SYN-STA-10,Standard,1.0,3,109.47,328.41,Direct,Completed,16
SYN-B003438,2025-05-31,2025-06-23,2025-06-28,SYN-DEL-03,Deluxe,2.0,5,148.07,740.35,Online travel agency,Completed,23
SYN-B003439,2025-06-07,2025-06-23,2025-06-25,SYN-FAM-02,Family,3.0,2,212.17,424.34,Online travel agency,Completed,16
SYN-B003440,2025-05-20,2025-06-24,2025-06-27,SYN-STA-07,Standard,2.0,3,109.94,329.82,Direct,Completed,35
SYN-B003441,2025-03-03,2025-06-24,2025-06-27,SYN-DEL-01,Deluxe,2.0,3,145.21,435.63,Direct,Completed,113
SYN-B003442,2025-05-05,2025-06-24,2025-06-29,SYN-DEL-04,Deluxe,2.0,5,155.38,776.9,Online travel agency,Completed,50
SYN-B003443,2025-03-09,2025-06-25,2025-06-28,SYN-STA-02,Standard,2.0,3,101.79,305.37,Travel agent,Completed,108
SYN-B003444,2025-04-24,2025-06-25,2025-06-29,SYN-STA-03,Standard,2.0,4,102.36,409.44,Direct,Completed,62
SYN-B003445,2025-06-13,2025-06-25,2025-06-29,SYN-STA-05,Standard,1.0,4,106.02,424.08,Online travel agency,Completed,12
SYN-B003446,2025-03-14,2025-06-25,2025-06-27,SYN-STA-06,Standard,2.0,2,93.35,186.7,Direct,Completed,103
SYN-B003447,2025-06-18,2025-06-25,2025-06-30,SYN-STA-09,Standard,1.0,5,106.35,531.75,Direct,Completed,7
SYN-B003448,2025-02-13,2025-06-25,2025-06-28,SYN-DEL-02,Deluxe,1.0,3,152.32,456.96,Online travel agency,Completed,132
SYN-B003449,2025-05-23,2025-06-25,2025-06-30,SYN-DEL-05,Deluxe,1.0,5,150.33,0.0,Online travel agency,Cancelled,-1
SYN-B003450,2025-05-22,2025-06-25,2025-06-28,SYN-FAM-02,Family,4.0,3,193.36,580.08,Direct,Completed,34
SYN-B003451,2025-06-15,2025-06-26,2025-07-02,SYN-STA-04,Standard,1.0,6,102.52,615.12,Travel agent,Completed,11
SYN-B003452,2025-06-06,2025-06-26,2025-06-29,SYN-STA-08, standard ,2.0,3,104.56,313.68,Direct,Completed,20
SYN-B003453,2025-06-21,2025-06-27,2025-07-01,SYN-STA-01,Standard,2.0,4,113.64,454.56,Direct,Completed,6
SYN-B003454,2025-06-14,2025-06-27,2025-07-01,SYN-STA-06,Standard,2.0,4,112.39,449.56,Online travel agency,Completed,13
SYN-B003455,2025-05-27,2025-06-27,2025-07-02,SYN-STA-07,Standard,2.0,5,117.45,587.25,Online travel agency,Completed,31
SYN-B003456,2025-06-02,2025-06-27,2025-06-29,SYN-STA-10,Standard,1.0,2,118.7,237.4,Direct,Completed,25
SYN-B003457,2025-05-16,2025-06-27,2025-07-02,SYN-DEL-01,Deluxe,1.0,5,165.11,825.55,Online travel agency,Completed,42
SYN-B003458,2025-05-29,2025-06-27,2025-07-01,SYN-DEL-05,Deluxe,2.0,4,162.49,649.96,Online travel agency,Completed,29
SYN-B003459,2025-06-09,2025-06-28,2025-07-01,SYN-FAM-01,Family,1.0,3,234.03,702.09,Direct,Completed,19
SYN-B003460,2024-12-31,2025-06-29,2025-07-06,SYN-STA-10,Standard,1.0,7,99.85,698.95,Online travel agency,Completed,180
SYN-B003461,2025-06-01,2025-06-29,2025-06-30,SYN-DEL-03,Deluxe,2.0,1,156.35,156.35,Online travel agency,Completed,28
SYN-B003462,2025-06-01,2025-06-29,2025-07-02,SYN-DEL-04,Deluxe,1.0,3,145.27,435.81,Online travel agency,Completed,28
SYN-B003463,2025-06-21,2025-06-29,2025-07-01,SYN-FAM-02,Family,4.0,2,209.26,418.52,Direct,Completed,8
SYN-B003464,2025-05-04,2025-06-29,2025-07-01,SYN-FAM-03,Family,1.0,2,206.28,412.56,Direct,Completed,56
SYN-B003465,2025-04-04,2025-06-30,2025-07-04,SYN-STA-02,Standard,1.0,4,103.63,414.52,Online travel agency,Completed,87
SYN-B003466,2025-05-31,2025-06-30,2025-07-04,SYN-STA-03,Standard,,4,109.07,436.28,Direct,Completed,30
SYN-B003467,2025-06-14,2025-06-30,2025-07-06,SYN-STA-05,Standard,1.0,6,101.36,608.16,Direct,Completed,16
SYN-B003468,2025-06-01,2025-06-30,2025-07-05,SYN-STA-08,Standard,2.0,5,105.27,526.35,Direct,Completed,29
SYN-B003469,2025-06-07,2025-06-30,2025-07-04,SYN-DEL-02,Deluxe,1.0,4,161.78,647.12,Direct,Completed,23
SYN-B003470,2025-04-08,2025-06-30,2025-07-02,SYN-DEL-03,Deluxe,1.0,2,139.37,278.74,Online travel agency,Completed,83
SYN-B003471,2025-05-23,2025-07-01,2025-07-03,SYN-STA-06,Standard,2.0,2,107.79,0.0,Online travel agency,Cancelled,39
SYN-B003472,2025-06-11,2025-07-01,2025-07-02,SYN-STA-09,Standard,1.0,1,99.03,99.03,Direct,Completed,20
SYN-B003473,2025-06-23,2025-07-01,2025-07-06,SYN-FAM-02,Family,3.0,5,192.64,963.2,Online travel agency,Completed,8
SYN-B003474,2025-05-15,2025-07-02,2025-07-06,SYN-STA-01,Standard,2.0,4,99.26,397.04,Online travel agency,Completed,48
SYN-B003475,2025-06-12,2025-07-02,2025-07-06,SYN-STA-04,Standard,1.0,4,107.33,429.32,Direct,Completed,20
SYN-B003476,2025-06-15,2025-07-02,2025-07-03,SYN-STA-06,Standard,2.0,1,108.75,108.75,Travel agent,Completed,17
SYN-B003477,2025-05-14,2025-07-02,2025-07-06,SYN-STA-07,Standard,1.0,4,106.44,425.76,Direct,Completed,49
SYN-B003478,2025-05-22,2025-07-02,2025-07-05,SYN-STA-09,Standard,2.0,3,103.27,309.81,Direct,Completed,41
SYN-B003479,2025-06-13,2025-07-02,2025-07-05,SYN-DEL-04,Deluxe,2.0,3,152.29,456.87,Online travel agency,Completed,19
SYN-B003480,2025-06-28,2025-07-02,2025-07-05,SYN-DEL-05,Deluxe,2.0,3,160.49,0.0,Online travel agency,Cancelled,4
SYN-B003481,2025-05-30,2025-07-02,2025-07-05,SYN-FAM-01,Family,4.0,3,201.57,604.71,Online travel agency,Completed,33
SYN-B003482,2025-02-22,2025-07-02,2025-07-06,SYN-FAM-03,Family,2.0,4,181.36,725.44,Direct,Completed,130
SYN-B003483,2025-06-02,2025-07-03,2025-07-05,SYN-STA-06, standard ,2.0,2,106.44,212.88,Online travel agency,Completed,31
SYN-B003484,2025-01-04,2025-07-03,2025-07-07,SYN-DEL-01,Deluxe,1.0,4,150.73,602.92,Online travel agency,Completed,180
SYN-B003485,2025-06-17,2025-07-03,2025-07-08,SYN-DEL-05,Deluxe,2.0,5,146.61,733.05,Direct,Completed,16
SYN-B003486,2025-06-15,2025-07-04,2025-07-09,SYN-STA-02,Standard,1.0,5,120.32,601.6,Travel agent,Completed,19
SYN-B003487,2025-06-27,2025-07-04,2025-07-09,SYN-STA-03,Standard,1.0,5,111.63,0.0,Online travel agency,Cancelled,7
SYN-B003488,2025-06-14,2025-07-05,2025-07-08,SYN-STA-06,Standard,2.0,3,122.33,366.99, online travel agency ,Completed,21
SYN-B003489,2025-05-22,2025-07-05,2025-07-10,SYN-STA-09,Standard,2.0,5,118.76,593.8,Direct,Completed,44
SYN-B003490,2025-06-27,2025-07-05,2025-07-09,SYN-DEL-03,Deluxe,1.0,4,162.36,649.44,Online travel agency,Completed,8
SYN-B003491,2025-05-29,2025-07-05,2025-07-09,SYN-FAM-01,Family,4.0,4,230.95,923.8,Online travel agency,Completed,37
SYN-B003492,2025-03-15,2025-07-06,2025-07-10,SYN-STA-01,Standard,2.0,4,103.09,412.36,Online travel agency,Completed,113
SYN-B003493,2025-06-05,2025-07-06,2025-07-11,SYN-STA-03,Standard,2.0,5,102.39,0.0,Travel agent,Cancelled,31
SYN-B003494,2025-06-19,2025-07-06,2025-07-11,SYN-STA-04,Standard,2.0,5,102.79,513.95,Online travel agency,Completed,17
SYN-B003495,2025-05-21,2025-07-06,2025-07-09,SYN-STA-08,Standard,2.0,3,100.38,0.0,Travel agent,Cancelled,46
SYN-B003496,2025-06-27,2025-07-06,2025-07-11,SYN-DEL-02,Deluxe,1.0,5,161.15,805.75,Travel agent,Completed,9
SYN-B003497,2025-06-13,2025-07-06,2025-07-09,SYN-FAM-02,Family,2.0,3,196.15,588.45,Direct,Completed,23
SYN-B003498,2025-06-30,2025-07-06,2025-07-08,SYN-FAM-03,Family,2.0,2,207.61,415.22,Online travel agency,Completed,6
SYN-B003499,2025-06-19,2025-07-07,2025-07-11,SYN-STA-03,Standard,2.0,4,102.89,411.56,Direct,Completed,18
SYN-B003500,2025-06-16,2025-07-07,2025-07-11,SYN-STA-05,Standard,2.0,4,103.81,415.24,Online travel agency,Completed,21
SYN-B003501,2025-05-28,2025-07-07,2025-07-09,SYN-STA-07,Standard,2.0,2,100.27,200.54,Online travel agency,Completed,40
SYN-B003502,2025-05-11,2025-07-07,2025-07-12,SYN-STA-08,Standard,2.0,5,110.32,551.6,Direct,Completed,57
SYN-B003503,2025-06-20,2025-07-07,2025-07-09,SYN-DEL-01,Deluxe,1.0,2,149.43,298.86,Direct,Completed,17
SYN-B003504,2025-06-18,2025-07-08,2025-07-16,SYN-STA-10, standard ,2.0,8,99.16,793.28,Travel agent,Completed,20
SYN-B003505,2025-06-14,2025-07-08,2025-07-11,SYN-DEL-04,Deluxe,2.0,3,163.0,489.0,Online travel agency,Completed,24
SYN-B003506,2025-06-21,2025-07-08,2025-07-11,SYN-DEL-05,Deluxe,2.0,3,155.88,467.64,Travel agent,Completed,17
SYN-B003507,2025-06-11,2025-07-08,2025-07-12,SYN-FAM-03,Family,1.0,4,194.24,776.96,Travel agent,Completed,27
SYN-B003508,2025-06-27,2025-07-09,2025-07-13,SYN-STA-02,Standard,2.0,4,100.92,403.68,Online travel agency,Completed,12
SYN-B003509,2025-06-26,2025-07-09,2025-07-11,SYN-STA-07,Standard,2.0,2,98.87,197.74,Online travel agency,Completed,13
SYN-B003510,2025-04-02,2025-07-09,2025-07-14,SYN-DEL-01,Deluxe,1.0,5,148.05,740.25,Direct,Completed,98
SYN-B003511,2025-05-17,2025-07-09,2025-07-12,SYN-FAM-01,Family,1.0,3,206.24,618.72,Direct,Completed,53
SYN-B003512,2025-06-08,2025-07-09,2025-07-12,SYN-FAM-02,Family,1.0,3,199.05,597.15,Online travel agency,Completed,31
SYN-B003513,2025-05-07,2025-07-10,2025-07-13,SYN-STA-01,Standard,1.0,3,93.37,280.11,Direct,Completed,64
SYN-B003514,2025-06-09,2025-07-11,2025-07-15,SYN-STA-03,Standard,1.0,4,115.33,461.32,Direct,Completed,32
SYN-B003515,2025-06-09,2025-07-11,2025-07-16,SYN-STA-04,Standard,,5,116.65,0.0,Direct,Cancelled,32
SYN-B003516,2025-02-01,2025-07-11,2025-07-13,SYN-STA-05,Standard,2.0,2,109.74,219.48,Online travel agency,Completed,160
SYN-B003517,2025-04-07,2025-07-11,2025-07-16,SYN-STA-07,Standard,2.0,5,110.96,554.8,Online travel agency,Completed,95
SYN-B003518,2025-07-08,2025-07-11,2025-07-17,SYN-STA-09, standard ,1.0,6,113.47,680.82,Travel agent,Completed,3
SYN-B003519,2025-07-06,2025-07-11,2025-07-14,SYN-DEL-03,Deluxe,1.0,3,172.73,518.19,Direct,Completed,5
SYN-B003520,2025-06-21,2025-07-11,2025-07-12,SYN-DEL-04,Deluxe,2.0,1,170.95,170.95,Direct,Completed,20
SYN-B003521,2025-07-07,2025-07-11,2025-07-14,SYN-DEL-05,Deluxe,1.0,3,169.42,508.26,Direct,Completed,4
SYN-B003522,2025-04-27,2025-07-12,2025-07-15,SYN-STA-04,Standard,2.0,3,109.73,329.19,Online travel agency,Completed,76
SYN-B003523,2025-06-09,2025-07-12,2025-07-18,SYN-STA-06,Standard,2.0,6,112.15,672.9,Direct,Completed,33
SYN-B003524,2025-06-02,2025-07-12,2025-07-13,SYN-STA-08,Standard,2.0,1,123.21,123.21,Online travel agency,Completed,40
SYN-B003525,2025-07-02,2025-07-12,2025-07-16,SYN-FAM-01,Family,2.0,4,215.55,862.2,Travel agent,Completed,10
SYN-B003526,2025-01-13,2025-07-12,2025-07-16,SYN-FAM-02,Family,1.0,4,219.69,878.76,Online travel agency,Completed,180
SYN-B003527,2025-06-05,2025-07-12,2025-07-14,SYN-FAM-03,Family,2.0,2,239.41,478.82,Online travel agency,Completed,37
SYN-B003528,2025-06-01,2025-07-13,2025-07-15,SYN-STA-02,Standard,1.0,2,105.85,211.7,Direct,Completed,42
SYN-B003529,2025-06-03,2025-07-14,2025-07-19,SYN-STA-05,Standard,2.0,5,109.6,548.0,Online travel agency,Completed,41
SYN-B003530,2025-06-15,2025-07-14,2025-07-17,SYN-STA-08,Standard,1.0,3,99.42,298.26,Online travel agency,Completed,29
SYN-B003531,2025-06-15,2025-07-14,2025-07-17,SYN-DEL-01,Deluxe,1.0,3,144.71,434.13,Direct,Completed,29
SYN-B003532,2025-06-09,2025-07-14,2025-07-22,SYN-DEL-02,Deluxe,2.0,8,157.47,1259.76,Travel agent,Completed,35
SYN-B003533,2025-02-18,2025-07-14,2025-07-17,SYN-DEL-03,Deluxe,1.0,3,150.63,451.89,Travel agent,Completed,146
SYN-B003534,2025-06-24,2025-07-14,2025-07-21,SYN-DEL-04,Deluxe,1.0,7,156.95,0.0,Online travel agency,Cancelled,20
SYN-B003535,2025-06-21,2025-07-14,2025-07-15,SYN-DEL-05,Deluxe,1.0,1,156.41,156.41,Direct,Completed,23
SYN-B003536,2025-06-18,2025-07-14,2025-07-20,SYN-FAM-03,Family,3.0,6,201.24,1207.44,Direct,Completed,26
SYN-B003537,2025-07-03,2025-07-15,2025-07-17,SYN-STA-02,Standard,1.0,2,106.17,212.34,Online travel agency,Completed,12
SYN-B003538,2025-06-01,2025-07-15,2025-07-20,SYN-DEL-04,Deluxe,1.0,5,157.91,789.55,Online travel agency,Completed,44
SYN-B003539,2025-05-11,2025-07-15,2025-07-18,SYN-DEL-05,Deluxe,1.0,3,136.59,409.77,Online travel agency,Completed,65
SYN-B003540,2025-06-05,2025-07-16,2025-07-17,SYN-STA-01,Standard,1.0,1,103.89,103.89,Online travel agency,Completed,41
SYN-B003541,2025-05-06,2025-07-16,2025-07-23,SYN-STA-04,Standard,2.0,7,94.74,663.18,Online travel agency,Completed,71
SYN-B003542,2025-06-07,2025-07-16,2025-07-19,SYN-STA-07,Standard,2.0,3,108.99,326.97,Direct, completed ,39
SYN-B003543,2025-06-09,2025-07-16,2025-07-19,SYN-STA-10,Standard,,3,103.1,309.3,Online travel agency,Completed,37
SYN-B003544,2025-06-21,2025-07-16,2025-07-18,SYN-FAM-01,Family,1.0,2,197.64,395.28,Online travel agency,Completed,25
SYN-B003545,2025-06-28,2025-07-16,2025-07-21,SYN-FAM-02,Family,1.0,5,198.52,992.6,Travel agent,Completed,18
SYN-B003546,2025-06-22,2025-07-17,2025-07-22,SYN-STA-02,Standard,2.0,5,100.4,502.0,Direct,Completed,25
SYN-B003547,2025-06-27,2025-07-17,2025-07-23,SYN-STA-08,Standard,1.0,6,110.82,664.92,Online travel agency,Completed,20
SYN-B003548,2025-06-25,2025-07-17,2025-07-21,SYN-STA-09,Standard,1.0,4,105.46,421.84,Direct, completed ,22
SYN-B003549,2025-05-04,2025-07-18,2025-07-22,SYN-STA-03,Standard,2.0,4,111.08,444.32,Direct,Completed,75
SYN-B003550,2025-05-01,2025-07-18,2025-07-21,SYN-STA-06,Standard,1.0,3,107.31,0.0,Direct,Cancelled,78
SYN-B003551,2025-06-04,2025-07-18,2025-07-20,SYN-DEL-01,Deluxe,2.0,2,165.8,331.6,Online travel agency,Completed,44
SYN-B003552,2025-07-01,2025-07-18,2025-07-21,SYN-DEL-03, deluxe ,2.0,3,169.05,507.15,Direct,Completed,17
SYN-B003553,2025-07-08,2025-07-18,2025-07-20,SYN-DEL-05,Deluxe,1.0,2,173.08,346.16,Direct,Completed,10
SYN-B003554,2025-06-29,2025-07-18,2025-07-20,SYN-FAM-01,Family,1.0,2,219.99,439.98,Online travel agency,Completed,19
SYN-B003555,2025-05-22,2025-07-19,2025-07-25,SYN-STA-01,Standard,1.0,6,123.76,742.56,Online travel agency,Completed,58
SYN-B003556,2025-07-04,2025-07-19,2025-07-26,SYN-STA-05,Standard,2.0,7,113.38,793.66,Online travel agency,Completed,15
SYN-B003557,2025-03-22,2025-07-19,2025-07-22,SYN-STA-06,Standard,1.0,3,112.33,336.99,Online travel agency,Completed,119
SYN-B003558,2025-06-19,2025-07-19,2025-07-20,SYN-STA-07,Standard,2.0,1,118.82,118.82,Online travel agency,Completed,30
SYN-B003559,2025-06-28,2025-07-20,2025-07-24,SYN-STA-10,Standard,1.0,4,101.89,407.56,Online travel agency,Completed,22
SYN-B003560,2025-07-06,2025-07-20,2025-07-21,SYN-DEL-01,Deluxe,2.0,1,151.97,151.97,Direct, completed ,14
SYN-B003561,2025-02-05,2025-07-20,2025-07-26,SYN-DEL-04,Deluxe,1.0,6,149.51,897.06,Online travel agency,Completed,165
SYN-B003562,2025-07-03,2025-07-20,2025-07-26,SYN-DEL-05,Deluxe,2.0,6,155.71,0.0,Online travel agency,Cancelled,17
SYN-B003563,2025-07-02,2025-07-20,2025-07-25,SYN-FAM-01,Family,1.0,5,204.97,1024.85,Direct,Completed,18
SYN-B003564,2025-03-09,2025-07-20,2025-07-24,SYN-FAM-03,Family,2.0,4,183.01,732.04,Direct,Completed,133
SYN-B003565,2025-06-27,2025-07-21,2025-07-26,SYN-DEL-01,Deluxe,2.0,5,156.4,782.0,Online travel agency,Completed,24
SYN-B003566,2025-07-03,2025-07-21,2025-07-24,SYN-DEL-03,Deluxe,1.0,3,145.18,0.0,Online travel agency,Cancelled,18
SYN-B003567,2025-06-18,2025-07-21,2025-07-25,SYN-FAM-02,Family,1.0,4,209.32,837.28,Direct,Completed,33
SYN-B003568,2025-07-04,2025-07-22,2025-07-29,SYN-STA-03,Standard,1.0,7,102.55,717.85,Direct,Completed,18
SYN-B003569,2025-06-19,2025-07-22,2025-07-26,SYN-STA-06,Standard,2.0,4,100.27,401.08,Direct,Completed,33
SYN-B003570,2025-06-22,2025-07-22,2025-07-24,SYN-STA-07,Standard,1.0,2,105.25,210.5,Direct,Completed,30
SYN-B003571,2025-06-17,2025-07-22,2025-07-23,SYN-STA-09,Standard,2.0,1,105.89,105.89,Online travel agency,Completed,35
SYN-B003572,2025-06-23,2025-07-22,2025-07-27,SYN-DEL-03,Deluxe,2.0,5,145.88,729.4,Direct,Completed,29
SYN-B003573,2025-06-26,2025-07-23,2025-07-26,SYN-STA-02,Standard,2.0,3,99.34,298.02,Online travel agency,Completed,27
SYN-B003574,2025-07-18,2025-07-23,2025-07-26,SYN-STA-04,Standard,1.0,3,108.39,325.17,Direct,Completed,5
SYN-B003575,2025-05-22,2025-07-23,2025-07-26,SYN-STA-08,Standard,2.0,3,97.48,292.44,Online travel agency,Completed,62
SYN-B003576,2025-06-28,2025-07-23,2025-07-28,SYN-DEL-05,Deluxe,,5,149.74,748.7,Direct,Completed,25
SYN-B003577,2025-05-09,2025-07-24,2025-07-28,SYN-STA-09,Standard,2.0,4,95.08,380.32,Direct,Completed,76
SYN-B003578,2025-06-03,2025-07-24,2025-07-26,SYN-DEL-02,Deluxe,1.0,2,154.31,308.62,Online travel agency,Completed,51
SYN-B003579,2025-06-19,2025-07-24,2025-07-25,SYN-FAM-03,Family,2.0,1,209.76,0.0,Online travel agency,Cancelled,35
SYN-B003580,2025-07-11,2025-07-25,2025-07-27,SYN-STA-01,Standard,1.0,2,117.79,0.0,Direct,Cancelled,14
SYN-B003581,2025-06-10,2025-07-25,2025-07-28,SYN-STA-07,Standard,2.0,3,123.19,369.57,Direct,Completed,45
SYN-B003582,2025-07-19,2025-07-25,2025-07-31,SYN-STA-10,Standard,1.0,6,124.05,744.3,Direct,Completed,6
SYN-B003583,2025-07-03,2025-07-25,2025-07-28,SYN-FAM-01,Family,4.0,3,236.79,710.37,Direct,Completed,22
SYN-B003584,2025-07-17,2025-07-25,2025-07-29,SYN-FAM-03,Family,2.0,4,217.82,871.28,Direct,Completed,8
SYN-B003585,2025-07-16,2025-07-26,2025-08-01,SYN-STA-01,Standard,2.0,6,111.81,670.86,Online travel agency,Completed,10
SYN-B003586,2025-07-20,2025-07-26,2025-07-30,SYN-STA-02,Standard,1.0,4,123.14,492.56,Direct,Completed,6
SYN-B003587,2025-07-11,2025-07-26,2025-07-31,SYN-STA-04,Standard,1.0,5,111.37,0.0,Direct,Cancelled,15
SYN-B003588,2025-06-13,2025-07-26,2025-07-29,SYN-STA-05,Standard,2.0,3,113.67,341.01,Direct,Completed,43
SYN-B003589,2025-07-06,2025-07-26,2025-07-28,SYN-STA-06,Standard,2.0,2,115.88,231.76,Online travel agency,Completed,20
SYN-B003590,2025-07-02,2025-07-26,2025-07-29,SYN-STA-08,Standard,2.0,3,123.9,371.7,Online travel agency,Completed,24
SYN-B003591,2025-07-16,2025-07-26,2025-08-01,SYN-DEL-01,Deluxe,1.0,6,178.79,1072.74,Direct,Completed,10
SYN-B003592,2025-04-14,2025-07-26,2025-07-28,SYN-DEL-02,Deluxe,2.0,2,168.87,-1.0,Online travel agency,Completed,103
SYN-B003593,2025-07-05,2025-07-26,2025-07-31,SYN-DEL-04,Deluxe,2.0,5,164.08,820.4,Direct,Completed,21
SYN-B003594,2025-06-26,2025-07-26,2025-07-27,SYN-FAM-02,Family,4.0,1,218.5,218.5,Direct,Completed,30
SYN-B003595,2025-03-26,2025-07-27,2025-07-29,SYN-STA-04,Standard,1.0,2,99.73,0.0,Online travel agency,Cancelled,123
SYN-B003596,2025-06-10,2025-07-27,2025-08-01,SYN-FAM-02,Family,2.0,5,204.79,1023.95,Online travel agency,Completed,47
SYN-B003597,2025-06-16,2025-07-28,2025-07-29,SYN-STA-04,Standard,1.0,1,110.24,0.0,Online travel agency,Cancelled,42
SYN-B003598,2025-07-22,2025-07-28,2025-08-01,SYN-STA-06,Standard,1.0,4,98.72,394.88,Travel agent,Completed,6
SYN-B003599,2025-06-27,2025-07-28,2025-08-01,SYN-STA-09,Standard,1.0,4,109.57,438.28,Direct,Completed,31
SYN-B003600,2025-07-17,2025-07-28,2025-07-29,SYN-DEL-02,Deluxe,2.0,1,149.49,149.49,Direct,Completed,11
SYN-B003601,2025-07-05,2025-07-28,2025-07-30,SYN-DEL-05,Deluxe,2.0,2,155.95,311.9,Online travel agency,Completed,23
SYN-B003602,2025-07-04,2025-07-28,2025-08-04,SYN-FAM-01,Family,4.0,7,209.12,1463.84,Online travel agency,Completed,24
SYN-B003603,2025-05-31,2025-07-29,2025-08-02,SYN-STA-07,Standard,2.0,4,109.1,436.4,Online travel agency,Completed,59
SYN-B003604,2025-07-25,2025-07-29,2025-08-01,SYN-STA-08,Standard,2.0,3,102.66,307.98,Direct, completed ,4
SYN-B003605,2025-06-19,2025-07-29,2025-08-01,SYN-FAM-03,Family,2.0,3,191.49,574.47,Online travel agency,Completed,40
SYN-B003606,2025-07-10,2025-07-30,2025-08-03,SYN-STA-03,Standard,2.0,4,105.84,423.36,Direct,Completed,20
SYN-B003607,2025-07-09,2025-07-30,2025-08-02,SYN-STA-04,Standard,2.0,3,107.23,321.69,Online travel agency,Completed,21
SYN-B003608,2025-06-22,2025-07-30,2025-08-01,SYN-STA-05,Standard,2.0,2,110.29,220.58,Online travel agency,Completed,38
SYN-B003609,2025-07-23,2025-07-30,2025-08-03,SYN-DEL-03,Deluxe,1.0,4,156.08,624.32,Direct,Completed,7
SYN-B003610,2025-07-20,2025-07-30,2025-08-01,SYN-DEL-05,Deluxe,1.0,2,156.98,313.96,Online travel agency,Completed,10
SYN-B003611,2025-07-01,2025-07-31,2025-08-02,SYN-STA-10,Standard,2.0,2,105.08,210.16,Direct,Completed,30
SYN-B003612,2025-07-28,2025-08-01,2025-08-04,SYN-STA-01,Standard,1.0,3,117.74,353.22,Online travel agency,Completed,4
SYN-B003613,2025-07-14,2025-08-01,2025-08-02,SYN-STA-02,Standard,2.0,1,121.44,121.44,Direct,Completed,18
SYN-B003614,2025-02-02,2025-08-01,2025-08-02,SYN-STA-05,Standard,1.0,1,107.26,107.26,Direct,Completed,180
SYN-B003615,2025-07-08,2025-08-01,2025-08-07,SYN-STA-08,Standard,2.0,6,111.51,669.06,Travel agent,Completed,24
SYN-B003616,2025-07-01,2025-08-01,2025-08-05,SYN-STA-09,Standard,2.0,4,121.23,484.92,Online travel agency,Completed,31
SYN-B003617,2025-06-20,2025-08-01,2025-08-04,SYN-DEL-01,Deluxe,1.0,3,166.64,499.92,Direct,Completed,42
SYN-B003618,2025-06-28,2025-08-01,2025-08-04,SYN-DEL-02,Deluxe,1.0,3,175.58,0.0,Online travel agency,Cancelled,34
SYN-B003619,2025-07-23,2025-08-01,2025-08-03,SYN-DEL-04,Deluxe,1.0,2,169.61,0.0,Online travel agency,Cancelled,9
SYN-B003620,2025-06-27,2025-08-01,2025-08-03,SYN-DEL-05,Deluxe,1.0,2,164.72,329.44,Direct,Completed,35
SYN-B003621,2025-07-13,2025-08-01,2025-08-05,SYN-FAM-02,Family,1.0,4,216.26,865.04,Direct,Completed,19
SYN-B003622,2025-07-09,2025-08-02,2025-08-03,SYN-STA-02,Standard,1.0,1,123.88,123.88,Direct,Completed,24
SYN-B003623,2025-07-06,2025-08-02,2025-08-05,SYN-STA-04,Standard,2.0,3,112.41,0.0,Online travel agency,Cancelled,27
SYN-B003624,2025-05-02,2025-08-02,2025-08-04,SYN-STA-05,Standard,1.0,2,105.23,210.46,Online travel agency,Completed,92
SYN-B003625,2025-06-17,2025-08-02,2025-08-06,SYN-STA-06,Standard,2.0,-1,117.6,470.4,Online travel agency,Completed,46
SYN-B003626,2025-06-21,2025-08-02,2025-08-05,SYN-STA-07, standard ,1.0,3,121.85,365.55,Direct,Completed,42
SYN-B003627,2025-07-16,2025-08-02,2025-08-09,SYN-STA-10,Standard,1.0,7,113.63,795.41,Direct,Completed,17
SYN-B003628,2025-07-06,2025-08-02,2025-08-04,SYN-DEL-02,Deluxe,1.0,2,182.45,0.0,Direct,Cancelled,27
SYN-B003629,2025-07-28,2025-08-02,2025-08-04,SYN-DEL-04,Deluxe,1.0,2,169.37,338.74,Travel agent,Completed,5
SYN-B003630,2025-07-08,2025-08-02,2025-08-06,SYN-FAM-03,Family,2.0,4,227.16,908.64,Online travel agency,Completed,25
SYN-B003631,2025-06-17,2025-08-03,2025-08-08,SYN-DEL-02,Deluxe,1.0,5,152.68,763.4,Online travel agency,Completed,47
SYN-B003632,2025-06-26,2025-08-03,2025-08-09,SYN-DEL-03,Deluxe,2.0,6,155.2,0.0,Online travel agency,Cancelled,38
SYN-B003633,2025-06-30,2025-08-03,2025-08-08,SYN-DEL-05,Deluxe,2.0,5,154.83,774.15,Direct,Completed,34
SYN-B003634,2025-05-10,2025-08-04,2025-08-13,SYN-STA-02,Standard,1.0,9,95.43,858.87,Online travel agency,Completed,86
SYN-B003635,2025-07-31,2025-08-04,2025-08-07,SYN-STA-05,Standard,2.0,3,100.01,300.03,Online travel agency,Completed,4
SYN-B003636,2025-07-15,2025-08-04,2025-08-10,SYN-DEL-01,Deluxe,1.0,6,160.51,963.06,Online travel agency,Completed,20
SYN-B003637,2025-07-16,2025-08-04,2025-08-06,SYN-DEL-03,Deluxe,1.0,2,157.04,314.08,Online travel agency,Completed,19
SYN-B003638,2025-07-21,2025-08-04,2025-08-09,SYN-FAM-01,Family,1.0,5,209.77,1048.85,Direct,Completed,14
SYN-B003639,2025-07-18,2025-08-05,2025-08-10,SYN-STA-01,Standard,2.0,5,107.92,539.6,Direct,Completed,18
SYN-B003640,2025-07-16,2025-08-05,2025-08-09,SYN-STA-03,Standard,1.0,4,103.38,0.0,Online travel agency,Cancelled,20
SYN-B003641,2025-06-19,2025-08-05,2025-08-08,SYN-STA-04,Standard,2.0,3,105.81,0.0,Online travel agency,Cancelled,47
SYN-B003642,2025-07-15,2025-08-05,2025-08-08,SYN-STA-07,Standard,2.0,3,109.97,0.0,Direct,Cancelled,21
SYN-B003643,2025-07-27,2025-08-05,2025-08-10,SYN-DEL-04,Deluxe,2.0,5,153.67,768.35,Travel agent,Completed,9
SYN-B003644,2025-07-11,2025-08-06,2025-08-09,SYN-STA-03,Standard,1.0,3,110.85,332.55,Direct,Completed,26
SYN-B003645,2025-07-07,2025-08-06,2025-08-08,SYN-STA-04,Standard,1.0,2,98.74,197.48,Direct,Completed,30
SYN-B003646,2025-07-27,2025-08-06,2025-08-10,SYN-STA-09,Standard,2.0,-1,106.93,427.72,Online travel agency,Completed,10
SYN-B003647,2025-07-26,2025-08-06,2025-08-11,SYN-DEL-03,Deluxe,2.0,5,154.37,771.85,Online travel agency,Completed,11
SYN-B003648,2025-07-24,2025-08-06,2025-08-08,SYN-FAM-02,Family,2.0,2,207.05,414.1,Online travel agency,Completed,13
SYN-B003649,2025-07-13,2025-08-06,2025-08-10,SYN-FAM-03,Family,3.0,4,194.38,777.52,Travel agent,Completed,24
SYN-B003650,2025-08-06,2025-08-07,2025-08-10,SYN-STA-05,Standard,1.0,3,98.99,0.0,Direct,Cancelled,1
SYN-B003651,2025-07-13,2025-08-07,2025-08-14,SYN-STA-07,Standard,2.0,7,101.18,708.26,Online travel agency,Completed,25
SYN-B003652,2025-07-18,2025-08-07,2025-08-10,SYN-STA-08,Standard,1.0,3,101.82,-1.0,Direct,Completed,20
SYN-B003653,2025-07-13,2025-08-08,2025-08-11,SYN-STA-04,Standard,2.0,3,117.63,352.89,Travel agent,Completed,26
SYN-B003654,2025-05-24,2025-08-08,2025-08-13,SYN-STA-05,Standard,2.0,5,114.19,570.95,Online travel agency,Completed,76
SYN-B003655,2025-07-05,2025-08-08,2025-08-11,SYN-STA-06,Standard,2.0,3,115.06,345.18,Direct,Completed,34
SYN-B003656,2025-02-17,2025-08-08,2025-08-09,SYN-DEL-02,Deluxe,2.0,1,155.24,155.24,Direct,Completed,172
SYN-B003657,2025-07-03,2025-08-08,2025-08-12,SYN-DEL-05,Deluxe,1.0,4,175.15,0.0,Online travel agency,Cancelled,36
SYN-B003658,2025-07-10,2025-08-08,2025-08-12,SYN-FAM-02,Family,2.0,4,218.59,874.36,Direct,Completed,29
SYN-B003659,2025-07-17,2025-08-09,2025-08-17,SYN-STA-03,Standard,1.0,8,121.31,970.48,Online travel agency,Completed,23
SYN-B003660,2025-07-11,2025-08-09,2025-08-10,SYN-STA-10,Standard,1.0,1,117.64,0.0,Online travel agency,Cancelled,29
SYN-B003661,2025-07-27,2025-08-09,2025-08-14,SYN-DEL-02,Deluxe,2.0,5,179.53,897.65,Travel agent,Completed,13
SYN-B003662,2025-08-02,2025-08-09,2025-08-11,SYN-DEL-05,Deluxe,2.0,2,173.16,346.32,Direct,Completed,7
SYN-B003663,2025-07-30,2025-08-09,2025-08-11,SYN-FAM-01,Family,2.0,2,232.72,465.44,Direct,Completed,10
SYN-B003664,2025-08-01,2025-08-10,2025-08-11,SYN-STA-08,Standard,1.0,1,109.09,109.09,Direct,Completed,9
SYN-B003665,2025-07-21,2025-08-10,2025-08-11,SYN-STA-09,Standard,2.0,1,105.96,105.96,Direct,Completed,20
SYN-B003666,2025-05-09,2025-08-10,2025-08-15,SYN-STA-10,Standard,1.0,5,100.31,501.55,Online travel agency,Completed,93
SYN-B003667,2025-05-27,2025-08-10,2025-08-14,SYN-DEL-04,Deluxe,1.0,4,144.82,579.28,Online travel agency,Completed,75
SYN-B003668,2025-03-08,2025-08-11,2025-08-12,SYN-STA-01,Standard,2.0,1,100.67,100.67,Travel agent,Completed,156
SYN-B003669,2025-07-08,2025-08-11,2025-08-13,SYN-STA-04,Standard,1.0,2,108.15,216.3,Online travel agency,Completed,34
SYN-B003670,2025-05-21,2025-08-11,2025-08-15,SYN-STA-06,Standard,2.0,4,100.15,400.6,Direct,Completed,82
SYN-B003671,2025-05-07,2025-08-11,2025-08-16,SYN-STA-08,Standard,2.0,5,101.65,508.25,Online travel agency,Completed,96
SYN-B003672,2025-07-28,2025-08-11,2025-08-13,SYN-STA-09,Standard,1.0,2,109.17,218.34,Online travel agency,Completed,14
SYN-B003673,2025-07-13,2025-08-11,2025-08-13,SYN-DEL-01,Deluxe,1.0,2,156.13,312.26,Online travel agency,Completed,29
SYN-B003674,2025-06-23,2025-08-11,2025-08-13,SYN-DEL-03,Deluxe,2.0,2,160.08,320.16,Direct,Completed,49
SYN-B003675,2025-08-02,2025-08-11,2025-08-16,SYN-DEL-05,Deluxe,1.0,5,154.71,0.0,Online travel agency,Cancelled,9
SYN-B003676,2025-06-05,2025-08-11,2025-08-13,SYN-FAM-01,Family,1.0,2,200.17,400.34,Direct,Completed,67
SYN-B003677,2025-07-04,2025-08-11,2025-08-12,SYN-FAM-03,Family,3.0,1,199.39,199.39,Online travel agency,Completed,-1
SYN-B003678,2025-08-02,2025-08-12,2025-08-16,SYN-DEL-05,Deluxe,1.0,4,144.97,0.0,Online travel agency,Cancelled,10
SYN-B003679,2025-07-03,2025-08-12,2025-08-14,SYN-FAM-02,Family,2.0,2,214.45,428.9,Online travel agency,Completed,40
SYN-B003680,2025-06-16,2025-08-13,2025-08-15,SYN-STA-01,Standard,1.0,2,102.93,205.86,Direct,Completed,58
SYN-B003681,2025-07-09,2025-08-13,2025-08-15,SYN-STA-02,Standard,2.0,2,111.13,222.26,Online travel agency,Completed,35
SYN-B003682,2025-02-14,2025-08-13,2025-08-14,SYN-STA-04,Standard,1.0,1,98.61,98.61,Online travel agency,Completed,-1
SYN-B003683,2025-06-27,2025-08-13,2025-08-17,SYN-STA-05,Standard,,4,111.12,444.48,Direct,Completed,47
SYN-B003684,2025-07-24,2025-08-13,2025-08-15,SYN-DEL-01,Deluxe,2.0,2,162.21,0.0,Online travel agency,Cancelled,20
SYN-B003685,2025-07-26,2025-08-13,2025-08-17,SYN-DEL-03,Deluxe,2.0,4,158.41,633.64,Direct,Completed,18
SYN-B003686,2025-07-12,2025-08-13,2025-08-17,SYN-FAM-01,Family,2.0,4,193.18,772.72,Online travel agency,Completed,32
SYN-B003687,2025-07-31,2025-08-14,2025-08-16,SYN-STA-09,Standard,1.0,2,110.03,0.0,Direct,Cancelled,14
SYN-B003688,2025-08-04,2025-08-14,2025-08-18,SYN-DEL-04,Deluxe,2.0,4,148.77,595.08,Direct,Completed,10
SYN-B003689,2025-07-19,2025-08-14,2025-08-16,SYN-DEL-05,Deluxe,1.0,2,159.62,319.24,Online travel agency,Completed,26
SYN-B003690,2025-05-05,2025-08-15,2025-08-21,SYN-STA-02,Standard,2.0,6,110.06,660.36,Online travel agency,Completed,102
SYN-B003691,2025-07-03,2025-08-15,2025-08-20,SYN-STA-04,Standard,1.0,5,112.5,562.5,Travel agent,Completed,43
SYN-B003692,2025-07-16,2025-08-15,2025-08-18,SYN-STA-06,Standard,2.0,3,120.74,362.22,Online travel agency,Completed,30
SYN-B003693,2025-05-06,2025-08-15,2025-08-18,SYN-STA-09,Standard,1.0,3,116.68,350.04,Online travel agency,Completed,101
SYN-B003694,2025-07-30,2025-08-15,2025-08-21,SYN-STA-10,Standard,1.0,6,114.35,686.1,Travel agent,Completed,16
SYN-B003695,2025-07-18,2025-08-15,2025-08-16,SYN-DEL-02,Deluxe,1.0,1,177.09,177.09,Online travel agency,Completed,28
SYN-B003696,2025-05-10,2025-08-15,2025-08-19,SYN-FAM-02,Family,1.0,4,211.93,847.72,Direct,Completed,-1
SYN-B003697,2025-07-16,2025-08-15,2025-08-22,SYN-FAM-03,Family,4.0,7,234.84,1643.88,Online travel agency,Completed,30
SYN-B003698,2025-07-24,2025-08-16,2025-08-19,SYN-STA-01,Standard,1.0,3,110.56,331.68,Direct,Completed,23
SYN-B003699,2025-07-31,2025-08-16,2025-08-18,SYN-STA-07,Standard,1.0,2,122.73,245.46,Direct,Completed,16
SYN-B003700,2025-07-29,2025-08-16,2025-08-18,SYN-STA-08,Standard,2.0,2,114.03,0.0,Online travel agency,Cancelled,18
SYN-B003701,2025-06-19,2025-08-16,2025-08-19,SYN-DEL-02,Deluxe,2.0,3,178.3,534.9,Direct,Completed,58
SYN-B003702,2025-07-16,2025-08-17,2025-08-21,SYN-STA-03,Standard,1.0,4,103.79,415.16,Online travel agency,Completed,32
SYN-B003703,2025-07-18,2025-08-17,2025-08-22,SYN-DEL-01,Deluxe,1.0,5,154.12,770.6, direct ,Completed,30
SYN-B003704,2025-06-18,2025-08-17,2025-08-21,SYN-DEL-03,Deluxe,1.0,4,143.26,573.04,Direct,Completed,60
SYN-B003705,2025-06-22,2025-08-17,2025-08-20,SYN-DEL-05,Deluxe,1.0,3,148.01,444.03,Online travel agency,Completed,56
SYN-B003706,2025-06-16,2025-08-17,2025-08-18,SYN-FAM-01,Family,2.0,1,196.73,196.73,Online travel agency,Completed,62
SYN-B003707,2025-06-04,2025-08-18,2025-08-20,SYN-STA-07,Standard,2.0,2,104.34,208.68,Online travel agency,Completed,75
SYN-B003708,2025-08-10,2025-08-18,2025-08-20,SYN-DEL-04,Deluxe,2.0,2,147.81,295.62,Online travel agency,Completed,8
SYN-B003709,2025-07-25,2025-08-18,2025-08-23,SYN-FAM-01,Family,2.0,5,193.13,965.65,Direct,Completed,24
SYN-B003710,2025-08-14,2025-08-19,2025-08-22,SYN-STA-05,Standard,1.0,3,103.95,0.0,Online travel agency,Cancelled,5
SYN-B003711,2025-04-20,2025-08-19,2025-08-23,SYN-STA-08,Standard,2.0,4,102.76,0.0,Travel agent,Cancelled,121
SYN-B003712,2025-07-20,2025-08-19,2025-08-21,SYN-STA-09,Standard,2.0,2,101.32,202.64,Direct, completed ,30
SYN-B003713,2025-06-10,2025-08-19,2025-08-21,SYN-DEL-02,Deluxe,2.0,2,144.46,288.92,Online travel agency,Completed,70
SYN-B003714,2025-07-02,2025-08-20,2025-08-24,SYN-STA-01,Standard,1.0,4,108.63,434.52,Travel agent,Completed,49
SYN-B003715,2025-07-16,2025-08-20,2025-08-23,SYN-STA-06,Standard,1.0,3,105.63,316.89,Travel agent,Completed,35
SYN-B003716,2025-05-17,2025-08-20,2025-08-25,SYN-STA-08, standard ,2.0,5,101.53,507.65,Online travel agency,Completed,95
SYN-B003717,2025-07-31,2025-08-20,2025-08-26,SYN-DEL-05,Deluxe,1.0,6,162.08,972.48,Direct,Completed,20
SYN-B003718,2025-07-20,2025-08-20,2025-08-23,SYN-FAM-02,Family,4.0,3,199.92,599.76,Direct,Completed,31
SYN-B003719,2025-08-08,2025-08-21,2025-08-22,SYN-STA-02,Standard,2.0,1,108.51,108.51,Direct,Completed,13
SYN-B003720,2025-04-29,2025-08-21,2025-08-26,SYN-STA-03,Standard,2.0,5,95.18,475.9,Online travel agency,Completed,114
SYN-B003721,2025-08-09,2025-08-21,2025-08-23,SYN-STA-04,Standard,2.0,2,103.68,207.36,Online travel agency,Completed,12
SYN-B003722,2025-08-01,2025-08-21,2025-08-23,SYN-STA-05,Standard,2.0,2,108.7,217.4,Direct,Completed,20
SYN-B003723,2025-07-28,2025-08-21,2025-08-24,SYN-STA-07,Standard,1.0,3,100.78,302.34,Direct,Completed,24
SYN-B003724,2025-07-09,2025-08-21,2025-08-23,SYN-STA-09,Standard,1.0,2,103.95,207.9,Direct,Completed,43
SYN-B003725,2025-05-29,2025-08-21,2025-08-24,SYN-STA-10,Standard,2.0,3,92.88,278.64,Travel agent,Completed,84
SYN-B003726,2025-07-08,2025-08-21,2025-08-22,SYN-DEL-03,Deluxe,1.0,1,144.78,144.78,Online travel agency,Completed,44
SYN-B003727,2025-08-03,2025-08-21,2025-08-24,SYN-DEL-04,Deluxe,1.0,3,161.39,484.17,Online travel agency,Completed,18
SYN-B003728,2025-06-27,2025-08-22,2025-08-26,SYN-DEL-01,Deluxe,2.0,4,171.22,684.88,Online travel agency,Completed,56
SYN-B003729,2025-06-29,2025-08-22,2025-08-25,SYN-DEL-02,Deluxe,2.0,3,174.73,524.19,Online travel agency,Completed,54
SYN-B003730,2025-03-14,2025-08-22,2025-08-26,SYN-DEL-03,Deluxe,2.0,4,169.09,676.36,Travel agent,Completed,161
SYN-B003731,2025-08-12,2025-08-22,2025-08-25,SYN-FAM-03,Family,3.0,3,230.26,0.0,Online travel agency,Cancelled,10
SYN-B003732,2025-08-07,2025-08-23,2025-08-27,SYN-STA-02,Standard,1.0,4,116.62,466.48,Travel agent,Completed,16
SYN-B003733,2025-08-12,2025-08-23,2025-08-25,SYN-STA-04, standard ,1.0,2,114.85,229.7,Direct,Completed,11
SYN-B003734,2025-08-07,2025-08-23,2025-08-28,SYN-STA-05,Standard,2.0,5,112.14,0.0,Online travel agency,Cancelled,16
SYN-B003735,2025-07-24,2025-08-23,2025-08-26,SYN-STA-06,Standard,2.0,3,115.31,345.93,Direct,Completed,30
SYN-B003736,2025-02-24,2025-08-23,2025-08-29,SYN-STA-09,Standard,2.0,6,109.75,658.5, direct ,Completed,180
SYN-B003737,2025-07-14,2025-08-23,2025-08-26,SYN-FAM-01,Family,1.0,3,222.91,668.73,Travel agent,Completed,40
SYN-B003738,2025-07-23,2025-08-23,2025-08-27,SYN-FAM-02,Family,1.0,4,227.74,910.96,Online travel agency,Completed,31
SYN-B003739,2025-08-03,2025-08-23,2025-08-27,SYN-FAM-03,Family,4.0,4,219.78,879.12,Direct,Completed,20
SYN-B003740,2025-07-12,2025-08-24,2025-08-28,SYN-STA-01,Standard,2.0,4,99.69,398.76,Direct,Completed,43
SYN-B003741,2025-08-21,2025-08-24,2025-08-30,SYN-STA-05,Standard,2.0,6,110.73,0.0,Online travel agency,Cancelled,3
SYN-B003742,2025-07-02,2025-08-24,2025-08-26,SYN-STA-07,Standard,2.0,2,106.34,0.0,Travel agent,Cancelled,53
SYN-B003743,2025-07-28,2025-08-24,2025-08-27,SYN-DEL-04,Deluxe,1.0,3,150.4,451.2,Direct,Completed,27
SYN-B003744,2025-03-09,2025-08-25,2025-08-30,SYN-STA-04,Standard,2.0,5,92.82,464.1,Online travel agency,Completed,169
SYN-B003745,2025-07-17,2025-08-25,2025-08-26,SYN-STA-05,Standard,2.0,1,105.0,105.0,Online travel agency,Completed,39
SYN-B003746,2025-08-08,2025-08-25,2025-08-29,SYN-STA-08,Standard,1.0,4,101.75,407.0,Direct,Completed,17
SYN-B003747,2025-08-07,2025-08-25,2025-08-30,SYN-STA-10,Standard,2.0,5,102.73,513.65,Direct,Completed,18
SYN-B003748,2025-05-20,2025-08-26,2025-08-30,SYN-STA-06,Standard,1.0,-1,95.65,382.6,Direct,Completed,98
SYN-B003749,2025-08-03,2025-08-26,2025-09-01,SYN-DEL-01,Deluxe,1.0,6,158.87,953.22,Direct,Completed,23
SYN-B003750,2025-07-31,2025-08-26,2025-08-30,SYN-DEL-03,Deluxe,1.0,4,147.96,591.84,Online travel agency,Completed,26
SYN-B003751,2025-07-27,2025-08-26,2025-08-30,SYN-FAM-01,Family,1.0,4,212.85,0.0,Direct,Cancelled,30
SYN-B003752,2025-08-16,2025-08-27,2025-09-01,SYN-STA-02,Standard,1.0,5,104.26,521.3,Online travel agency,Completed,11
SYN-B003753,2025-08-25,2025-08-27,2025-08-29,SYN-STA-07,Standard,2.0,2,106.6,213.2,Direct,Completed,2
SYN-B003754,2025-07-01,2025-08-27,2025-08-30,SYN-DEL-02,Deluxe,2.0,3,156.38,469.14,Online travel agency,Completed,57
SYN-B003755,2025-08-20,2025-08-27,2025-08-31,SYN-FAM-03,Family,4.0,4,191.13,764.52,Travel agent,Completed,7
SYN-B003756,2025-06-26,2025-08-28,2025-08-31,SYN-STA-01,Standard,2.0,3,102.11,306.33,Online travel agency,Completed,63
SYN-B003757,2025-06-18,2025-08-28,2025-08-31,SYN-STA-05,Standard,2.0,3,102.55,307.65,Online travel agency,Completed,71
SYN-B003758,2025-07-23,2025-08-28,2025-08-30,SYN-DEL-05,Deluxe,2.0,2,152.95,305.9,Online travel agency,Completed,36
SYN-B003759,2025-05-01,2025-08-28,2025-08-31,SYN-FAM-01,Family,1.0,3,190.34,571.02,Direct, completed ,119
SYN-B003760,2025-06-06,2025-08-29,2025-09-06,SYN-STA-03,Standard,2.0,8,109.93,879.44,Travel agent,Completed,84
SYN-B003761,2025-08-15,2025-08-29,2025-09-02,SYN-STA-07,Standard,1.0,4,122.96,491.84,Online travel agency,Completed,14
SYN-B003762,2025-08-08,2025-08-29,2025-08-31,SYN-STA-08,Standard,1.0,2,124.45,0.0,Online travel agency,Cancelled,21
SYN-B003763,2025-07-31,2025-08-29,2025-09-01,SYN-STA-09,Standard,1.0,3,116.97,0.0,Online travel agency,Cancelled,29
SYN-B003764,2025-07-31,2025-08-29,2025-09-03,SYN-DEL-04,Deluxe,2.0,5,173.68,868.4,Online travel agency,Completed,29
SYN-B003765,2025-08-13,2025-08-30,2025-09-01,SYN-STA-04,Standard,2.0,2,115.44,230.88,Online travel agency,Completed,17
SYN-B003766,2025-05-30,2025-08-30,2025-09-02,SYN-STA-06,Standard,2.0,3,109.33,327.99,Direct,Completed,92
SYN-B003767,2025-07-18,2025-08-30,2025-09-01,SYN-STA-08,Standard,2.0,2,110.96,221.92,Online travel agency,Completed,43
SYN-B003768,2025-08-23,2025-08-30,2025-09-01,SYN-STA-09,Standard,2.0,2,117.95,0.0,Online travel agency,Cancelled,7
SYN-B003769,2025-08-19,2025-08-30,2025-09-05,SYN-STA-10,Standard,1.0,6,114.11,684.66,Online travel agency,Completed,11
SYN-B003770,2025-08-07,2025-08-30,2025-08-31,SYN-DEL-02,Deluxe,1.0,1,174.79,174.79,Direct,Completed,23
SYN-B003771,2025-08-02,2025-08-30,2025-09-02,SYN-DEL-03,Deluxe,1.0,3,176.79,530.37,Online travel agency,Completed,28
SYN-B003772,2025-08-23,2025-08-30,2025-09-01,SYN-DEL-05,Deluxe,1.0,2,178.51,0.0,Online travel agency,Cancelled,7
SYN-B003773,2025-08-08,2025-08-30,2025-09-03,SYN-FAM-02,Family,1.0,4,213.78,855.12,Travel agent,Completed,22
SYN-B003774,2025-08-04,2025-08-31,2025-09-05,SYN-STA-05,Standard,2.0,5,105.53,527.65,Direct,Completed,27
SYN-B003775,2025-07-15,2025-08-31,2025-09-02,SYN-DEL-02,Deluxe,1.0,2,158.82,317.64,Online travel agency,Completed,47
SYN-B003776,2025-06-20,2025-08-31,2025-09-03,SYN-FAM-01,Family,2.0,3,196.39,589.17,Online travel agency,Completed,72
SYN-B003777,2025-08-15,2025-08-31,2025-09-02,SYN-FAM-03,Family,1.0,2,196.01,392.02,Direct,Completed,16
SYN-B003778,2025-07-16,2025-09-01,2025-09-03,SYN-STA-01,Standard,2.0,2,85.34,0.0,Online travel agency,Cancelled,47
SYN-B003779,2025-08-27,2025-09-01,2025-09-04,SYN-STA-08,Standard,2.0,3,83.01,249.03,Direct,Completed,5
SYN-B003780,2025-08-05,2025-09-01,2025-09-03,SYN-STA-09,Standard,1.0,2,86.93,173.86,Online travel agency,Completed,27
SYN-B003781,2025-08-25,2025-09-01,2025-09-06,SYN-DEL-01,Deluxe,2.0,5,121.07,605.35,Direct,Completed,7
SYN-B003782,2025-08-25,2025-09-01,2025-09-03,SYN-DEL-05,Deluxe,2.0,2,125.83,0.0,Online travel agency,Cancelled,7
SYN-B003783,2025-08-29,2025-09-02,2025-09-05,SYN-STA-07,Standard,2.0,3,83.76,251.28,Online travel agency,Completed,4
SYN-B003784,2025-08-20,2025-09-02,2025-09-03,SYN-DEL-03,Deluxe,1.0,1,115.61,115.61,Direct,Completed,13
SYN-B003785,2025-08-23,2025-09-02,2025-09-03,SYN-FAM-03,Family,1.0,1,162.19,162.19,Online travel agency,Completed,10
SYN-B003786,2025-08-26,2025-09-03,2025-09-06,SYN-STA-01,Standard,1.0,3,86.79,260.37,Travel agent,Completed,8
SYN-B003787,2025-08-31,2025-09-03,2025-09-04,SYN-DEL-02,Deluxe,2.0,1,114.34,114.34,Direct,Completed,3
SYN-B003788,2025-08-22,2025-09-03,2025-09-06,SYN-DEL-03,Deluxe,2.0,3,116.97,350.91,Direct,Completed,12
SYN-B003789,2025-08-30,2025-09-03,2025-09-06,SYN-DEL-05,Deluxe,1.0,3,128.16,384.48,Online travel agency,Completed,4
SYN-B003790,2025-08-22,2025-09-04,2025-09-07,SYN-STA-04,Standard,2.0,3,83.78,251.34,Online travel agency,Completed,13
SYN-B003791,2025-08-20,2025-09-04,2025-09-06,SYN-STA-08,Standard,2.0,2,81.52,163.04,Online travel agency,Completed,15
SYN-B003792,2025-08-31,2025-09-04,2025-09-08,SYN-STA-09,Standard,2.0,4,81.74,326.96,Online travel agency,Completed,4
SYN-B003793,2025-08-26,2025-09-04,2025-09-05,SYN-DEL-04,Deluxe,2.0,1,118.86,118.86,Direct,Completed,9
SYN-B003794,2025-08-27,2025-09-05,2025-09-06,SYN-DEL-02,Deluxe,2.0,1,143.4,143.4,Online travel agency,Completed,9
SYN-B003795,2025-08-25,2025-09-05,2025-09-06,SYN-FAM-03,Family,3.0,1,186.84,0.0,Online travel agency,Cancelled,-1
SYN-B003796,2025-08-22,2025-09-06,2025-09-07,SYN-STA-01,Standard,2.0,1,93.07,93.07,Direct,Completed,15
SYN-B003797,2025-08-26,2025-09-06,2025-09-08,SYN-STA-10,Standard,2.0,2,88.04,176.08,Direct,Completed,11
SYN-B003798,2025-08-15,2025-09-06,2025-09-07,SYN-DEL-01,Deluxe,2.0,1,130.76,130.76,Online travel agency,Completed,22
SYN-B003799,2025-08-31,2025-09-06,2025-09-07,SYN-DEL-04,Deluxe,2.0,1,130.79,130.79,Direct,Completed,6
SYN-B003800,2025-08-27,2025-09-06,2025-09-09,SYN-DEL-05,Deluxe,1.0,3,139.65,418.95,Direct,Completed,10
SYN-B003801,2025-08-22,2025-09-07,2025-09-10,SYN-STA-02,Standard,1.0,3,82.81,248.43,Travel agent,Completed,16
SYN-B003802,2025-08-26,2025-09-07,2025-09-10,SYN-STA-03,Standard,2.0,3,87.37,262.11,Online travel agency,Completed,12
SYN-B003803,2025-08-29,2025-09-07,2025-09-08,SYN-STA-04,Standard,1.0,1,78.19,78.19,Direct,Completed,9
SYN-B003804,2025-06-20,2025-09-07,2025-09-10,SYN-STA-05,Standard,2.0,3,76.44,229.32,Online travel agency,Completed,79
SYN-B003805,2025-08-31,2025-09-07,2025-09-11,SYN-DEL-01,Deluxe,2.0,4,122.23,488.92,Online travel agency,Completed,7
SYN-B003806,2025-08-20,2025-09-07,2025-09-08,SYN-DEL-02,Deluxe,1.0,1,115.21,115.21,Online travel agency,Completed,18
SYN-B003807,2025-08-03,2025-09-07,2025-09-09,SYN-DEL-03,Deluxe,2.0,2,124.61,249.22,Online travel agency,Completed,35
SYN-B003808,2025-08-03,2025-09-07,2025-09-09,SYN-FAM-01,Family,4.0,2,164.83,329.66,Direct,Completed,35
SYN-B003809,2025-08-20,2025-09-07,2025-09-11,SYN-FAM-03,Family,3.0,4,152.42,609.68,Direct, completed ,18
SYN-B003810,2025-07-14,2025-09-08,2025-09-11,SYN-STA-07,Standard,1.0,3,86.29,258.87, travel agent ,Completed,56
SYN-B003811,2025-09-06,2025-09-08,2025-09-14,SYN-STA-09,Standard,1.0,6,80.22,481.32,Online travel agency,Completed,2
SYN-B003812,2025-08-28,2025-09-08,2025-09-12,SYN-DEL-04,Deluxe,1.0,4,125.02,500.08,Online travel agency,Completed,11
SYN-B003813,2025-08-27,2025-09-08,2025-09-10,SYN-FAM-02,Family,1.0,2,158.29,316.58,Direct,Completed,12
SYN-B003814,2025-08-18,2025-09-09,2025-09-13,SYN-STA-01,Standard,2.0,4,83.53,334.12,Direct,Completed,22
SYN-B003815,2025-08-14,2025-09-09,2025-09-13,SYN-STA-06,Standard,2.0,4,86.52,346.08,Travel agent,Completed,26
SYN-B003816,2025-08-26,2025-09-09,2025-09-12,SYN-DEL-02,Deluxe,1.0,3,116.89,350.67,Online travel agency,Completed,14
SYN-B003817,2025-09-05,2025-09-09,2025-09-11,SYN-DEL-03,Deluxe,2.0,2,127.84,255.68,Online travel agency,Completed,4
SYN-B003818,2025-08-31,2025-09-09,2025-09-11,SYN-FAM-01,Family,4.0,2,160.35,0.0,Travel agent,Cancelled,9
SYN-B003819,2025-08-15,2025-09-10,2025-09-13,SYN-STA-03,Standard,2.0,3,85.36,256.08,Direct,Completed,26
SYN-B003820,2025-06-26,2025-09-10,2025-09-11,SYN-STA-08,Standard,1.0,1,73.15,73.15,Direct,Completed,76
SYN-B003821,2025-08-12,2025-09-10,2025-09-15,SYN-FAM-01,Family,4.0,5,160.33,801.65,Online travel agency,Completed,29
SYN-B003822,2025-08-31,2025-09-11,2025-09-14,SYN-STA-02,Standard,1.0,3,78.02,234.06,Travel agent,Completed,11
SYN-B003823,2025-08-30,2025-09-11,2025-09-14,SYN-STA-05,Standard,2.0,3,81.59,244.77,Online travel agency,Completed,12
SYN-B003824,2025-07-08,2025-09-11,2025-09-14,SYN-STA-10,Standard,2.0,3,74.23,222.69,Direct,Completed,65
SYN-B003825,2025-09-03,2025-09-11,2025-09-13,SYN-DEL-05,Deluxe,2.0,2,125.36,250.72,Travel agent,Completed,8
SYN-B003826,2025-08-13,2025-09-11,2025-09-13,SYN-FAM-02,Family,2.0,-1,168.06,336.12,Online travel agency,Completed,29
SYN-B003827,2025-08-28,2025-09-12,2025-09-14,SYN-STA-04,Standard,1.0,2,96.91,193.82,Online travel agency,Completed,15
SYN-B003828,2025-08-06,2025-09-12,2025-09-13,SYN-STA-07,Standard,2.0,1,89.85,89.85,Direct,Completed,37
SYN-B003829,2025-09-06,2025-09-12,2025-09-13,SYN-STA-08,Standard,2.0,1,89.97,89.97,Direct,Completed,6
SYN-B003830,2025-09-02,2025-09-12,2025-09-15,SYN-DEL-02,Deluxe,2.0,3,142.46,427.38,Direct,Completed,10
SYN-B003831,2025-08-28,2025-09-12,2025-09-15,SYN-DEL-04,Deluxe,2.0,3,131.14,393.42,Online travel agency,Completed,15
SYN-B003832,2025-08-22,2025-09-13,2025-09-17,SYN-STA-01,Standard,2.0,4,94.13,376.52,Online travel agency,Completed,22
SYN-B003833,2025-09-11,2025-09-13,2025-09-16,SYN-STA-03,Standard,2.0,3,97.79,0.0,Online travel agency,Cancelled,2
SYN-B003834,2025-09-02,2025-09-13,2025-09-17,SYN-DEL-01,Deluxe,2.0,4,141.33,565.32,Direct,Completed,11
SYN-B003835,2025-07-28,2025-09-13,2025-09-16,SYN-DEL-03,Deluxe,2.0,3,129.91,389.73,Direct,Completed,47
SYN-B003836,2025-09-11,2025-09-14,2025-09-17,SYN-DEL-05,Deluxe,1.0,3,117.58,352.74,Direct,Completed,3
SYN-B003837,2025-09-03,2025-09-15,2025-09-16,SYN-STA-02,Standard,1.0,1,79.21,79.21,Direct,Completed,12
SYN-B003838,2025-09-11,2025-09-15,2025-09-20,SYN-STA-04,Standard,2.0,5,85.13,0.0,Direct,Cancelled,4
SYN-B003839,2025-09-10,2025-09-15,2025-09-18,SYN-STA-05,Standard,2.0,3,78.45,235.35,Online travel agency,Completed,5
SYN-B003840,2025-09-06,2025-09-15,2025-09-20,SYN-STA-06,Standard,1.0,5,82.55,0.0,Online travel agency,Cancelled,9
SYN-B003841,2025-08-10,2025-09-15,2025-09-19,SYN-STA-07,Standard,1.0,4,86.87,347.48,Online travel agency,Completed,36
SYN-B003842,2025-08-25,2025-09-15,2025-09-16,SYN-STA-08,Standard,1.0,1,81.89,81.89,Travel agent,Completed,21
SYN-B003843,2025-08-22,2025-09-15,2025-09-20,SYN-STA-10,Standard,1.0,5,77.81,389.05,Direct,Completed,24
SYN-B003844,2025-09-06,2025-09-15,2025-09-18,SYN-DEL-04,Deluxe,2.0,3,115.87,347.61,Online travel agency,Completed,9
SYN-B003845,2025-09-09,2025-09-16,2025-09-18,SYN-STA-02,Standard,2.0,2,78.51,157.02,Online travel agency,Completed,7
SYN-B003846,2025-08-10,2025-09-16,2025-09-19,SYN-STA-03,Standard,1.0,3,84.2,252.6,Direct,Completed,37
SYN-B003847,2025-08-29,2025-09-16,2025-09-18,SYN-STA-08,Standard,2.0,2,80.72,0.0,Travel agent,Cancelled,18
SYN-B003848,2025-08-08,2025-09-16,2025-09-18,SYN-STA-09,Standard,1.0,2,83.85,167.7,Direct,Completed,39
SYN-B003849,2025-09-08,2025-09-16,2025-09-18,SYN-DEL-02,Deluxe,2.0,2,122.66,245.32,Online travel agency,Completed,8
SYN-B003850,2025-08-29,2025-09-16,2025-09-20,SYN-FAM-01,Family,2.0,4,154.0,616.0,Direct,Completed,18
SYN-B003851,2025-09-09,2025-09-16,2025-09-17,SYN-FAM-02,Family,2.0,1,153.65,153.65,Online travel agency,Completed,7
SYN-B003852,2025-08-24,2025-09-17,2025-09-19,SYN-STA-01,Standard,1.0,-1,79.82,159.64,Online travel agency,Completed,24
SYN-B003853,2025-09-11,2025-09-17,2025-09-19,SYN-STA-04,Standard,1.0,2,81.26,0.0,Online travel agency,Cancelled,6
SYN-B003854,2025-09-03,2025-09-17,2025-09-19,SYN-STA-06,Standard,1.0,2,82.65,165.3, online travel agency ,Completed,14
SYN-B003855,2025-08-28,2025-09-17,2025-09-21,SYN-STA-08,Standard,1.0,4,82.76,331.04,Direct,Completed,20
SYN-B003856,2025-08-31,2025-09-18,2025-09-20,SYN-STA-04,Standard,2.0,2,81.98,163.96, online travel agency ,Completed,18
SYN-B003857,2025-07-10,2025-09-18,2025-09-21,SYN-STA-05,Standard,1.0,3,74.33,222.99,Online travel agency,Completed,70
SYN-B003858,2025-09-04,2025-09-18,2025-09-23,SYN-STA-09,Standard,1.0,5,84.07,0.0,Online travel agency,Cancelled,14
SYN-B003859,2025-08-25,2025-09-18,2025-09-21,SYN-DEL-02,Deluxe,2.0,3,119.84,359.52,Online travel agency,Completed,24
SYN-B003860,2025-09-13,2025-09-18,2025-09-21,SYN-DEL-03,Deluxe,1.0,3,114.75,344.25,Online travel agency,Completed,5
SYN-B003861,2025-08-23,2025-09-19,2025-09-22,SYN-STA-01,Standard,2.0,3,88.45,265.35,Online travel agency,Completed,27
SYN-B003862,2025-09-12,2025-09-19,2025-09-21,SYN-STA-02,Standard,1.0,2,89.42,178.84,Online travel agency,Completed,7
SYN-B003863,2025-09-05,2025-09-19,2025-09-22,SYN-STA-09,Standard,1.0,3,92.02,0.0,Online travel agency,Cancelled,14
SYN-B003864,2025-09-06,2025-09-19,2025-09-21,SYN-DEL-05,Deluxe,2.0,2,130.04,260.08,Direct,Completed,13
SYN-B003865,2025-09-11,2025-09-19,2025-09-21,SYN-FAM-03,Family,1.0,2,183.46,366.92, online travel agency ,Completed,8
SYN-B003866,2025-07-11,2025-09-20,2025-09-22,SYN-STA-03,Standard,1.0,2,89.0,178.0,Direct,Completed,71
SYN-B003867,2025-09-10,2025-09-20,2025-09-23,SYN-STA-04,Standard,2.0,3,96.45,0.0,Online travel agency,Cancelled,10
SYN-B003868,2025-09-16,2025-09-20,2025-09-24,SYN-STA-09,Standard,1.0,4,95.08,380.32,Online travel agency,Completed,4
SYN-B003869,2025-08-20,2025-09-20,2025-09-23,SYN-FAM-02,Family,1.0,3,185.41,556.23,Direct,Completed,31
SYN-B003870,2025-09-02,2025-09-21,2025-09-22,SYN-STA-02,Standard,2.0,1,86.34,86.34,Online travel agency,Completed,19
SYN-B003871,2025-08-29,2025-09-21,2025-09-26,SYN-STA-04,Standard,1.0,5,85.47,427.35,Direct,Completed,23
SYN-B003872,2025-09-06,2025-09-21,2025-09-23,SYN-STA-05,Standard,2.0,2,84.26,168.52,Direct,Completed,15
SYN-B003873,2025-08-30,2025-09-21,2025-09-26,SYN-STA-07,Standard,2.0,5,80.92,-1.0,Online travel agency,Cancelled,22
SYN-B003874,2025-07-15,2025-09-21,2025-09-23,SYN-DEL-02,Deluxe,1.0,2,112.55,225.1,Direct,Completed,68
SYN-B003875,2025-09-06,2025-09-21,2025-09-22,SYN-DEL-05,Deluxe,2.0,1,124.5,124.5,Direct,Completed,15
SYN-B003876,2025-09-07,2025-09-21,2025-09-23,SYN-FAM-03,Family,1.0,2,152.43,304.86,Online travel agency,Completed,14
SYN-B003877,2025-09-07,2025-09-22,2025-09-25,SYN-STA-07,Standard,1.0,3,81.22,243.66,Online travel agency,Completed,15
SYN-B003878,2025-08-15,2025-09-22,2025-09-25,SYN-STA-08,Standard,2.0,3,86.39,259.17,Online travel agency,Completed,38
SYN-B003879,2025-09-10,2025-09-23,2025-09-26,SYN-STA-01,Standard,2.0,3,78.7,236.1,Direct,Completed,13
SYN-B003880,2025-09-20,2025-09-23,2025-09-25,SYN-STA-05,Standard,2.0,2,79.49,158.98,Direct,Completed,3
SYN-B003881,2025-09-03,2025-09-23,2025-09-25,SYN-STA-10,Standard,2.0,2,79.12,158.24,Travel agent,Completed,20
SYN-B003882,2025-08-03,2025-09-23,2025-09-27,SYN-DEL-05,Deluxe,1.0,4,114.18,456.72,Online travel agency,Completed,51
SYN-B003883,2025-08-31,2025-09-23,2025-09-25,SYN-FAM-03,Family,2.0,2,151.82,303.64,Direct,Completed,23
SYN-B003884,2025-08-24,2025-09-24,2025-09-25,SYN-STA-02,Standard,2.0,1,79.08,79.08,Direct,Completed,31
SYN-B003885,2025-09-11,2025-09-24,2025-09-26,SYN-DEL-02,Deluxe,1.0,2,121.17,242.34,Direct,Completed,13
SYN-B003886,2025-09-01,2025-09-24,2025-09-26,SYN-DEL-04,Deluxe,,2,121.19,242.38,Online travel agency,Completed,23
SYN-B003887,2025-08-27,2025-09-24,2025-09-27,SYN-FAM-01,Family,1.0,3,151.81,455.43,Online travel agency,Completed,28
SYN-B003888,2025-08-30,2025-09-25,2025-09-27,SYN-STA-09,Standard,1.0,2,80.29,160.58,Online travel agency,Completed,26
SYN-B003889,2025-08-14,2025-09-25,2025-09-28,SYN-STA-10,Standard,2.0,3,86.71,0.0,Online travel agency,Cancelled,42
SYN-B003890,2025-09-19,2025-09-25,2025-09-28,SYN-DEL-01,Deluxe,1.0,3,114.65,343.95,Direct,Completed,6
SYN-B003891,2025-09-18,2025-09-25,2025-09-28,SYN-FAM-02,Family,1.0,3,158.29,474.87,Online travel agency,Completed,7
SYN-B003892,2025-09-16,2025-09-25,2025-09-27,SYN-FAM-03,Family,3.0,2,159.65,319.3,Direct,Completed,9
SYN-B003893,2025-09-11,2025-09-26,2025-09-27,SYN-STA-01,Standard,2.0,1,89.13,89.13,Online travel agency,Completed,15
SYN-B003894,2025-09-15,2025-09-26,2025-09-28,SYN-STA-02,Standard,1.0,2,94.86,189.72,Online travel agency,Completed,11
SYN-B003895,2025-08-26,2025-09-26,2025-09-27,SYN-STA-04,Standard,2.0,1,94.31,94.31,Direct,Completed,31
SYN-B003896,2025-06-04,2025-09-26,2025-09-30,SYN-STA-05,Standard,1.0,4,87.83,351.32,Online travel agency,Completed,114
SYN-B003897,2025-08-29,2025-09-26,2025-09-28,SYN-STA-06,Standard,2.0,2,95.14,190.28,Direct,Completed,28
SYN-B003898,2025-09-16,2025-09-26,2025-09-27,SYN-STA-07,Standard,1.0,1,94.92,94.92,Online travel agency,Completed,10
SYN-B003899,2025-09-01,2025-09-26,2025-09-30,SYN-STA-10,Standard,2.0,4,93.69,374.76,Direct,Completed,25
SYN-B003900,2025-09-13,2025-09-26,2025-09-28,SYN-DEL-02,Deluxe,2.0,2,135.5,271.0, online travel agency ,Completed,13
SYN-B003901,2025-09-03,2025-09-27,2025-09-30,SYN-STA-01,Standard,1.0,3,92.27,276.81,Direct,Completed,24
SYN-B003902,2025-09-11,2025-09-27,2025-10-01,SYN-STA-03,Standard,2.0,4,87.3,349.2,Online travel agency, completed ,16
SYN-B003903,2025-09-14,2025-09-27,2025-09-30,SYN-STA-04,Standard,1.0,3,91.83,0.0,Direct,Cancelled,13
SYN-B003904,2025-09-20,2025-09-27,2025-09-30,SYN-STA-07,Standard,1.0,3,97.42,292.26,Online travel agency,Completed,7
SYN-B003905,2025-08-26,2025-09-27,2025-09-30,SYN-STA-09,Standard,2.0,3,93.95,281.85,Online travel agency,Completed,32
SYN-B003906,2025-09-01,2025-09-27,2025-09-30,SYN-DEL-03,Deluxe,2.0,3,142.72,428.16,Direct,Completed,26
SYN-B003907,2025-09-24,2025-09-27,2025-10-01,SYN-FAM-03,Family,3.0,4,179.43,0.0,Online travel agency,Cancelled,3
SYN-B003908,2025-09-24,2025-09-28,2025-10-02,SYN-DEL-02,Deluxe,1.0,4,114.16,456.64,Online travel agency,Completed,4
SYN-B003909,2025-07-08,2025-09-28,2025-10-01,SYN-DEL-05,Deluxe,1.0,3,115.57,346.71,Online travel agency,Completed,82
SYN-B003910,2025-08-21,2025-09-29,2025-10-04,SYN-STA-04, standard ,1.0,5,79.42,397.1,Online travel agency,Completed,39
SYN-B003911,2025-08-14,2025-09-29,2025-10-03,SYN-STA-06,Standard,1.0,4,80.21,320.84,Online travel agency,Completed,46
SYN-B003912,2025-09-16,2025-09-29,2025-10-01,SYN-DEL-01,Deluxe,1.0,2,114.99,229.98,Travel agent,Completed,13
SYN-B003913,2025-09-16,2025-09-29,2025-10-01,SYN-FAM-01,Family,2.0,2,157.22,314.44,Online travel agency,Completed,13
SYN-B003914,2025-08-21,2025-09-30,2025-10-01,SYN-STA-02,Standard,2.0,1,80.84,80.84,Direct,Completed,40
SYN-B003915,2025-09-23,2025-09-30,2025-10-02,SYN-STA-05,Standard,2.0,2,80.64,161.28,Direct,Completed,7
SYN-B003916,2025-09-26,2025-09-30,2025-10-03,SYN-STA-07,Standard,1.0,3,78.07,234.21,Direct,Completed,4
SYN-B003917,2025-08-24,2025-09-30,2025-10-04,SYN-STA-09,Standard,1.0,4,84.32,0.0,Direct,Cancelled,37
SYN-B003918,2025-07-27,2025-09-30,2025-10-04,SYN-STA-10,Standard,2.0,4,79.04,316.16,Direct, completed ,65
SYN-B003919,2025-06-11,2025-09-30,2025-10-03,SYN-DEL-03,Deluxe,1.0,3,113.69,341.07,Online travel agency,Completed,-1
SYN-B003920,2025-09-26,2025-10-01,2025-10-04,SYN-STA-02,Standard,1.0,3,86.07,258.21,Online travel agency,Completed,5
SYN-B003921,2025-08-26,2025-10-01,2025-10-04,SYN-DEL-04,Deluxe,1.0,3,122.73,0.0,Direct,Cancelled,36
SYN-B003922,2025-09-23,2025-10-02,2025-10-04,SYN-STA-08,Standard,2.0,2,80.37,160.74,Travel agent,Completed,9
SYN-B003923,2025-09-11,2025-10-02,2025-10-04,SYN-FAM-02,Family,1.0,2,150.5,301.0,Direct,Completed,21
SYN-B003924,2025-09-17,2025-10-03,2025-10-06,SYN-STA-07,Standard,1.0,3,96.55,289.65,Direct,Completed,16
SYN-B003925,2025-09-22,2025-10-03,2025-10-07,SYN-DEL-05,Deluxe,1.0,4,136.82,547.28,Direct,Completed,11
SYN-B003926,2025-09-29,2025-10-03,2025-10-06,SYN-FAM-01,Family,3.0,3,174.64,523.92,Direct,Completed,4
SYN-B003927,2025-09-24,2025-10-04,2025-10-06,SYN-STA-02,Standard,2.0,-1,92.64,185.28,Direct,Completed,10
SYN-B003928,2025-09-17,2025-10-04,2025-10-07,SYN-STA-03,Standard,,3,97.9,293.7,Online travel agency,Completed,17
SYN-B003929,2025-09-29,2025-10-04,2025-10-06,SYN-STA-04,Standard,2.0,2,96.7,0.0,Online travel agency,Cancelled,5
SYN-B003930,2025-09-17,2025-10-04,2025-10-06,SYN-STA-09,Standard,2.0,2,89.19,178.38,Direct,Completed,17
SYN-B003931,2025-09-20,2025-10-05,2025-10-06,SYN-STA-01,Standard,2.0,1,82.92,82.92,Direct,Completed,15
SYN-B003932,2025-09-07,2025-10-05,2025-10-08,SYN-STA-06,Standard,2.0,3,83.98,251.94,Direct,Completed,28
SYN-B003933,2025-09-22,2025-10-05,2025-10-08,SYN-FAM-02,Family,4.0,3,169.41,508.23,Online travel agency,Completed,13
SYN-B003934,2025-09-20,2025-10-06,2025-10-09,SYN-STA-05,Standard,1.0,3,77.95,233.85,Direct,Completed,16
SYN-B003935,2025-09-17,2025-10-06,2025-10-11,SYN-STA-08,Standard,1.0,5,78.91,394.55,Online travel agency,Completed,19
SYN-B003936,2025-09-26,2025-10-06,2025-10-08,SYN-STA-10,Standard,1.0,2,82.01,164.02,Travel agent,Completed,10
SYN-B003937,2025-09-24,2025-10-06,2025-10-10,SYN-DEL-01,Deluxe,1.0,4,127.16,508.64, direct ,Completed,12
SYN-B003938,2025-09-23,2025-10-06,2025-10-12,SYN-DEL-02,Deluxe,2.0,6,123.92,743.52,Travel agent,Completed,13
SYN-B003939,2025-10-04,2025-10-06,2025-10-09,SYN-DEL-04,Deluxe,1.0,3,127.29,381.87,Travel agent,Completed,2
SYN-B003940,2025-07-09,2025-10-07,2025-10-10,SYN-STA-03,Standard,1.0,3,78.86,236.58,Direct,Completed,90
SYN-B003941,2025-09-05,2025-10-07,2025-10-10,SYN-DEL-05,Deluxe,1.0,3,123.74,371.22,Direct,Completed,32
SYN-B003942,2025-10-01,2025-10-07,2025-10-11,SYN-FAM-01,Family,4.0,4,151.41,605.64,Travel agent,Completed,6
SYN-B003943,2025-08-20,2025-10-08,2025-10-09,SYN-DEL-03,Deluxe,1.0,1,126.11,0.0,Direct,Cancelled,49
SYN-B003944,2025-09-26,2025-10-09,2025-10-10,SYN-STA-02,Standard,2.0,1,79.04,79.04,Online travel agency,Completed,13
SYN-B003945,2025-10-04,2025-10-09,2025-10-13,SYN-STA-06,Standard,1.0,4,78.56,314.24,Online travel agency,Completed,5
SYN-B003946,2025-10-06,2025-10-09,2025-10-12,SYN-STA-07,Standard,2.0,3,80.37,241.11,Direct,Completed,3
SYN-B003947,2025-10-04,2025-10-09,2025-10-13,SYN-STA-09,Standard,2.0,4,77.8,311.2,Direct,Completed,5
SYN-B003948,2025-09-09,2025-10-09,2025-10-12,SYN-STA-10,Standard,1.0,3,83.87,251.61,Direct,Completed,30
SYN-B003949,2025-08-21,2025-10-09,2025-10-14,SYN-DEL-04,Deluxe,2.0,5,119.06,0.0,Travel agent,Cancelled,49
SYN-B003950,2025-09-21,2025-10-10,2025-10-13,SYN-STA-02,Standard,2.0,3,92.1,276.3,Travel agent,Completed,19
SYN-B003951,2025-09-25,2025-10-10,2025-10-14,SYN-STA-03, standard ,1.0,4,93.96,375.84,Online travel agency,Completed,15
SYN-B003952,2025-09-14,2025-10-10,2025-10-11,SYN-STA-05,Standard,2.0,1,97.52,0.0,Online travel agency,Cancelled,26
SYN-B003953,2025-09-04,2025-10-10,2025-10-13,SYN-FAM-03,Family,4.0,3,169.78,509.34,Direct, completed ,36
SYN-B003954,2025-09-04,2025-10-11,2025-10-13,SYN-STA-08,Standard,2.0,2,88.73,177.46,Direct,Completed,37
SYN-B003955,2025-10-08,2025-10-11,2025-10-14,SYN-DEL-01,Deluxe,1.0,3,137.4,412.2,Online travel agency,Completed,3
SYN-B003956,2025-08-23,2025-10-11,2025-10-12,SYN-DEL-03,Deluxe,1.0,1,131.02,131.02,Direct,Completed,49
SYN-B003957,2025-08-14,2025-10-11,2025-10-16,SYN-DEL-05, deluxe ,1.0,5,136.86,0.0,Travel agent,Cancelled,58
SYN-B003958,2025-10-02,2025-10-12,2025-10-14,SYN-STA-04,Standard,2.0,2,85.56,171.12,Direct,Completed,10
SYN-B003959,2025-10-03,2025-10-12,2025-10-15,SYN-STA-05,Standard,1.0,3,85.69,257.07,Direct,Completed,9
SYN-B003960,2025-09-09,2025-10-12,2025-10-13,SYN-STA-10,Standard,1.0,1,78.54,78.54,Direct,Completed,33
SYN-B003961,2025-09-28,2025-10-12,2025-10-16,SYN-FAM-01,Family,2.0,4,152.72,610.88,Direct,Completed,14
SYN-B003962,2025-10-03,2025-10-12,2025-10-13,SYN-FAM-02,Family,1.0,1,158.42,158.42,Online travel agency,Completed,9
SYN-B003963,2025-10-01,2025-10-13,2025-10-17,SYN-STA-01,Standard,2.0,4,77.75,311.0,Direct,Completed,12
SYN-B003964,2025-10-06,2025-10-13,2025-10-14,SYN-STA-02,Standard,,1,85.34,0.0, online travel agency ,Cancelled,7
SYN-B003965,2025-10-01,2025-10-13,2025-10-15,SYN-STA-08,Standard,2.0,2,80.25,0.0,Online travel agency,Cancelled,12
SYN-B003966,2025-10-05,2025-10-13,2025-10-17,SYN-DEL-02,Deluxe,1.0,4,121.93,487.72, direct ,Completed,8
SYN-B003967,2025-10-05,2025-10-13,2025-10-14,SYN-DEL-04,Deluxe,2.0,1,125.68,125.68,Direct,Completed,8
SYN-B003968,2025-10-05,2025-10-13,2025-10-16,SYN-FAM-02,Family,1.0,3,154.75,464.25,Direct,Completed,8
SYN-B003969,2025-09-02,2025-10-14,2025-10-18,SYN-STA-02,Standard,2.0,4,85.72,342.88,Online travel agency,Completed,42
SYN-B003970,2025-09-01,2025-10-14,2025-10-15,SYN-STA-06,Standard,2.0,1,85.47,85.47,Online travel agency,Completed,43
SYN-B003971,2025-09-26,2025-10-14,2025-10-16,SYN-STA-09,Standard,2.0,2,85.52,171.04,Travel agent,Completed,18
SYN-B003972,2025-09-24,2025-10-14,2025-10-18,SYN-STA-10,Standard,2.0,4,83.18,332.72,Direct,Completed,20
SYN-B003973,2025-09-01,2025-10-14,2025-10-17,SYN-DEL-04,Deluxe,2.0,3,124.97,0.0,Travel agent,Cancelled,43
SYN-B003974,2025-09-28,2025-10-14,2025-10-17,SYN-FAM-03,Family,1.0,3,167.92,0.0,Direct,Cancelled,16
SYN-B003975,2025-10-10,2025-10-15,2025-10-19,SYN-STA-06,Standard,1.0,4,85.46,0.0,Online travel agency,Cancelled,5
SYN-B003976,2025-09-24,2025-10-15,2025-10-20,SYN-STA-08,Standard,1.0,5,80.51,0.0,Online travel agency,Cancelled,21
SYN-B003977,2025-09-07,2025-10-15,2025-10-18,SYN-DEL-03, deluxe ,1.0,3,115.59,346.77,Direct,Completed,38
SYN-B003978,2025-10-10,2025-10-15,2025-10-17,SYN-DEL-04, deluxe ,2.0,2,117.76,235.52,Online travel agency,Completed,5
SYN-B003979,2025-08-27,2025-10-16,2025-10-18,SYN-STA-03,Standard,2.0,2,81.74,0.0,Direct,Cancelled,50
SYN-B003980,2025-08-08,2025-10-16,2025-10-21,SYN-STA-04,Standard,2.0,5,74.72,373.6,Online travel agency,Completed,69
SYN-B003981,2025-10-07,2025-10-16,2025-10-23,SYN-FAM-03,Family,2.0,7,153.86,0.0,Direct,Cancelled,9
SYN-B003982,2025-10-14,2025-10-17,2025-10-23,SYN-STA-03,Standard,1.0,6,92.01,552.06,Direct,Completed,3
SYN-B003983,2025-09-22,2025-10-17,2025-10-19,SYN-STA-07,Standard,2.0,2,94.1,188.2,Direct,Completed,25
SYN-B003984,2025-09-11,2025-10-17,2025-10-19,SYN-STA-09,Standard,1.0,2,95.91,191.82,Direct, completed ,36
SYN-B003985,2025-10-06,2025-10-17,2025-10-20,SYN-DEL-02,Deluxe,2.0,3,137.95,413.85,Online travel agency,Completed,11
SYN-B003986,2025-10-16,2025-10-18,2025-10-22,SYN-STA-02,Standard,1.0,4,97.11,388.44,Online travel agency,Completed,2
SYN-B003987,2025-10-11,2025-10-18,2025-10-20,SYN-STA-10,Standard,1.0,2,97.28,194.56,Online travel agency,Completed,-1
SYN-B003988,2025-10-03,2025-10-18,2025-10-21,SYN-DEL-01,Deluxe,2.0,3,137.94,413.82,Online travel agency,Completed,15
SYN-B003989,2025-09-28,2025-10-18,2025-10-22,SYN-FAM-02,Family,4.0,4,179.41,717.64,Travel agent,Completed,20
SYN-B003990,2025-09-20,2025-10-18,2025-10-20,SYN-FAM-03,Family,4.0,2,173.3,346.6,Direct,Completed,28
SYN-B003991,2025-10-15,2025-10-19,2025-10-20,SYN-STA-05,Standard,1.0,1,78.18,-1.0,Direct,Completed,4
SYN-B003992,2025-10-11,2025-10-19,2025-10-22,SYN-STA-06,Standard,2.0,3,78.81,236.43,Direct,Completed,8
SYN-B003993,2025-10-02,2025-10-19,2025-10-23,SYN-STA-09,Standard,2.0,4,84.36,337.44,Online travel agency,Completed,17
SYN-B003994,2025-10-05,2025-10-20,2025-10-22,SYN-STA-01,Standard,2.0,2,85.63,171.26,Online travel agency,Completed,15
SYN-B003995,2025-10-11,2025-10-20,2025-10-21,SYN-DEL-02,Deluxe,2.0,1,115.85,115.85,Travel agent,Completed,9
SYN-B003996,2025-09-18,2025-10-20,2025-10-24,SYN-DEL-03,Deluxe,1.0,4,123.91,0.0,Online travel agency,Cancelled,32
SYN-B003997,2025-10-09,2025-10-20,2025-10-21,SYN-DEL-05,Deluxe,1.0,1,115.58,115.58,Travel agent,Completed,11
SYN-B003998,2025-10-17,2025-10-21,2025-10-25,SYN-STA-04,Standard,2.0,4,85.27,341.08,Direct,Completed,4
SYN-B003999,2025-09-26,2025-10-21,2025-10-23,SYN-DEL-01,Deluxe,1.0,2,118.59,237.18,Direct,Completed,25
SYN-B004000,2025-10-12,2025-10-21,2025-10-22,SYN-DEL-03,Deluxe,2.0,1,120.8,120.8,Online travel agency,Completed,9
SYN-B004001,2025-10-09,2025-10-22,2025-10-24,SYN-STA-01,Standard,2.0,2,80.3,160.6,Online travel agency,Completed,13
SYN-B004002,2025-10-08,2025-10-22,2025-10-24,SYN-DEL-05,Deluxe,2.0,2,114.13,228.26,Direct,Completed,14
SYN-B004003,2025-10-13,2025-10-23,2025-10-25,SYN-STA-06,Standard,1.0,2,87.42,0.0,Direct,Cancelled,10
SYN-B004004,2025-09-27,2025-10-23,2025-10-25,SYN-DEL-03,Deluxe,1.0,2,121.75,243.5,Direct,Completed,26
SYN-B004005,2025-09-21,2025-10-23,2025-10-25,SYN-FAM-02,Family,2.0,2,162.04,324.08,Direct,Completed,32
SYN-B004006,2025-09-23,2025-10-23,2025-10-27,SYN-FAM-03,Family,1.0,4,165.83,663.32,Direct,Completed,30
SYN-B004007,2025-10-07,2025-10-24,2025-10-26,SYN-STA-01, standard ,1.0,2,88.78,177.56,Online travel agency,Completed,17
SYN-B004008,2025-10-16,2025-10-24,2025-10-25,SYN-STA-05,Standard,2.0,1,96.28,96.28,Online travel agency,Completed,8
SYN-B004009,2025-10-16,2025-10-24,2025-10-28,SYN-STA-10,Standard,2.0,4,89.81,359.24,Online travel agency,Completed,8
SYN-B004010,2025-10-14,2025-10-24,2025-10-28,SYN-DEL-04,Deluxe,2.0,4,131.52,526.08,Direct,Completed,10
SYN-B004011,2025-08-28,2025-10-24,2025-10-25,SYN-DEL-05,Deluxe,2.0,1,137.23,137.23,Online travel agency,Completed,57
SYN-B004012,2025-10-09,2025-10-25,2025-10-28,SYN-STA-06,Standard,1.0,3,97.83,293.49,Online travel agency,Completed,16
SYN-B004013,2025-10-17,2025-10-25,2025-10-26,SYN-STA-07,Standard,1.0,1,93.56,93.56,Online travel agency,Completed,8
SYN-B004014,2025-10-05,2025-10-25,2025-10-26,SYN-STA-09,Standard,1.0,1,93.73,93.73,Online travel agency,Completed,20
SYN-B004015,2025-10-15,2025-10-25,2025-10-28,SYN-DEL-01,Deluxe,1.0,3,134.35,403.05,Online travel agency,Completed,10
SYN-B004016,2025-10-15,2025-10-25,2025-10-31,SYN-FAM-01,Family,1.0,6,184.38,1106.28,Direct,Completed,10
SYN-B004017,2025-10-08,2025-10-26,2025-10-30,SYN-STA-02,Standard,1.0,4,87.09,348.36,Online travel agency,Completed,18
SYN-B004018,2025-10-17,2025-10-26,2025-10-28,SYN-STA-07,Standard,2.0,2,84.01,168.02,Travel agent,Completed,9
SYN-B004019,2025-10-10,2025-10-26,2025-10-28,SYN-STA-08,Standard,1.0,2,86.23,172.46, direct ,Completed,16
SYN-B004020,2025-10-20,2025-10-27,2025-10-28,SYN-STA-01,Standard,2.0,1,81.56,81.56,Online travel agency,Completed,7
SYN-B004021,2025-10-03,2025-10-27,2025-10-28,SYN-STA-05,Standard,2.0,1,84.87,84.87,Online travel agency,Completed,24
SYN-B004022,2025-10-19,2025-10-27,2025-10-29,SYN-DEL-03,Deluxe,2.0,2,119.41,0.0,Online travel agency,Cancelled,8
SYN-B004023,2025-09-16,2025-10-27,2025-10-30,SYN-FAM-03,Family,3.0,3,157.57,472.71,Travel agent,Completed,41
SYN-B004024,2025-10-24,2025-10-28,2025-11-01,SYN-STA-04,Standard,1.0,4,79.37,317.48,Travel agent,Completed,4
SYN-B004025,2025-10-08,2025-10-28,2025-10-30,SYN-STA-07,Standard,2.0,2,77.76,155.52,Online travel agency,Completed,20
SYN-B004026,2025-09-26,2025-10-28,2025-10-29,SYN-STA-10,Standard,2.0,1,84.91,84.91,Online travel agency,Completed,32
SYN-B004027,2025-10-12,2025-10-28,2025-11-03,SYN-DEL-01,Deluxe,1.0,6,124.15,744.9,Direct,Completed,16
SYN-B004028,2025-10-26,2025-10-28,2025-10-31,SYN-DEL-02,Deluxe,1.0,3,118.48,355.44,Direct,Completed,2
SYN-B004029,2025-10-10,2025-10-28,2025-10-31,SYN-DEL-03,Deluxe,1.0,3,126.03,378.09,Online travel agency,Completed,18
SYN-B004030,2025-09-27,2025-10-28,2025-10-29,SYN-DEL-05,Deluxe,2.0,1,125.97,0.0,Online travel agency,Cancelled,31
SYN-B004031,2025-10-16,2025-10-29,2025-11-02,SYN-STA-06,Standard,1.0,4,82.02,328.08,Direct,Completed,13
SYN-B004032,2025-09-23,2025-10-29,2025-10-31,SYN-STA-08,Standard,1.0,2,87.32,174.64,Travel agent,Completed,36
SYN-B004033,2025-10-03,2025-10-29,2025-11-01,SYN-DEL-04,Deluxe,2.0,3,118.88,356.64,Direct,Completed,26
SYN-B004034,2025-10-14,2025-10-30,2025-11-05,SYN-STA-01,Standard,2.0,6,85.39,512.34,Online travel agency,Completed,16
SYN-B004035,2025-10-21,2025-10-30,2025-11-02,SYN-STA-03,Standard,2.0,3,84.1,252.3,Online travel agency,Completed,9
SYN-B004036,2025-10-15,2025-10-30,2025-11-04,SYN-STA-09,Standard,2.0,5,78.31,391.55,Direct,Completed,15
SYN-B004037,2025-10-25,2025-10-30,2025-11-04,SYN-STA-10,Standard,2.0,5,86.7,433.5,Direct,Completed,5
SYN-B004038,2025-10-10,2025-10-31,2025-11-04,SYN-STA-02,Standard,1.0,4,97.59,390.36,Direct,Completed,21
SYN-B004039,2025-10-26,2025-10-31,2025-11-02,SYN-STA-05,Standard,1.0,2,88.68,177.36,Online travel agency,Completed,5
SYN-B004040,2025-09-23,2025-10-31,2025-11-03,SYN-STA-07,Standard,1.0,3,93.15,279.45,Direct,Completed,38
SYN-B004041,2025-10-19,2025-10-31,2025-11-03,SYN-DEL-03,Deluxe,1.0,3,138.56,415.68,Online travel agency,Completed,12
SYN-B004042,2025-10-24,2025-10-31,2025-11-01,SYN-DEL-05,Deluxe,2.0,1,139.32,139.32,Direct,Completed,7
SYN-B004043,2025-10-24,2025-10-31,2025-11-03,SYN-FAM-01,Family,1.0,3,180.45,541.35,Direct,Completed,-1
SYN-B004044,2025-10-19,2025-11-01,2025-11-03,SYN-STA-08,Standard,2.0,2,96.21,192.42,Direct,Completed,13
SYN-B004045,2025-10-19,2025-11-01,2025-11-03,SYN-DEL-02,Deluxe,2.0,2,128.34,256.68,Direct,Completed,13
SYN-B004046,2025-10-28,2025-11-02,2025-11-05,SYN-STA-05,Standard,1.0,3,83.36,250.08,Online travel agency,Completed,5
SYN-B004047,2025-10-24,2025-11-03,2025-11-07,SYN-DEL-04,Deluxe,1.0,4,116.49,465.96,Online travel agency,Completed,10
SYN-B004048,2025-09-20,2025-11-04,2025-11-09,SYN-DEL-03,Deluxe,1.0,5,119.18,0.0,Direct,Cancelled,45
SYN-B004049,2025-10-24,2025-11-04,2025-11-07,SYN-FAM-01,Family,4.0,3,168.01,504.03,Direct,Completed,11
SYN-B004050,2025-10-19,2025-11-04,2025-11-07,SYN-FAM-02,Family,3.0,3,150.73,452.19,Online travel agency,Completed,16
SYN-B004051,2025-10-29,2025-11-05,2025-11-07,SYN-STA-02,Standard,2.0,2,85.41,0.0,Online travel agency,Cancelled,7
SYN-B004052,2025-10-22,2025-11-05,2025-11-09,SYN-DEL-02,Deluxe,1.0,4,125.96,0.0,Direct,Cancelled,14
SYN-B004053,2025-10-25,2025-11-06,2025-11-10,SYN-STA-01,Standard,2.0,4,83.67,0.0, online travel agency ,Cancelled,12
SYN-B004054,2025-10-30,2025-11-06,2025-11-10,SYN-STA-06,Standard,1.0,4,79.52,318.08, direct ,Completed,7
SYN-B004055,2025-10-30,2025-11-07,2025-11-10,SYN-STA-04,Standard,1.0,3,93.77,0.0,Online travel agency,Cancelled,8
SYN-B004056,2025-09-29,2025-11-07,2025-11-12,SYN-STA-09,Standard,1.0,5,88.43,0.0,Direct,Cancelled,39
SYN-B004057,2025-11-02,2025-11-07,2025-11-09,SYN-DEL-01,Deluxe,1.0,2,133.83,267.66,Online travel agency,Completed,5
SYN-B004058,2025-09-30,2025-11-08,2025-11-13,SYN-STA-02,Standard,2.0,5,91.97,459.85,Direct,Completed,39
SYN-B004059,2025-10-29,2025-11-08,2025-11-12,SYN-STA-08,Standard,1.0,4,92.81,371.24,Online travel agency,Completed,10
SYN-B004060,2025-10-16,2025-11-08,2025-11-11,SYN-DEL-03,Deluxe,1.0,3,131.0,393.0,Online travel agency,Completed,23
SYN-B004061,2025-10-06,2025-11-08,2025-11-11,SYN-FAM-02,Family,3.0,3,172.25,0.0,Travel agent,Cancelled,33
SYN-B004062,2025-11-04,2025-11-09,2025-11-13,SYN-STA-09,Standard,2.0,4,79.6,318.4,Direct,Completed,5
SYN-B004063,2025-10-31,2025-11-09,2025-11-12,SYN-DEL-01,Deluxe,1.0,3,120.46,361.38,Online travel agency,Completed,9
SYN-B004064,2025-10-26,2025-11-10,2025-11-12,SYN-STA-01,Standard,2.0,2,80.03,160.06,Online travel agency,Completed,15
SYN-B004065,2025-11-09,2025-11-11,2025-11-12,SYN-STA-05,Standard,1.0,1,79.39,79.39,Online travel agency,Completed,2
SYN-B004066,2025-10-17,2025-11-11,2025-11-12,SYN-DEL-03,Deluxe,1.0,1,122.81,122.81,Online travel agency,Completed,25
SYN-B004067,2025-11-08,2025-11-11,2025-11-12,SYN-DEL-04,Deluxe,2.0,1,117.42,117.42,Direct,Completed,3
SYN-B004068,2025-11-04,2025-11-12,2025-11-13,SYN-STA-01,Standard,1.0,1,85.58,0.0,Online travel agency,Cancelled,8
SYN-B004069,2025-11-02,2025-11-12,2025-11-14,SYN-STA-03,Standard,2.0,2,78.4,0.0,Online travel agency,Cancelled,10
SYN-B004070,2025-11-01,2025-11-12,2025-11-14,SYN-STA-06,Standard,1.0,2,87.07,174.14,Direct,Completed,11
SYN-B004071,2025-10-18,2025-11-13,2025-11-15,SYN-STA-02,Standard,1.0,2,78.19,156.38,Online travel agency,Completed,26
SYN-B004072,2025-09-12,2025-11-13,2025-11-16,SYN-STA-10,Standard,1.0,3,78.73,236.19,Online travel agency,Completed,62
SYN-B004073,2025-11-02,2025-11-14,2025-11-18,SYN-STA-03,Standard,2.0,4,96.54,386.16,Online travel agency,Completed,12
SYN-B004074,2025-11-02,2025-11-14,2025-11-17,SYN-STA-08,Standard,2.0,3,87.47,262.41,Direct,Completed,12
SYN-B004075,2025-11-07,2025-11-14,2025-11-18,SYN-DEL-04,Deluxe,2.0,4,143.16,572.64,Direct,Completed,7
SYN-B004076,2025-10-25,2025-11-14,2025-11-15,SYN-FAM-03,Family,4.0,1,168.56,168.56,Direct,Completed,20
SYN-B004077,2025-11-10,2025-11-15,2025-11-17,SYN-STA-01,Standard,1.0,2,87.08,174.16,Online travel agency,Completed,-1
SYN-B004078,2025-11-09,2025-11-15,2025-11-21,SYN-STA-02,Standard,2.0,6,92.17,553.02,Direct,Completed,6
SYN-B004079,2025-11-04,2025-11-15,2025-11-18,SYN-STA-07,Standard,2.0,3,87.21,261.63,Online travel agency,Completed,11
SYN-B004080,2025-10-26,2025-11-15,2025-11-18,SYN-STA-09,Standard,2.0,3,90.86,0.0,Online travel agency,Cancelled,20
SYN-B004081,2025-11-14,2025-11-15,2025-11-16,SYN-DEL-05,Deluxe,2.0,1,128.63,128.63,Direct,Completed,1
SYN-B004082,2025-11-05,2025-11-15,2025-11-19,SYN-FAM-01,Family,3.0,4,180.5,722.0,Online travel agency,Completed,10
SYN-B004083,2025-11-02,2025-11-16,2025-11-17,SYN-STA-09,Standard,2.0,1,87.03,87.03,Travel agent,Completed,14
SYN-B004084,2025-10-28,2025-11-17,2025-11-20,SYN-STA-06,Standard,2.0,3,85.86,257.58,Direct,Completed,20
SYN-B004085,2025-10-31,2025-11-18,2025-11-20,SYN-STA-08,Standard,2.0,2,83.88,167.76,Online travel agency,Completed,18
SYN-B004086,2025-11-14,2025-11-19,2025-11-21,SYN-DEL-01,Deluxe,2.0,2,118.45,236.9,Online travel agency,Completed,5
SYN-B004087,2025-11-08,2025-11-19,2025-11-20,SYN-DEL-05,Deluxe,1.0,1,114.89,114.89,Direct,Completed,11
SYN-B004088,2025-11-07,2025-11-19,2025-11-23,SYN-FAM-01,Family,2.0,4,167.59,670.36,Direct,Completed,12
SYN-B004089,2025-11-10,2025-11-20,2025-11-21,SYN-STA-06,Standard,1.0,1,79.98,79.98,Online travel agency,Completed,10
SYN-B004090,2025-10-29,2025-11-20,2025-11-21,SYN-STA-07,Standard,1.0,-1,82.41,82.41,Online travel agency,Completed,22
SYN-B004091,2025-11-08,2025-11-20,2025-11-23,SYN-STA-10,Standard,1.0,3,78.67,236.01,Online travel agency,Completed,12
SYN-B004092,2025-11-07,2025-11-21,2025-11-22,SYN-STA-01,Standard,1.0,1,95.15,95.15,Online travel agency,Completed,14
SYN-B004093,2025-11-12,2025-11-21,2025-11-22,SYN-STA-03,Standard,1.0,1,90.64,90.64,Online travel agency,Completed,9
SYN-B004094,2025-11-03,2025-11-21,2025-11-25,SYN-STA-05,Standard,2.0,4,92.07,368.28,Online travel agency,Completed,18
SYN-B004095,2025-11-04,2025-11-21,2025-11-22,SYN-DEL-04,Deluxe,1.0,1,132.77,0.0,Online travel agency,Cancelled,17
SYN-B004096,2025-11-15,2025-11-21,2025-11-22,SYN-FAM-02,Family,4.0,-1,189.61,0.0,Direct,Cancelled,6
SYN-B004097,2025-11-13,2025-11-22,2025-11-24,SYN-STA-08,Standard,2.0,2,91.91,183.82,Online travel agency,Completed,9
SYN-B004098,2025-11-20,2025-11-23,2025-11-25,SYN-STA-07,Standard,2.0,2,80.37,160.74,Direct,Completed,3
SYN-B004099,2025-11-11,2025-11-23,2025-11-26,SYN-DEL-04,Deluxe,1.0,3,121.71,365.13,Direct,Completed,12
SYN-B004100,2025-11-14,2025-11-23,2025-11-25,SYN-DEL-05,Deluxe,2.0,2,127.38,254.76, direct ,Completed,9
SYN-B004101,2025-10-21,2025-11-23,2025-11-28,SYN-FAM-03,Family,4.0,5,164.37,821.85,Online travel agency,Completed,33
SYN-B004102,2025-11-05,2025-11-25,2025-11-26,SYN-STA-01,Standard,2.0,1,81.52,81.52,Travel agent,Completed,20
SYN-B004103,2025-10-31,2025-11-25,2025-11-26,SYN-STA-02,Standard,1.0,1,86.51,86.51,Direct,Completed,25
SYN-B004104,2025-11-16,2025-11-26,2025-11-29,SYN-STA-01,Standard,2.0,3,85.57,0.0,Online travel agency,Cancelled,10
SYN-B004105,2025-11-16,2025-11-26,2025-11-30,SYN-STA-03,Standard,2.0,4,85.57,342.28,Online travel agency,Completed,10
SYN-B004106,2025-11-26,2025-11-26,2025-11-29,SYN-STA-05,Standard,2.0,3,80.43,241.29,Direct,Completed,0
SYN-B004107,2025-11-18,2025-11-26,2025-11-29,SYN-STA-06,Standard,2.0,3,86.85,260.55,Direct,Completed,8
SYN-B004108,2025-10-25,2025-11-26,2025-11-28,SYN-STA-09,Standard,2.0,2,83.77,167.54,Travel agent,Completed,32
SYN-B004109,2025-11-15,2025-11-26,2025-11-28,SYN-FAM-01,Family,4.0,2,164.31,328.62,Online travel agency,Completed,11
SYN-B004110,2025-11-10,2025-11-26,2025-11-28,SYN-FAM-02,Family,1.0,2,152.82,305.64,Direct, completed ,16
SYN-B004111,2025-11-18,2025-11-28,2025-12-01,SYN-STA-04,Standard,1.0,3,96.62,289.86,Online travel agency,Completed,10
SYN-B004112,2025-10-01,2025-11-28,2025-12-01,SYN-STA-10,Standard,1.0,3,94.42,283.26,Online travel agency,Completed,58
SYN-B004113,2025-11-02,2025-11-28,2025-11-30,SYN-DEL-01,Deluxe,1.0,2,129.31,0.0,Online travel agency,Cancelled,26
SYN-B004114,2025-11-02,2025-11-28,2025-12-01,SYN-DEL-02,Deluxe,2.0,3,128.15,384.45,Travel agent,Completed,26
SYN-B004115,2025-09-13,2025-11-28,2025-12-01,SYN-DEL-04,Deluxe,2.0,3,126.06,378.18,Direct,Completed,76
SYN-B004116,2025-11-24,2025-11-28,2025-12-01,SYN-FAM-02,Family,4.0,3,175.1,525.3,Direct,Completed,4
SYN-B004117,2025-10-30,2025-11-29,2025-11-30,SYN-STA-05,Standard,2.0,1,87.32,87.32,Direct,Completed,30
SYN-B004118,2025-10-15,2025-11-29,2025-11-30,SYN-STA-07,Standard,1.0,1,96.99,0.0,Online travel agency,Cancelled,45
SYN-B004119,2025-10-23,2025-11-29,2025-12-01,SYN-DEL-05,Deluxe,2.0,2,141.35,282.7,Direct,Completed,37
SYN-B004120,2025-11-14,2025-11-29,2025-12-02,SYN-FAM-01,Family,3.0,3,171.02,513.06,Online travel agency,Completed,15
SYN-B004121,2025-11-25,2025-11-29,2025-12-02,SYN-FAM-03,Family,4.0,3,175.51,0.0,Online travel agency,Cancelled,4
SYN-B004122,2025-10-30,2025-12-01,2025-12-07,SYN-STA-01,Standard,1.0,6,62.26,373.56,Online travel agency,Completed,32
SYN-B004123,2025-11-25,2025-12-01,2025-12-02,SYN-STA-06,Standard,1.0,1,64.41,64.41,Direct,Completed,6
SYN-B004124,2025-11-26,2025-12-01,2025-12-05,SYN-DEL-01,Deluxe,2.0,4,91.8,367.2,Online travel agency,Completed,5
SYN-B004125,2025-11-16,2025-12-01,2025-12-02,SYN-DEL-05,Deluxe,1.0,1,99.43,99.43,Direct,Completed,15
SYN-B004126,2025-11-26,2025-12-01,2025-12-06,SYN-FAM-03,Family,4.0,5,121.37,606.85,Online travel agency,Completed,5
SYN-B004127,2025-11-02,2025-12-02,2025-12-05,SYN-STA-09,Standard,1.0,3,65.48,196.44,Online travel agency,Completed,30
SYN-B004128,2025-11-18,2025-12-02,2025-12-04,SYN-DEL-03,Deluxe,2.0,2,99.75,199.5,Direct,Completed,14
SYN-B004129,2025-11-11,2025-12-03,2025-12-05,SYN-STA-03,Standard,2.0,2,62.49,124.98,Direct,Completed,22
SYN-B004130,2025-11-11,2025-12-03,2025-12-08,SYN-STA-05,Standard,2.0,5,66.3,331.5,Online travel agency,Completed,22
SYN-B004131,2025-11-21,2025-12-03,2025-12-04,SYN-STA-06,Standard,2.0,1,65.79,65.79,Travel agent,Completed,12
SYN-B004132,2025-11-23,2025-12-03,2025-12-04,SYN-DEL-02,Deluxe,1.0,1,93.25,93.25,Online travel agency,Completed,10
SYN-B004133,2025-10-28,2025-12-03,2025-12-07,SYN-FAM-01,Family,2.0,4,130.96,523.84,Direct,Completed,36
SYN-B004134,2025-11-19,2025-12-04,2025-12-07,SYN-STA-08,Standard,1.0,3,69.0,207.0,Direct,Completed,15
SYN-B004135,2025-11-20,2025-12-05,2025-12-07,SYN-STA-03,Standard,1.0,2,76.74,153.48,Online travel agency,Completed,15
SYN-B004136,2025-10-14,2025-12-05,2025-12-08,SYN-STA-04,Standard,2.0,3,72.76,218.28,Online travel agency,Completed,52
SYN-B004137,2025-11-29,2025-12-05,2025-12-07,SYN-STA-06,Standard,1.0,2,73.29,0.0,Online travel agency,Cancelled,6
SYN-B004138,2025-11-15,2025-12-05,2025-12-07,SYN-STA-07,Standard,1.0,2,69.82,139.64,Direct,Completed,20
SYN-B004139,2025-11-26,2025-12-05,2025-12-06,SYN-STA-09,Standard,2.0,1,71.2,-1.0, online travel agency ,Completed,9
SYN-B004140,2025-11-30,2025-12-05,2025-12-07,SYN-STA-10,Standard,2.0,2,76.57,0.0,Online travel agency,Cancelled,5
SYN-B004141,2025-11-19,2025-12-05,2025-12-08,SYN-DEL-03,Deluxe,2.0,-1,110.23,330.69,Direct,Completed,16
SYN-B004142,2025-12-01,2025-12-05,2025-12-06,SYN-FAM-02,Family,2.0,1,145.89,145.89,Online travel agency,Completed,4
SYN-B004143,2025-11-17,2025-12-06,2025-12-07,SYN-STA-02,Standard,1.0,1,75.75,75.75,Online travel agency,Completed,19
SYN-B004144,2025-11-24,2025-12-06,2025-12-10,SYN-DEL-05,Deluxe,2.0,4,101.93,0.0,Online travel agency,Cancelled,12
SYN-B004145,2025-11-28,2025-12-06,2025-12-09,SYN-FAM-02, family ,3.0,3,150.73,452.19,Travel agent,Completed,8
SYN-B004146,2025-11-25,2025-12-07,2025-12-09,SYN-STA-09,Standard,2.0,2,68.71,137.42,Direct,Completed,12
SYN-B004147,2025-11-14,2025-12-08,2025-12-14,SYN-STA-05,Standard,1.0,6,69.26,415.56,Direct,Completed,24
SYN-B004148,2025-12-06,2025-12-09,2025-12-11,SYN-STA-01,Standard,2.0,2,58.44,116.88,Online travel agency,Completed,3
SYN-B004149,2025-08-02,2025-12-09,2025-12-10,SYN-STA-06,Standard,2.0,1,61.46,61.46,Direct,Completed,129
SYN-B004150,2025-10-29,2025-12-09,2025-12-10,SYN-STA-08,Standard,2.0,1,64.6,64.6,Direct,Completed,41
SYN-B004151,2025-12-05,2025-12-09,2025-12-10,SYN-FAM-01,Family,4.0,1,120.4,120.4,Online travel agency,Completed,4
SYN-B004152,2025-12-02,2025-12-10,2025-12-12,SYN-STA-09,Standard,2.0,2,68.3,136.6,Online travel agency,Completed,8
SYN-B004153,2025-11-29,2025-12-10,2025-12-15,SYN-STA-10,Standard,1.0,5,63.51,0.0,Online travel agency,Cancelled,-1
SYN-B004154,2025-12-05,2025-12-10,2025-12-12,SYN-DEL-03,Deluxe,2.0,2,100.28,200.56,Direct,Completed,5
SYN-B004155,2025-11-27,2025-12-10,2025-12-13,SYN-DEL-05,Deluxe,2.0,3,100.1,0.0,Direct,Cancelled,13
SYN-B004156,2025-12-04,2025-12-10,2025-12-14,SYN-FAM-02,Family,2.0,4,121.83,487.32,Travel agent,Completed,6
SYN-B004157,2025-12-06,2025-12-11,2025-12-12,SYN-STA-02,Standard,2.0,1,66.45,66.45,Direct,Completed,5
SYN-B004158,2025-11-29,2025-12-11,2025-12-14,SYN-STA-04,Standard,1.0,3,69.58,208.74,Travel agent, completed ,12
SYN-B004159,2025-12-03,2025-12-12,2025-12-13,SYN-STA-10,Standard,2.0,1,70.23,70.23,Online travel agency,Completed,9
SYN-B004160,2025-10-03,2025-12-12,2025-12-14,SYN-DEL-01,Deluxe,1.0,2,104.25,208.5,Online travel agency,Completed,70
SYN-B004161,2025-11-19,2025-12-12,2025-12-13,SYN-DEL-02,Deluxe,2.0,1,106.28,106.28,Online travel agency,Completed,23
SYN-B004162,2025-11-25,2025-12-12,2025-12-14,SYN-FAM-01,Family,1.0,2,136.82,273.64,Online travel agency,Completed,17
SYN-B004163,2025-11-05,2025-12-13,2025-12-16,SYN-STA-03,Standard,1.0,3,76.03,228.09,Online travel agency,Completed,38
SYN-B004164,2025-12-04,2025-12-13,2025-12-16,SYN-STA-06,Standard,1.0,3,74.98,224.94,Travel agent,Completed,9
SYN-B004165,2025-12-04,2025-12-13,2025-12-14,SYN-DEL-02,Deluxe,1.0,1,103.55,103.55,Online travel agency,Completed,9
SYN-B004166,2025-11-05,2025-12-13,2025-12-17,SYN-DEL-04,Deluxe,1.0,4,103.21,412.84,Travel agent,Completed,38
SYN-B004167,2025-11-22,2025-12-14,2025-12-18,SYN-STA-02,Standard,1.0,4,66.96,267.84,Direct,Completed,22
SYN-B004168,2025-11-26,2025-12-14,2025-12-16,SYN-DEL-02,Deluxe,1.0,2,94.0,188.0,Direct,Completed,18
SYN-B004169,2025-12-04,2025-12-14,2025-12-16,SYN-DEL-03,Deluxe,2.0,2,92.84,185.68,Direct,Completed,10
SYN-B004170,2025-12-01,2025-12-15,2025-12-18,SYN-DEL-01, deluxe ,1.0,3,99.5,298.5,Online travel agency,Completed,14
SYN-B004171,2025-10-25,2025-12-15,2025-12-18,SYN-FAM-01,Family,2.0,3,129.1,387.3,Online travel agency,Completed,51
SYN-B004172,2025-11-16,2025-12-17,2025-12-18,SYN-STA-03,Standard,1.0,1,67.44,67.44,Online travel agency,Completed,31
SYN-B004173,2025-12-11,2025-12-17,2025-12-20,SYN-STA-10,Standard,,3,66.86,200.58,Online travel agency,Completed,6
SYN-B004174,2025-11-16,2025-12-17,2025-12-19,SYN-DEL-04,Deluxe,2.0,2,92.0,184.0,Online travel agency,Completed,31
SYN-B004175,2025-12-10,2025-12-17,2025-12-18,SYN-FAM-03,Family,1.0,1,133.53,0.0,Direct,Cancelled,7
SYN-B004176,2025-12-06,2025-12-18,2025-12-20,SYN-STA-09,Standard,2.0,2,62.78,125.56,Online travel agency,Completed,12
SYN-B004177,2025-12-13,2025-12-18,2025-12-22,SYN-DEL-02,Deluxe,2.0,4,100.4,401.6,Online travel agency,Completed,5
SYN-B004178,2025-09-30,2025-12-18,2025-12-21,SYN-DEL-05,Deluxe,1.0,3,88.09,0.0,Direct,Cancelled,79
SYN-B004179,2025-12-14,2025-12-19,2025-12-20,SYN-STA-03,Standard,1.0,1,75.53,75.53,Online travel agency,Completed,5
SYN-B004180,2025-12-16,2025-12-19,2025-12-22,SYN-STA-05,Standard,2.0,3,64.14,192.42,Direct,Completed,3
SYN-B004181,2025-10-29,2025-12-19,2025-12-22,SYN-STA-06,Standard,2.0,3,69.49,208.47,Online travel agency,Completed,51
SYN-B004182,2025-12-12,2025-12-19,2025-12-21,SYN-STA-07,Standard,2.0,2,73.85,147.7,Online travel agency,Completed,7
SYN-B004183,2025-11-10,2025-12-19,2025-12-20,SYN-FAM-03,Family,4.0,1,135.7,0.0,Travel agent,Cancelled,39
SYN-B004184,2025-12-05,2025-12-20,2025-12-21,SYN-STA-09, standard ,1.0,1,70.98,70.98,Online travel agency,Completed,15
SYN-B004185,2025-12-11,2025-12-20,2025-12-22,SYN-DEL-01,Deluxe,2.0,2,108.66,0.0,Direct,Cancelled,9
SYN-B004186,2025-12-03,2025-12-21,2025-12-23,SYN-STA-04,Standard,2.0,2,65.66,131.32,Online travel agency,Completed,18
SYN-B004187,2025-11-06,2025-12-21,2025-12-24,SYN-STA-07,Standard,1.0,3,66.37,199.11,Online travel agency,Completed,45
SYN-B004188,2025-11-26,2025-12-21,2025-12-24,SYN-STA-08,Standard,2.0,3,64.57,193.71,Direct,Completed,25
SYN-B004189,2025-11-08,2025-12-22,2025-12-25,SYN-STA-06,Standard,1.0,3,64.84,194.52,Online travel agency,Completed,44
SYN-B004190,2025-12-06,2025-12-22,2025-12-26,SYN-DEL-05,Deluxe,2.0,4,99.5,-1.0,Direct,Completed,16
SYN-B004191,2025-11-29,2025-12-22,2025-12-23,SYN-FAM-02,Family,2.0,1,121.16,121.16,Direct,Completed,23
SYN-B004192,2025-12-13,2025-12-22,2025-12-27,SYN-FAM-03,Family,2.0,5,124.95,624.75,Direct,Completed,9
SYN-B004193,2025-10-21,2025-12-23,2025-12-25,SYN-STA-10,Standard,2.0,2,59.5,119.0,Direct,Completed,63
SYN-B004194,2025-12-12,2025-12-23,2025-12-25,SYN-DEL-02,Deluxe,2.0,2,96.59,193.18,Direct,Completed,11
SYN-B004195,2025-12-12,2025-12-23,2025-12-25,SYN-DEL-03,Deluxe,2.0,2,100.23,200.46,Direct,Completed,11
SYN-B004196,2025-11-23,2025-12-24,2025-12-26,SYN-STA-02,Standard,1.0,2,67.5,135.0, travel agent ,Completed,31
SYN-B004197,2025-12-11,2025-12-24,2025-12-26,SYN-STA-05,Standard,1.0,2,62.06,0.0,Online travel agency,Cancelled,13
SYN-B004198,2025-11-15,2025-12-24,2025-12-29,SYN-STA-07,Standard,1.0,5,67.34,336.7,Direct,Completed,39
SYN-B004199,2025-12-10,2025-12-25,2025-12-27,SYN-DEL-02,Deluxe,2.0,2,97.21,194.42,Online travel agency,Completed,15
SYN-B004200,2025-12-17,2025-12-25,2025-12-26,SYN-DEL-03,Deluxe,1.0,1,102.31,102.31,Online travel agency,Completed,8
SYN-B004201,2025-08-30,2025-12-25,2025-12-27,SYN-FAM-01,Family,1.0,2,126.24,252.48,Direct,Completed,117
SYN-B004202,2025-12-15,2025-12-26,2025-12-27,SYN-STA-02,Standard,2.0,1,73.67,73.67,Online travel agency,Completed,11
SYN-B004203,2025-12-21,2025-12-26,2025-12-27,SYN-STA-06,Standard,2.0,1,72.39,72.39,Online travel agency,Completed,5
SYN-B004204,2025-12-12,2025-12-26,2025-12-29,SYN-STA-08,Standard,2.0,3,70.47,211.41,Travel agent,Completed,14
SYN-B004205,2025-12-20,2025-12-26,2025-12-28,SYN-FAM-02,Family,2.0,2,143.01,286.02,Online travel agency,Completed,6
SYN-B004206,2025-12-15,2025-12-27,2025-12-30,SYN-STA-02,Standard,2.0,3,70.79,212.37,Online travel agency,Completed,12
SYN-B004207,2025-10-13,2025-12-27,2025-12-28,SYN-STA-04,Standard,1.0,1,66.5,66.5,Online travel agency,Completed,75
SYN-B004208,2025-12-11,2025-12-27,2025-12-28,SYN-FAM-01,Family,3.0,1,142.83,0.0,Travel agent,Cancelled,16
SYN-B004209,2025-12-19,2025-12-27,2026-01-01,SYN-FAM-03,Family,1.0,5,150.84,-1.0,Online travel agency,Completed,8
SYN-B004210,2025-12-23,2025-12-28,2025-12-29,SYN-STA-01,Standard,1.0,1,65.7,65.7, direct ,Completed,5
SYN-B004211,2025-12-22,2025-12-28,2025-12-31,SYN-STA-06,Standard,1.0,3,62.11,0.0,Online travel agency,Cancelled,6
SYN-B004212,2025-12-17,2025-12-28,2026-01-01,SYN-DEL-03,Deluxe,2.0,4,92.76,371.04,Direct,Completed,11
SYN-B004213,2025-12-08,2025-12-28,2025-12-29,SYN-FAM-01,Family,3.0,1,127.9,127.9,Online travel agency,Completed,20
SYN-B004214,2025-12-04,2025-12-29,2026-01-01,SYN-STA-03,Standard,2.0,3,62.19,186.57,Travel agent,Completed,25
SYN-B004215,2025-11-30,2025-12-29,2025-12-31,SYN-STA-04,Standard,2.0,2,63.69,127.38,Online travel agency,Completed,29
SYN-B004216,2025-11-03,2025-12-29,2026-01-01,SYN-STA-08,Standard,2.0,3,64.38,0.0,Online travel agency,Cancelled,56
SYN-B004217,2025-12-17,2025-12-29,2025-12-30,SYN-DEL-04,Deluxe,2.0,1,93.05,93.05,Direct,Completed,12
SYN-B004218,2025-12-27,2025-12-29,2025-12-31,SYN-DEL-05,Deluxe,1.0,2,89.99,179.98,Online travel agency,Completed,2
SYN-B004219,2025-12-07,2025-12-30,2026-01-01,SYN-STA-01, standard ,1.0,2,69.45,138.9,Direct,Completed,23
SYN-B004220,2025-12-20,2025-12-30,2025-12-31,SYN-STA-07,Standard,1.0,1,64.3,64.3,Online travel agency,Completed,10
SYN-B004221,2025-12-01,2025-12-30,2026-01-01,SYN-STA-08,Standard,1.0,2,63.2,126.4,Direct,Completed,29
SYN-B004222,2025-12-14,2025-12-30,2026-01-01,SYN-DEL-01,Deluxe,2.0,2,98.49,196.98,Online travel agency,Completed,16
SYN-B004223,2025-12-29,2025-12-30,2025-12-31,SYN-DEL-02,Deluxe,1.0,1,85.56,85.56,Direct,Completed,1
SYN-B004224,2025-12-04,2025-12-31,2026-01-01,SYN-STA-04,Standard,2.0,-1,68.46,68.46,Online travel agency,Completed,27
SYN-B004225,2025-12-23,2025-12-31,2026-01-01,SYN-STA-05,Standard,1.0,1,64.04,64.04,Direct,Completed,8
SYN-B004226,2025-12-28,2025-12-31,2026-01-01,SYN-STA-07,Standard,1.0,1,60.37,60.37,Direct,Completed,3
SYN-B001262,2023-10-31,2023-11-03,2023-11-05,SYN-DEL-01, deluxe ,1.0,2,130.15,260.3,Direct,Completed,3
SYN-B001780,2024-04-17,2024-04-28,2024-05-02,SYN-FAM-02,Family,4.0,4,140.73,562.92,Travel agent,Completed,11
SYN-B001990,2024-05-26,2024-06-14,2024-06-16,SYN-FAM-03,Family,1.0,2,218.43,436.86,Online travel agency,Completed,19
SYN-B003705,2025-06-22,2025-08-17,2025-08-20,SYN-DEL-05,Deluxe,1.0,3,148.01,444.03,Online travel agency,Completed,56
SYN-B001983,2024-05-28,2024-06-13,2024-06-18,SYN-DEL-03,Deluxe,1.0,5,156.46,782.3,Online travel agency,Completed,16
SYN-B004222,2025-12-14,2025-12-30,2026-01-01,SYN-DEL-01,Deluxe,2.0,2,98.49,196.98,Online travel agency,Completed,16
SYN-B000862,2023-06-30,2023-08-09,2023-08-12,SYN-STA-02,Standard,1.0,3,104.58,313.74,Online travel agency,Completed,40
SYN-B000554,2023-04-10,2023-06-07,2023-06-12,SYN-STA-06,Standard,,5,98.48,492.4,Direct,Completed,58
SYN-B003407,2025-05-23,2025-06-16,2025-06-21,SYN-STA-10,Standard,1.0,5,102.76,513.8,Direct,Completed,24
SYN-B001469,2024-01-14,2024-01-23,2024-01-25,SYN-DEL-04,Deluxe,1.0,2,93.7,187.4,Direct,Completed,9
SYN-B001634,2024-03-14,2024-03-21,2024-03-24,SYN-STA-06,Standard,2.0,3,73.94,221.82,Online travel agency,Completed,7
SYN-B002661,2024-10-24,2024-11-03,2024-11-04,SYN-STA-09, standard ,2.0,1,81.47,81.47,Online travel agency,Completed,10
SYN-B002128,2024-06-10,2024-07-14,2024-07-19,SYN-STA-10,Standard,1.0,5,100.75,503.75,Online travel agency,Completed,34
SYN-B002199,2024-07-04,2024-07-27,2024-07-30,SYN-FAM-02,Family,2.0,3,228.21,684.63,Direct,Completed,23
SYN-B000250,2023-03-21,2023-04-02,2023-04-03,SYN-FAM-03,Family,1.0,1,152.89,152.89,Direct,Completed,12
SYN-B001926,2024-05-06,2024-06-01,2024-06-05,SYN-STA-03,Standard,1.0,4,114.84,459.36,Online travel agency,Completed,26
SYN-B000914,2023-08-09,2023-08-18,2023-08-23,SYN-FAM-01,Family,4.0,5,215.8,1079.0,Online travel agency,Completed,9
SYN-B004054,2025-10-30,2025-11-06,2025-11-10,SYN-STA-06,Standard,1.0,4,79.52,318.08, direct ,Completed,7
SYN-B004201,2025-08-30,2025-12-25,2025-12-27,SYN-FAM-01,Family,1.0,2,126.24,252.48,Direct,Completed,117
SYN-B002947,2025-01-14,2025-02-22,2025-02-25,SYN-FAM-03,Family,2.0,3,144.86,434.58,Direct,Completed,39
SYN-B000173,2023-01-26,2023-03-09,2023-03-10,SYN-DEL-02,Deluxe,2.0,1,104.56,104.56,Online travel agency,Completed,42
SYN-B001239,2023-10-18,2023-10-27,2023-10-30,SYN-STA-02,Standard,1.0,3,86.21,258.63,Direct,Completed,9
SYN-B002190,2024-06-03,2024-07-27,2024-07-30,SYN-STA-04,Standard,2.0,3,114.56,343.68,Direct,Completed,54
SYN-B004197,2025-12-11,2025-12-24,2025-12-26,SYN-STA-05,Standard,1.0,2,62.06,0.0,Online travel agency,Cancelled,13
SYN-B000522,2023-04-28,2023-05-31,2023-06-05,SYN-DEL-05,Deluxe,2.0,5,116.56,582.8,Direct,Completed,33
SYN-B000628,2023-05-27,2023-06-20,2023-06-21,SYN-FAM-02,Family,2.0,1,198.43,198.43,Online travel agency,Completed,-1
SYN-B003404,2025-05-19,2025-06-16,2025-06-21,SYN-STA-01,Standard,2.0,5,99.77,0.0,Travel agent,Cancelled,28
SYN-B003495,2025-05-21,2025-07-06,2025-07-09,SYN-STA-08,Standard,2.0,3,100.38,0.0,Travel agent,Cancelled,46
SYN-B004086,2025-11-14,2025-11-19,2025-11-21,SYN-DEL-01,Deluxe,2.0,2,118.45,236.9,Online travel agency,Completed,5
SYN-B001053,2023-09-06,2023-09-14,2023-09-16,SYN-STA-03,Standard,1.0,2,81.54,163.08,Online travel agency,Completed,8
SYN-B003052,2025-03-27,2025-03-29,2025-03-31,SYN-STA-02,Standard,2.0,2,86.98,0.0,Travel agent,Cancelled,2
SYN-B002183,2024-06-15,2024-07-25,2024-07-26,SYN-FAM-01,Family,4.0,1,189.41,189.41,Direct,Completed,40
SYN-B002909,2025-01-12,2025-02-07,2025-02-08,SYN-STA-07,Standard,2.0,1,71.1,71.1,Direct,Completed,26
SYN-B003868,2025-09-16,2025-09-20,2025-09-24,SYN-STA-09,Standard,1.0,4,95.08,380.32,Online travel agency,Completed,4
SYN-B003292,2025-05-12,2025-05-23,2025-05-25,SYN-STA-07,Standard,1.0,2,90.7,181.4,Travel agent,Completed,11
SYN-B003694,2025-07-30,2025-08-15,2025-08-21,SYN-STA-10,Standard,1.0,6,114.35,686.1,Travel agent,Completed,16
SYN-B000223,2023-03-23,2023-03-26,2023-03-28,SYN-STA-05,Standard,2.0,2,72.15,144.3,Direct,Completed,3
SYN-B002548,2024-09-27,2024-10-04,2024-10-06,SYN-STA-08,Standard,1.0,2,86.17,0.0,Online travel agency,Cancelled,7
SYN-B000030,2022-12-29,2023-01-14,2023-01-19,SYN-STA-04,Standard,2.0,5,65.78,328.9,Direct,Completed,16
SYN-B002081,2024-06-20,2024-07-04,2024-07-07,SYN-FAM-01,Family,3.0,3,199.44,598.32, online travel agency ,Completed,14
SYN-B003910,2025-08-21,2025-09-29,2025-10-04,SYN-STA-04, standard ,1.0,5,79.42,397.1,Online travel agency,Completed,39
SYN-B000613,2023-05-02,2023-06-18,2023-06-21,SYN-DEL-03, deluxe ,2.0,3,140.92,422.76,Online travel agency,Completed,47
